tumor_tissue_site,histological_type,other_dx,gender,vital_status,days_to_birth,days_to_last_known_alive,days_to_death,days_to_last_followup,race_list,bcr_patient_barcode,tissue_source_site,patient_id,bcr_patient_uuid,history_of_neoadjuvant_treatment,informed_consent_verified,icd_o_3_site,icd_o_3_histology,icd_10,tissue_prospective_collection_indicator,tissue_retrospective_collection_indicator,days_to_initial_pathologic_diagnosis,age_at_initial_pathologic_diagnosis,year_of_initial_pathologic_diagnosis,history_ionizing_rt_to_head,person_neoplasm_cancer_status,day_of_form_completion,month_of_form_completion,year_of_form_completion,ethnicity,performance_status_scale_timing,radiation_therapy,tumor_location,neoplasm_histologic_grade,supratentorial_localization,seizure_history,laterality,headache_history,mental_status_changes,visual_changes,sensory_changes,motor_movement_changes,first_presenting_symptom,first_presenting_symptom_longest_duration,asthma_history,eczema_history,hay_fever_history,mold_or_dust_allergy_history,first_diagnosis_age_asth_ecz_hay_fev_mold_dust,food_allergy_history,food_allergy_types,first_diagnosis_age_of_food_allergy,animal_insect_allergy_history,animal_insect_allergy_types,first_diagnosis_age_of_animal_insect_allergy,preoperative_corticosteroids,preoperative_antiseizure_meds,family_history_of_cancer,family_history_of_primary_brain_tumor,ldh1_mutation_tested,ldh1_mutation_test_method,ldh1_mutation_found,inherited_genetic_syndrome_found,inherited_genetic_syndrome_result,karnofsky_performance_score,eastern_cancer_oncology_group,days_to_performance_status_assessment,postoperative_rx_tx,primary_therapy_outcome_success,new_tumor_events,drugs,radiations,follow_ups
Central nervous system,Astrocytoma,No,FEMALE,Alive,-11509,,,143,WHITE,TCGA-CS-4938,CS,4938,334f715e-08dc-4a29-b8e4-b010b829c478,No,YES,C71.9,Mar-00,C71.9,NO,YES,0,31,2005,NO,,15,2,2012,NOT HISPANIC OR LATINO,Preoperative,,"Supratentorial, Frontal Lobe",G2,Cerebral Cortex,YES,Right,NO,NO,NO,NO,NO,Seizures,> 181 Days,NO,NO,NO,NO,,NO,,,YES,"Dog, Cat",12 - 20 Years,NO,NO,YES,YES,NO,,,,,90,1,-1,,,,,,TCGA-CS-4938-F215532ad8c8a7-ddb6-4ff1-8979-5416917b0504AliveStable Disease143NOWITH TUMOR1522012Scheduled Follow-up SubmissionNONOTCGA-CS-4938-F715592BB62B6E-5B25-4708-A1F6-4382BB3B4FA5NOAlive3574WITH TUMOR3032015Stable Disease
Central nervous system,Astrocytoma,No,MALE,Dead,-24578,,234,,WHITE,TCGA-CS-4941,CS,4941,fc222f23-b3b2-4ac0-bc61-e8e8fa5cc160,No,YES,C71.9,Mar-01,C71.9,NO,YES,0,67,2005,NO,WITH TUMOR,5,4,2011,NOT HISPANIC OR LATINO,Preoperative,,"Supratentorial, Frontal Lobe",G3,Cerebral Cortex,,Right,YES,,,,,Headaches,0 - 30 Days,NO,NO,NO,NO,,NO,,,NO,,,,,,,NO,,,NO,,90,1,77,,,,1TCGA-CS-4941-D193255fa9ba75-3196-4fba-a773-77e500473c2fmgmgChemotherapyTemodarADJUVANTPONO8122011,TCGA-CS-4941-R100262b1b8923-2a20-4029-8e45-20b77daa392a108122OTHERXRT3850cGy11Primary Tumor FieldPROGRESSIONNO31632011TCGA-CS-4941-R19324a59d4616-3446-4fd9-b6a5-2df4a1e025bc2467EXTERNAL BEAM66cGy30Primary Tumor FieldADJUVANTNO28122011,TCGA-CS-4941-F10024b217ab88-fe6e-4503-9f17-a4a6265b71a3DeadStable Disease234YES9YES77WITH TUMORNOYES1632011901Post-Adjuvant TherapyProgressive DiseaseYESYES82NO77
Central nervous system,Astrocytoma,No,FEMALE,Dead,-16297,,1335,,BLACK OR AFRICAN AMERICAN,TCGA-CS-4942,CS,4942,230f5fa7-aa36-41ea-b40b-08f520767bd5,No,YES,C71.9,Mar-01,C71.9,NO,YES,0,44,2006,NO,WITH TUMOR,15,3,2011,,Preoperative,,"Supratentorial, Frontal Lobe",G3,White Matter,YES,Right,NO,YES,NO,YES,YES,Mental Status Changes,0 - 30 Days,NO,NO,NO,NO,,NO,,,NO,,,NO,NO,NO,NO,NO,,,NO,,90,1,-21,,,,TCGA-CS-4942-D17619c4d4f444-f628-43f4-8983-ff68f99b4bb04800mg800mg612411260ChemotherapyAvastinPROGRESSIONIVNO19102011,TCGA-CS-4942-R176206df5cffd-413e-459e-84a1-31b55e9540a1146187EXTERNAL BEAM50.4cGyPrimary Tumor FieldADJUVANTNO19102011TCGA-CS-4942-R178877cde2a29-e1f0-411e-8417-a7e388d5b27d12051205RADIOISOTOPE30cGy10Local RecurrenceRECURRENCENO227102011,TCGA-CS-4942-F102109efeae87-9e38-4c3d-b927-73c57986d68cDeadProgressive Disease1335YES1184YES1189WITH TUMORYESYES1432011702PreoperativeProgressive DiseaseNOYES1226NO1189
Central nervous system,Astrocytoma,No,MALE,Alive,-13565,,,481,WHITE,TCGA-CS-4943,CS,4943,952dfd5d-e65a-4307-b6a9-2ed2b0d2d9ce,No,YES,C71.9,Mar-01,C71.9,NO,YES,0,37,2009,NO,WITH TUMOR,16,3,2011,,Preoperative,,"Supratentorial, Frontal Lobe",G3,Cerebral Cortex,YES,Left,YES,,,,,Seizures,> 181 Days,,,,,,,,,,,,,YES,,,NO,,,,,50,4,9,,,,TCGA-CS-4943-D10215442c5dd3-d3e9-4c63-8979-b2db1ad4b768408ChemotherapyTemodarADJUVANTPOYES1242011,,TCGA-CS-4943-F103240d866ea1-a604-4de4-996b-40d88d3705e1Alive552NOWITH TUMOR1242011504PreoperativeYESNO9TCGA-CS-4943-F715492D40131D-7718-4D0A-AACA-F72DAADCACDENODead11062632015
Central nervous system,Astrocytoma,No,MALE,Alive,-18494,,,323,WHITE,TCGA-CS-4944,CS,4944,64cd17eb-c778-45e9-b994-02b68182e51b,No,YES,C71.9,Mar-00,C71.9,NO,YES,0,50,2010,NO,WITH TUMOR,6,4,2011,,Preoperative,,"Supratentorial, Temporal Lobe",G2,Cerebral Cortex,,Right,NO,YES,NO,NO,NO,Mental Status Changes,,,,,,,,,,,,,,,,,NO,,,NO,,90,1,-2,,,,,TCGA-CS-4944-R15819dacd6eea-b85a-40d6-be05-90864da56296EXTERNAL BEAMPrimary Tumor FieldADJUVANT1192011,TCGA-CS-4944-F100628a06709f-b242-476c-91e3-2778cb413a93AliveStable Disease32316320111000Pre-Adjuvant TherapyNOYES251TCGA-CS-4944-F715535A1EE9D3-37E7-4F88-B8BA-C5BD5D349C0BNOAlive1828NOWITH TUMOR3032015Progressive Disease
Central nervous system,Oligodendroglioma,No,FEMALE,Alive,-17460,,,,WHITE,TCGA-CS-5390,CS,5390,c6cf2b8e-40ed-4c9f-8419-d868bd5afe11,No,YES,C71.9,Mar-50,C71.9,NO,YES,0,47,2005,NO,TUMOR FREE,16,3,2011,,Post-Adjuvant Therapy,,"Supratentorial, Parietal Lobe",G2,Cerebral Cortex,NO,Right,,NO,,YES,YES,Sensory Changes,,NO,NO,NO,NO,,,,,,,,NO,,NO,NO,NO,,,,,100,0,1848,,,,1TCGA-CS-5390-D15570db6ba6a3-3a44-4ecb-919e-282d78f1412a300mg886ChemotherapyTemodarADJUVANTPO2582011,TCGA-CS-5390-R15569d9fdf67c-7cde-4591-990f-e9acf2dbd8f42765EXTERNAL BEAM5600cGyPrimary Tumor FieldADJUVANTNO11782011,TCGA-CS-5390-F10070eb4805ac-bf42-42c6-b050-783b4d8b2d7bAliveComplete Remission/ResponseNO13320111000Post-Adjuvant TherapyComplete Remission/ResponseYESYES1848TCGA-CS-5390-F716916F7F0C80-AF49-49AE-B5BB-76D8F2BE8B6DNODeadWITH TUMOR3032015Stable Disease
Central nervous system,Astrocytoma,No,MALE,Alive,-14418,,,857,WHITE,TCGA-CS-5393,CS,5393,e8d3d888-e5fc-4469-ad0b-2c1df6e04790,No,YES,C71.9,Mar-01,C71.9,NO,YES,0,39,2008,YES,TUMOR FREE,16,3,2011,,Preoperative,,"Supratentorial, Temporal Lobe",G3,Cerebral Cortex,NO,Left,YES,NO,NO,NO,NO,Headaches,91 - 180 Days,NO,NO,,,,,,,,,,,NO,,NO,NO,,,,,100,0,-3,,,,TCGA-CS-5393-D15814a037675e-cddc-4cdd-ab75-9221e715ca61mg140mg5ChemotherapyTemodarADJUVANTPONO1882011,TCGA-CS-5393-R15813bd3dcb6d-3e15-4756-ab68-849f8ff4a424EXTERNAL BEAM60cGy30Primary Tumor FieldADJUVANTNO1882011,TCGA-CS-5393-F10073c6689b7e-d6ff-48a7-8f6d-831b0c2ca5e4AliveComplete Remission/Response1222NOTUMOR FREE13320111000Post-Adjuvant TherapyComplete Remission/ResponseYESYES857
Central nervous system,Astrocytoma,No,MALE,Alive,-14920,,,3,WHITE,TCGA-CS-5394,CS,5394,97bf8065-3e7d-4702-a426-24908f4d66a4,No,YES,C71.9,Mar-01,C71.9,NO,YES,0,40,2005,NO,,13,4,2011,,,,"Supratentorial, Frontal Lobe",G3,Cerebral Cortex,YES,Left,NO,NO,NO,NO,NO,Seizures,0 - 30 Days,NO,NO,NO,NO,,NO,,,NO,,,YES,YES,,,,,,,,,,-1,,,,,,TCGA-CS-5394-F10340634883b5-62ce-4373-b103-2113e36fb8f5Alive3WITH TUMOR1442011NONOTCGA-CS-5394-F716928EF7CB92-498C-4E6B-894D-8601FB82C667YESAlive83132015
Central nervous system,Oligodendroglioma,No,MALE,Dead,-15848,,639,,BLACK OR AFRICAN AMERICAN,TCGA-CS-5395,CS,5395,f86fa219-34e9-4812-8edf-2b66d7219779,No,YES,C71.9,Mar-82,C71.9,NO,YES,0,43,2007,NO,WITH TUMOR,13,3,2011,,Preoperative,,"Supratentorial, Parietal Lobe",G2,Cerebral Cortex,,Right,,,,,,,,,,,,,,,,,,,,,,,NO,,,,,90,1,-1,,,,TCGA-CS-5395-D10076f6605382-bfa1-4648-bbe1-4da6295aa7a810780mg980mg11411579ChemotherapyBevacizumabPROGRESSIONIVNO13320111TCGA-CS-5395-D19845135a69bd-6cdb-45f9-b1d7-f698b8fea52amg100mg259ChemotherapyTemodarADJUVANTPONO29122011,TCGA-CS-5395-R159253900f1f9-ef6d-47d9-868b-8d5633ac1bc060119EXTERNAL BEAM6000cGy30Primary Tumor FieldADJUVANTNO1792011,TCGA-CS-5395-F100752ecd9589-b572-4c74-85ae-d2a7649caac1DeadProgressive Disease639YES287YES287WITH TUMORNONO1332011802PreoperativeProgressive DiseaseYESYES379YES287
Central nervous system,Oligodendroglioma,No,FEMALE,Alive,-19399,,,303,WHITE,TCGA-CS-5396,CS,5396,b6c2c9bd-625b-4a98-830c-49c344f6cb5f,No,YES,C71.9,Mar-51,C71.9,NO,YES,0,53,2010,NO,WITH TUMOR,17,3,2011,NOT HISPANIC OR LATINO,Preoperative,,"Supratentorial, Frontal Lobe",G3,Cerebral Cortex,NO,Right,YES,NO,,,NO,Headaches,,NO,NO,,,,,,,,,,,,YES,YES,NO,,,NO,,90,1,20,,,,1TCGA-CS-5396-D158187b80fb67-5c9f-4889-bab8-a973e53717f1mg360mg39ChemotherapyTemodarADJUVANTPOYES192011,TCGA-CS-5396-R15817a380de2f-964f-434a-8c77-c126a897961c3986EXTERNAL BEAM6000cGyPrimary Tumor FieldADJUVANTNO1192011,TCGA-CS-5396-F10208711a9aa2-29f9-4edf-bcc2-b6fef47b0687AlivePartial Remission/Response303NONOWITH TUMORNO1332011901PreoperativeYESYESNOTCGA-CS-5396-F71560B006275C-7816-4EF9-9D75-D0DEE05D6055NOAlive1631WITH TUMOR3032015Stable Disease
Central nervous system,Astrocytoma,No,FEMALE,Dead,-19866,,194,,WHITE,TCGA-CS-5397,CS,5397,bdfade49-9059-4665-beea-c55117ba6564,No,YES,C71.9,Mar-01,C71.9,NO,YES,0,54,2010,NO,WITH TUMOR,23,9,2011,NOT HISPANIC OR LATINO,Preoperative,,"Supratentorial, Temporal Lobe",G3,Cerebral Cortex,NO,Left,NO,NO,NO,YES,YES,Sensory Changes,,NO,NO,NO,NO,,NO,,,NO,,,NO,NO,YES,NO,NO,,,,,80,1,-1,,,,1TCGA-CS-5397-D17569884d36f1-3c32-4867-8f9f-9f0421d6362bmgmg8ChemotherapyTemodarADJUVANTPONO2392011,TCGA-CS-5397-R175689ddde8ea-270a-41ca-aed1-079f333a0f6e1355EXTERNAL BEAM6000cGyPrimary Tumor FieldADJUVANTNO12392011,TCGA-CS-5397-F175678b60680c-e1ed-4f73-8357-ae7dbf276abaDeadProgressive Disease194NOWITH TUMOR2392011YESYES
Central nervous system,Oligoastrocytoma,No,MALE,Dead,-21321,,538,,WHITE,TCGA-CS-6186,CS,6186,9ee6e821-3af2-42d7-9d14-f0ca455f338c,No,YES,C71.9,Mar-82,C71.9,NO,YES,0,58,2009,NO,WITH TUMOR,18,11,2011,NOT HISPANIC OR LATINO,Preoperative,,"Supratentorial, Frontal Lobe",G3,Cerebral Cortex,YES,Right,NO,NO,NO,NO,NO,Seizures,0 - 30 Days,NO,NO,NO,NO,,NO,,,NO,,,NO,NO,NO,NO,NO,,,NO,,90,1,-1,,,,1TCGA-CS-6186-D186450799781a-105d-437e-afb2-6381b42c5e39mg100mg146188ChemotherapyTemodarADJUVANTPONO181120112TCGA-CS-6186-D18648dd8b100d-1cdd-436e-af4e-d2b268c97f3c6720mg840mg8444512ChemotherapyAvastinRECURRENCEIVNO18112011,TCGA-CS-6186-R18641a5bba276-a594-4020-8eb1-6efe3fe4afbd251266EXTERNAL BEAM35cGy10Primary Tumor FieldPROGRESSIONNO118112011TCGA-CS-6186-R20336e19a4169-bc2b-48a3-a5b3-a58521238c8d2264EXTERNAL BEAM60cGy30Primary Tumor FieldADJUVANTNO1912012,TCGA-CS-6186-F18628c5e1f0e5-935a-4953-9be3-5d333bcefd96DeadProgressive Disease538YES188YES213WITH TUMORYESYES18112011Scheduled Follow-up Submission801Post-Adjuvant TherapyProgressive DiseaseYESYES212NO
Central nervous system,Astrocytoma,No,MALE,Alive,-17729,,,725,WHITE,TCGA-CS-6188,CS,6188,3f70c3e3-0131-466f-92aa-0a63ab3d4258,No,YES,C71.9,Mar-01,C71.9,NO,YES,0,48,2009,NO,WITH TUMOR,23,9,2011,NOT HISPANIC OR LATINO,Preoperative,,"Supratentorial, Temporal Lobe",G3,Cerebral Cortex,YES,Right,NO,NO,NO,NO,NO,Seizures,0 - 30 Days,NO,NO,NO,NO,,NO,,,NO,,,NO,NO,YES,YES,NO,,,,,90,1,-1,,,,1TCGA-CS-6188-D176780d299bff-323c-4529-b028-86571ff11176mg400mg71716ChemotherapyTemodarADJUVANTPONO2392011,TCGA-CS-6188-R176796531e8b8-1017-42e5-b6dc-e45cc304fbff2971EXTERNAL BEAM6000cGy30Primary Tumor FieldADJUVANTNO12392011,TCGA-CS-6188-F1767754a760d3-6ebb-4c37-9cfd-c88c2c6b6d33AliveProgressive Disease725YES647NOWITH TUMORNONO2392011YESYESNOTCGA-CS-6188-F71551C4DB2EE9-0C57-4658-BFA3-40D738808E03NODead8142632015
Central nervous system,Astrocytoma,No,MALE,Alive,-11666,,,546,,TCGA-CS-6290,CS,6290,42fe260f-520b-4fac-8c09-d2b31aed59fb,No,YES,C71.9,Mar-01,C71.9,NO,YES,0,31,2009,NO,,7,9,2011,,Preoperative,,"Supratentorial, Temporal Lobe",G3,Cerebral Cortex,YES,Left,NO,NO,NO,NO,NO,Seizures,0 - 30 Days,NO,NO,NO,NO,,NO,,,NO,,,NO,NO,YES,NO,NO,,,,,90,1,-1,,,,1TCGA-CS-6290-D175664b47d8fe-0c26-4476-9676-c2bcc77004ecmg400mg12504ChemotherapyTemodarADJUVANTPONO13102011,TCGA-CS-6290-R17565d4ef271e-6462-4de8-ba00-eb5baae0362a115EXTERNAL BEAMPrimary Tumor FieldADJUVANTNO113102011,TCGA-CS-6290-F175640786bd8d-9f0e-4497-9725-2f8c6999ce66AliveStable Disease546NOWITH TUMOR13102011YESYESTCGA-CS-6290-F716930F35EB61-F7BB-4020-A48F-292437017227NODead11373032015
Central nervous system,Astrocytoma,Yes,FEMALE,Alive,-18977,,,378,WHITE,TCGA-CS-6665,CS,6665,c16d9f69-26f9-4ec7-b2d5-ff9f7dacfe0f,No,YES,C71.9,Mar-01,C71.9,NO,YES,0,51,2010,NO,WITH TUMOR,24,9,2011,NOT HISPANIC OR LATINO,Preoperative,,"Supratentorial, Temporal Lobe",G3,Cerebral Cortex,YES,Right,NO,NO,NO,NO,NO,Seizures,0 - 30 Days,NO,NO,NO,NO,,YES,Hazelnuts,,NO,,,NO,NO,NO,NO,NO,,,,,90,1,-1,,,,1TCGA-CS-6665-D17574c3b5ee73-099a-47c3-abb8-c0dcca5e0033mg250mg6ChemotherapyTemodarADJUVANTPOYES13102011,TCGA-CS-6665-R175738644dbf7-d4e8-4287-b54d-b6d065a314c32269EXTERNAL BEAM59.4cGy33Primary Tumor FieldADJUVANTNO113102011,TCGA-CS-6665-F17572271af954-7138-45e7-b648-fd33718d201eAliveStable Disease378NOWITH TUMOR13102011YESYESTCGA-CS-6665-F7156105873FC2-528A-4B98-9E96-5AB567DC84FFNOAliveStable Disease1568WITH TUMOR3032015Stable Disease
Central nervous system,Astrocytoma,No,MALE,Alive,-8340,,,258,WHITE,TCGA-CS-6666,CS,6666,8cba230b-46db-4d35-8123-3879eba32402,No,YES,C71.9,Mar-01,C71.9,NO,YES,0,22,2010,NO,WITH TUMOR,24,9,2011,NOT HISPANIC OR LATINO,Preoperative,,"Supratentorial, Parietal Lobe",G3,Cerebral Cortex,NO,Right,YES,NO,NO,NO,NO,Headaches,,NO,NO,NO,NO,,NO,,,NO,,,NO,NO,YES,NO,NO,,,,,90,1,-1,,,,1TCGA-CS-6666-D17578e4bada7d-4627-43bb-9c13-8188395833admgmg32ChemotherapyTemodarADJUVANTPOYES2492011,TCGA-CS-6666-R175793d9002a8-63ef-4d97-beb6-0941ed9f586c78EXTERNAL BEAM59.4cGyPrimary Tumor FieldADJUVANTNO113102011,TCGA-CS-6666-F1757719fe5289-f597-4775-bdb3-bbfd696290cfAliveStable Disease258NOWITH TUMOR2492011YESYESTCGA-CS-6666-F7156202F1355A-8BB3-411F-9A9B-3DD296E3ED2FNOAliveComplete Remission/Response1428NOTUMOR FREE3032015Complete Remission/Response
Central nervous system,Astrocytoma,No,FEMALE,Alive,-14375,,,230,WHITE,TCGA-CS-6667,CS,6667,ae081e4a-efa9-4b52-b15e-29085c0612d3,No,YES,C71.9,Mar-00,C71.9,NO,YES,0,39,2010,NO,WITH TUMOR,24,9,2011,NOT HISPANIC OR LATINO,Preoperative,,"Supratentorial, Parietal Lobe",G2,Cerebral Cortex,NO,Left,NO,NO,NO,YES,YES,Motor/Movement Changes,91 - 180 Days,NO,NO,YES,YES,,NO,,,NO,,,NO,NO,YES,NO,NO,,,,,90,1,-1,,,,,TCGA-CS-6667-R17582f94c2f72-3441-4592-83d8-38777b0f18752056EXTERNAL BEAMcGy27Primary Tumor FieldADJUVANTNO12492011,TCGA-CS-6667-F1758183b966e9-54f5-4f4a-9543-ce8cbf7c3d4eAliveStable Disease230NOWITH TUMOR182011NOYESTCGA-CS-6667-F715632844E39E-9AC6-4776-9255-9894744DE265NOAliveStable Disease1469WITH TUMOR3032015Stable Disease
Central nervous system,Oligodendroglioma,No,FEMALE,Alive,-20836,,,244,WHITE,TCGA-CS-6668,CS,6668,a5d3f3fb-6541-419d-b47e-720d438f1bff,No,YES,C71.9,Mar-50,C71.9,NO,YES,0,57,2011,NO,WITH TUMOR,24,9,2011,NOT HISPANIC OR LATINO,Preoperative,,"Supratentorial, Frontal Lobe",G2,Cerebral Cortex,YES,Left,NO,NO,NO,NO,YES,Seizures,> 181 Days,NO,NO,NO,NO,,NO,,,NO,,,NO,NO,YES,NO,NO,,,,,90,1,-1,,,,1TCGA-CS-6668-D17586ae31a013-3c31-42fe-9b59-da0d0280a6fcmgmg27ChemotherapyTemodarADJUVANTPOYES2492011,,TCGA-CS-6668-F175850784086b-0ae3-44bb-9026-2b201eefc939AliveStable Disease244NOWITH TUMOR2492011YESNOTCGA-CS-6668-F71564ED411370-989E-4FBB-8752-316230C7BB72NOAliveStable Disease1519WITH TUMOR3032015Stable Disease
Central nervous system,Oligodendroglioma,No,FEMALE,Alive,-9809,,,225,WHITE,TCGA-CS-6669,CS,6669,dc5bdd21-b23f-400e-bbe2-4c98a517fc9e,No,YES,C71.9,Mar-50,C71.9,NO,YES,0,26,2011,NO,WITH TUMOR,24,9,2011,,Preoperative,,"Supratentorial, Temporal Lobe",G2,Cerebral Cortex,YES,Right,YES,NO,NO,NO,NO,Headaches,31 - 90 Days,NO,NO,NO,NO,,NO,,,NO,,,NO,NO,YES,NO,NO,,,,,90,1,0,,,,1TCGA-CS-6669-D175903f8e0599-a4ec-47cd-8894-5db97c17437cmgmg30ChemotherapyTemodarADJUVANTPOYES2492011,,TCGA-CS-6669-F175899b9c3ee4-c1fe-4d40-9138-c4460fa8f867AliveStable Disease225NOWITH TUMOR2492011YESNOTCGA-CS-6669-F71567815C0801-FF73-48CA-B168-F547F8B2D8C8NOAliveStable Disease1494WITH TUMOR3032015Stable Disease
Central nervous system,Oligodendroglioma,Yes,MALE,Alive,-16066,,,201,WHITE,TCGA-CS-6670,CS,6670,60b30a95-3e4c-413a-9de6-16a5bca163c4,Yes,YES,C71.9,Mar-51,C71.9,,,0,43,2011,NO,WITH TUMOR,5,1,2012,NOT HISPANIC OR LATINO,,,"Supratentorial, Temporal Lobe",G3,Cerebral Cortex,NO,Right,YES,NO,NO,NO,NO,Headaches,31 - 90 Days,NO,NO,NO,NO,,NO,,,NO,,,NO,NO,NO,NO,NO,,,,,,,,,,,"4TCGA-CS-6670-D1994699349bbe-c046-49b0-a59f-b228a4426aaemg160mg68201ChemotherapyTemodarADJUVANTPONO5120123TCGA-CS-6670-D19945ac52a959-5315-4264-9d65-a69cafb15e1a4mg2mg2-49-30ChemotherapyVinblastineOTHER, SPECIFY IN NOTESNeo-AdjuvantIVNO5120122TCGA-CS-6670-D1994425b4ae45-fb44-43d8-8cf3-95b10f64f46c5000mg1000mg5-325-227ChemotherapyAvastinOTHER, SPECIFY IN NOTESNeo-AdjuvantIVNO512012",TCGA-CS-6670-R199425c72a096-4f97-4be6-b0c8-942971a00dab75117EXTERNAL BEAMcGy30Primary Tumor FieldADJUVANTNO5512012,TCGA-CS-6670-F19941fe45d94e-c21a-489d-8f79-00788ffe5374Alive201NOWITH TUMOR512012YESTCGA-CS-6670-F71568C1362E4E-22D7-4D8E-A0AA-3468D90992FCNOAlive1426WITH TUMOR3032015Progressive Disease
Central nervous system,Oligoastrocytoma,No,FEMALE,Alive,-13904,,,2977,WHITE,TCGA-DB-5270,DB,5270,b7cd3b44-ef6a-4207-a44f-14f5b3b56ed4,No,YES,C71.0,Mar-82,C71.0,NO,YES,0,38,2002,NO,TUMOR FREE,3,5,2011,NOT HISPANIC OR LATINO,,,"Supratentorial, Frontal Lobe",G3,Cerebral Cortex,YES,Left,NO,NO,NO,NO,NO,Seizures,0 - 30 Days,NO,NO,NO,NO,,NO,,,YES,Bee/Wasp,,NO,YES,,NO,NO,,,NO,,,,,,,,1TCGA-DB-5270-D142138ec0b3e1-0428-4a80-97a0-39638ce7d9441080mg200mg/m23761917ChemotherapyBCNURECURRENCEIVNO2272011,TCGA-DB-5270-R1421100afb91c-fc75-41cf-8d6b-8b24dfaf1e8c761806EXTERNAL BEAM5940cGy33Primary Tumor FieldRECURRENCENO12272011,TCGA-DB-5270-F4282900DEBF96-99E9-455F-AA34-9778258E5C41NOAliveComplete Remission/Response3733NOTUMOR FREE152013Scheduled Follow-up SubmissionComplete Remission/ResponseNONO
Central nervous system,Astrocytoma,No,MALE,Alive,-12152,,,1809,WHITE,TCGA-DB-5273,DB,5273,ae2db022-eb4f-4b65-89b6-9fd4439ddeef,No,YES,C71.0,Mar-01,C71.0,NO,YES,0,33,2006,NO,TUMOR FREE,3,5,2011,NOT HISPANIC OR LATINO,,,"Supratentorial, Frontal Lobe",G3,Cerebral Cortex,YES,Right,NO,NO,NO,NO,YES,Seizures,0 - 30 Days,NO,NO,NO,NO,,NO,,,NO,,,NO,YES,NO,NO,NO,,,NO,,,,,,,,1TCGA-DB-5273-D14441550b69bc-23b1-44c5-be57-7ecb3c5808a712450mg200mg/m2674302ChemotherapyTemodarADJUVANTPONO720111TCGA-DB-5273-D142500639f52e-b0e8-4d1f-b84f-1f89647234c76720mg75mg/m261774ChemotherapyTemodarADJUVANTPONO2272011,TCGA-DB-5273-R14243081e2e6c-b7b1-41ac-9ebd-6809e42764ab1769EXTERNAL BEAM5940cGy33Primary Tumor FieldADJUVANTNO12272011,TCGA-DB-5273-F42830BAD1B51F-5A85-4E0F-979B-99FD7B73E07DNOAliveComplete Remission/Response2493NO152013Scheduled Follow-up SubmissionComplete Remission/ResponseYESYES
Central nervous system,Oligoastrocytoma,No,FEMALE,Alive,-13680,,,1726,WHITE,TCGA-DB-5274,DB,5274,0b54cda4-7568-481e-b0c6-2c5c6de0026c,No,YES,C71.0,Mar-82,C71.0,NO,YES,0,37,2006,NO,TUMOR FREE,30,6,2011,NOT HISPANIC OR LATINO,Preoperative,,"Supratentorial, Frontal Lobe",G3,Cerebral Cortex,NO,Left,YES,NO,NO,NO,NO,Headaches,31 - 90 Days,NO,NO,NO,NO,,NO,,,,,,YES,YES,NO,NO,,,,NO,,80,1,12,,,,1TCGA-DB-5274-D144229f32c049-4894-4377-a066-ae609c40a0ef10800mg200mg/m2698270ChemotherapyTemodarADJUVANTPONO22720111TCGA-DB-5274-D14421c7e43fb6-4054-47f5-b360-9c8c0357383e5670mg75mg/m265298ChemotherapyTemodarADJUVANTPONO2272011,TCGA-DB-5274-R142395752da23-01db-449c-a9f0-80fab105694d5191EXTERNAL BEAM6000cGy30Primary Tumor FieldADJUVANTNO12272011,TCGA-DB-5274-F42834081411FB-911E-4C6F-809A-10D4CB0F9472NOAliveComplete Remission/Response2289NOTUMOR FREE152013Scheduled Follow-up SubmissionComplete Remission/ResponseYESYES
Central nervous system,Oligoastrocytoma,No,MALE,Alive,-13371,,,1458,WHITE,TCGA-DB-5275,DB,5275,bbfb5399-8d43-4b75-bf90-23ec142697d7,No,YES,C71.0,Mar-82,C71.0,NO,YES,0,36,2006,NO,TUMOR FREE,30,6,2011,NOT HISPANIC OR LATINO,,,"Supratentorial, Temporal Lobe",G3,Cerebral Cortex,NO,Right,YES,YES,NO,NO,NO,Headaches,,NO,NO,NO,NO,,YES,lactose containing products,,NO,,,NO,NO,NO,NO,,,,NO,,,,,,,,1TCGA-DB-5275-D14426e91c5836-1333-44d8-960e-24db52d231d96300mg75mg/m2672129ChemotherapyTemodarADJUVANTPONO22720111TCGA-DB-5275-D14430cb6f0480-725d-4ef7-979e-e0f5799383bd14000mg200mg/m27129359ChemotherapyTemodarADJUVANTPONO2272011,TCGA-DB-5275-R14241d1e69f86-4491-4cbf-b37f-4fa4ff002d4572114EXTERNAL BEAM6000cGy30Primary Tumor FieldADJUVANTNO12272011,TCGA-DB-5275-F42827368BCE13-8513-48CC-90B3-950B84885368YESAliveComplete Remission/Response1458152013Scheduled Follow-up SubmissionYESYESTCGA-DB-5275-F6739147AF9BF7-ED03-417E-BDCE-CC5AC12A0E32YESComplete Remission/Response4112014Scheduled Follow-up SubmissionYESYES
Central nervous system,Oligoastrocytoma,No,MALE,Alive,-11738,,,1595,WHITE,TCGA-DB-5276,DB,5276,9d0c1552-00a7-4f0a-a04a-a82e721ee4e3,No,YES,C71.0,Mar-82,C71.0,NO,YES,0,32,2007,NO,TUMOR FREE,22,7,2011,NOT HISPANIC OR LATINO,,,"Supratentorial, Frontal Lobe",G3,Cerebral Cortex,YES,Left,NO,NO,NO,NO,NO,Seizures,0 - 30 Days,NO,NO,NO,NO,,NO,,,,,,YES,YES,NO,NO,,,,NO,,,,,,,,1TCGA-DB-5276-D14435cf5efc36-9230-4008-a50c-1f5d89ca5c649000mg200mg/m2669283ChemotherapyTemodarADJUVANTPONO720111TCGA-DB-5276-D14433d0517edd-ec4b-4404-a060-e8fe197821406510mg75mg/m261269ChemotherapyTemodarADJUVANTPONO720112TCGA-DB-5276-D15525a0a1954b-de5b-479d-92f5-dcab0a809a1d600mg610111189Targeted Molecular therapyGleevecPROGRESSIONPONO22820112TCGA-DB-5276-D155279509ff37-b028-4b82-8039-a62706ff87c8300mg511961342Targeted Molecular therapyGleevecPROGRESSIONPONO2282011,TCGA-DB-5276-R14242e902b2f8-abc9-47e4-8823-946192c2de1b1267EXTERNAL BEAM5800cGy29Primary Tumor FieldADJUVANTNO12272011,TCGA-DB-5276-F42832138C59E8-E941-4456-AC94-188D121ECC08NOAliveComplete Remission/Response2218NOTUMOR FREE152013Scheduled Follow-up SubmissionComplete Remission/ResponseYESYES
Central nervous system,Astrocytoma,No,MALE,Alive,-12725,,,1419,WHITE,TCGA-DB-5277,DB,5277,d05079f2-9883-46e6-ad06-9e561f08d819,No,YES,C71.0,Mar-01,C71.0,NO,YES,0,34,2007,NO,WITH TUMOR,22,7,2011,NOT HISPANIC OR LATINO,,,"Supratentorial, Frontal Lobe",G3,Cerebral Cortex,YES,Left,YES,NO,NO,NO,NO,Seizures,0 - 30 Days,NO,YES,YES,YES,,YES,seafood,,,,,NO,YES,YES,NO,,,,NO,,,,,,,,1TCGA-DB-5277-D14420cbc335aa-955f-443f-b8db-b8466075d2e39900mg110mg/m2991361ChemotherapyTemodarADJUVANTPONO22720111TCGA-DB-5277-D14419b8d13d9f-90f4-43c2-b5fc-2f55941c5b205250mg75mg/m2/day52761ChemotherapyTemodarADJUVANTPONO22720112TCGA-DB-5277-D155249adc1973-ccc6-446b-a88e-66582277fa98mg11171239ChemotherapyTemozolamidePROGRESSIONPONO2282011,TCGA-DB-5277-R14240a1357bc4-a680-4eff-b1cc-ddd88b81696f2671EXTERNAL BEAM5940cGy33Primary Tumor FieldADJUVANTNO12272011TCGA-DB-5277-R1552342d6b46b-23d8-44e2-9da5-74d3bd2d50e61148EXTERNAL BEAM5600cGyRegional sitePROGRESSIONNO22282011,TCGA-DB-5277-F42826765F3A87-86CD-411A-8BD8-D62C04417C2ANODeadComplete Remission/Response1547YES1156NOWITH TUMORYESYES152013Scheduled Follow-up SubmissionProgressive DiseaseYESYES
Central nervous system,Oligodendroglioma,No,MALE,Alive,-6480,,,1526,WHITE,TCGA-DB-5278,DB,5278,010aac75-3bfe-4bf2-b866-af0f2d92f125,No,YES,C71.0,Mar-50,C71.0,NO,YES,0,17,2007,NO,WITH TUMOR,22,7,2011,NOT HISPANIC OR LATINO,,,"Supratentorial, Frontal Lobe",G2,Cerebral Cortex,YES,Left,NO,YES,NO,NO,YES,Seizures,> 181 Days,NO,NO,NO,NO,,NO,,,NO,,,NO,YES,NO,NO,,,,NO,,,,,,,,,TCGA-DB-5278-R14238f15293c5-c966-4bfe-a15f-40d926e6aa86866903EXTERNAL BEAM5040cGy28Primary Tumor FieldPROGRESSIONNO12272011,TCGA-DB-5278-F142325a466d77-8d24-4dfe-a5ea-7e01088a5c4bAliveStable Disease1526YES507YES507WITH TUMORNOYES2272011Additional New Tumor EventStable DiseaseNONONOTCGA-DB-5278-F673931F698A07-82BB-4D75-9329-2A0A9F3EE1B4NOAliveStable Disease2772NO7112014Scheduled Follow-up SubmissionNONO
Central nervous system,Oligodendroglioma,No,MALE,Alive,-21908,,,1354,,TCGA-DB-5279,DB,5279,85f77526-791e-47cd-904d-d1dbb49eaeab,No,YES,C71.0,Mar-50,C71.0,NO,YES,0,59,2007,NO,TUMOR FREE,22,7,2011,,,,"Supratentorial, Frontal Lobe",G2,Cerebral Cortex,YES,Right,NO,NO,NO,NO,NO,Seizures,> 181 Days,NO,NO,NO,NO,,NO,,,NO,,,YES,YES,NO,NO,,,,NO,,,,,,,,,TCGA-DB-5279-R144400cdb8e6d-d726-4867-aa2d-6590d7dbd574773811EXTERNAL BEAM5600cGy28Primary Tumor FieldPROGRESSIONNO12272011,TCGA-DB-5279-F42833EA9E13A8-9410-4718-B981-5230475F2A0BNOAliveComplete Remission/Response1354YES695NOTUMOR FREENOYES152013Scheduled Follow-up SubmissionPartial Remission/ResponseNONOTCGA-DB-5279-F67396F6748453-8698-495F-B546-37F0FDFE3E5DYESComplete Remission/Response4112014Scheduled Follow-up SubmissionComplete Remission/ResponseNONO
Central nervous system,Oligoastrocytoma,No,MALE,Alive,-15836,,,404,WHITE,TCGA-DB-5280,DB,5280,4797c600-f024-42fe-b287-d919b24dcb79,No,YES,C71.0,Mar-82,C71.0,NO,YES,0,43,2007,NO,TUMOR FREE,23,7,2011,NOT HISPANIC OR LATINO,,,"Supratentorial, Frontal Lobe",G2,Cerebral Cortex,YES,Right,NO,NO,NO,NO,NO,Seizures,0 - 30 Days,NO,NO,NO,NO,,NO,,,NO,,,NO,YES,NO,NO,,,,NO,,,,,,,,,,TCGA-DB-5280-F428318E9057ED-5296-44E9-8615-10D99718111DNOAliveComplete Remission/Response1112NOTUMOR FREE152013Scheduled Follow-up SubmissionComplete Remission/ResponseNONO
Central nervous system,Oligoastrocytoma,No,MALE,Alive,-22342,,,1614,WHITE,TCGA-DB-5281,DB,5281,15a6ad18-a81c-4f5b-80ae-ef56ccf722f9,No,YES,C71.0,Mar-82,C71.0,NO,YES,0,61,2006,NO,WITH TUMOR,24,7,2011,NOT HISPANIC OR LATINO,,,"Supratentorial, Frontal Lobe",G3,"Deep Gray (e.g.basal ganglia, thalamus)",YES,Left,NO,YES,NO,NO,NO,Seizures,91 - 180 Days,NO,NO,NO,NO,,NO,,,NO,,,NO,YES,NO,NO,NO,,,NO,,,,,,,,1TCGA-DB-5281-D14439e7a75c37-6dc9-4fce-8b89-f4421fbc89c112000mg200mg/m2695276ChemotherapyTemodarADJUVANTPONO720111TCGA-DB-5281-D14437dbd42c32-58ee-4ce6-a5fa-26fabdb20c196300mg75mg/m262595ChemotherapyTemodarADJUVANTPONO2272011,TCGA-DB-5281-R14244dc0c4be2-9541-4746-8957-c94db68d808e2569EXTERNAL BEAM5940cGy33Primary Tumor FieldADJUVANTNO12272011,TCGA-DB-5281-F42828F80FF393-16E9-4239-87B2-06B6F50A4F0ENOAliveStable Disease2381NOWITH TUMOR152013Scheduled Follow-up SubmissionStable DiseaseYESYES
Central nervous system,Oligoastrocytoma,No,FEMALE,Alive,-12131,,,915,WHITE,TCGA-DB-A4X9,DB,A4X9,5E0748F1-990B-43A9-9FF1-6A667CC228A8,No,YES,C71.2,Mar-82,C71.2,YES,NO,0,33,2010,NO,TUMOR FREE,21,2,2013,NOT HISPANIC OR LATINO,,NO,"Supratentorial, Temporal Lobe",G2,Cerebral Cortex,YES,Left,NO,NO,NO,NO,NO,Seizures,> 181 Days,NO,NO,NO,NO,,,,,,,,NO,YES,YES,NO,YES,IHC,YES,NO,,,,,NO,Complete Remission/Response,YES501YES518NONONO,,,TCGA-DB-A4X9-F609418D548802-4FBE-478B-A044-4001DCF174F7NOAliveComplete Remission/Response1412NOTUMOR FREE1962014Scheduled Follow-up SubmissionComplete Remission/ResponseNONO
Central nervous system,Oligoastrocytoma,No,MALE,Alive,-11195,,,313,WHITE,TCGA-DB-A4XA,DB,A4XA,AE61A71E-53A1-4884-A4A6-729744D1C309,No,YES,C71.2,Mar-82,C71.2,YES,NO,0,30,2012,NO,WITH TUMOR,21,2,2013,NOT HISPANIC OR LATINO,,YES,"Supratentorial, Parietal Lobe",G2,Cerebral Cortex,YES,Left,NO,NO,NO,NO,NO,Seizures,> 181 Days,NO,NO,NO,NO,,NO,,,NO,,,NO,YES,NO,NO,YES,IHC,YES,NO,,,,,NO,Stable Disease,NO,,TCGA-DB-A4XA-R405059389F8F3-3490-424A-AD9D-362B6E5467E989128External5400cGy30Primary Tumor FieldNOStable Disease2122013,TCGA-DB-A4XA-F60947509F3547-FF88-4F84-97F9-2DB4906E089DYESAliveStable Disease5731962014Scheduled Follow-up SubmissionNOYES
Central nervous system,Astrocytoma,No,MALE,Alive,-13990,,,387,WHITE,TCGA-DB-A4XB,DB,A4XB,FB6437F9-ADE8-4C33-A0D0-CEACB2BF784D,No,YES,C71.4,Mar-01,C71.4,YES,NO,0,38,2011,NO,TUMOR FREE,21,2,2013,NOT HISPANIC OR LATINO,,YES,"Supratentorial, Parietal Lobe",G3,Cerebral Cortex,YES,Left,NO,NO,NO,NO,NO,Seizures,31 - 90 Days,NO,NO,,,,,,,,,,NO,YES,NO,NO,YES,IHC,YES,NO,,,,,YES,Stable Disease,NO,NOTCGA-DB-A4XB-D4050849B0E615-ABFF-4D27-B8E9-50F9544D9EAA2857ChemotherapyTemodarNOStable Disease2122013,TCGA-DB-A4XB-R40509210D7B03-4774-49B9-862C-35FB7CB5AD722879External5940cGy33Primary Tumor FieldNOStable Disease2222013,TCGA-DB-A4XB-F60944753DEB70-9A2F-4548-B069-6F2A4F484891NOAliveStable Disease919NOTUMOR FREE1962014Scheduled Follow-up SubmissionComplete Remission/ResponseYESYES
Central nervous system,Oligoastrocytoma,"Yes, History of Synchronous/Bilateral Malignancy",MALE,Alive,-9705,,,840,WHITE,TCGA-DB-A4XC,DB,A4XC,33615113-791B-4286-A23A-AD3D1F8D4B09,No,YES,C71.2,Mar-82,C71.2,YES,NO,0,26,2010,NO,TUMOR FREE,21,2,2013,NOT HISPANIC OR LATINO,,YES,"Supratentorial, Temporal Lobe",G2,Cerebral Cortex,YES,Left,NO,NO,NO,NO,NO,Seizures,0 - 30 Days,NO,NO,,,,,,,,,,,,YES,NO,NO,,,NO,,,,,NO,Partial Remission/Response,NO,,TCGA-DB-A4XC-R40468D9564B2D-4BD8-4092-84CD-ECDDE6ABB9D8142191External5940cGy33Primary Tumor FieldNOStable Disease2122013,TCGA-DB-A4XC-F60948F029B0DA-91E3-4DB9-AA52-FDCED115505ENOAlivePartial Remission/Response1421NOTUMOR FREE1962014Scheduled Follow-up SubmissionStable DiseaseNOYES
Central nervous system,Astrocytoma,No,MALE,Alive,-11741,,,822,WHITE,TCGA-DB-A4XD,DB,A4XD,1BFF1E07-4923-43D5-B2D3-CB46B6568EED,No,YES,C71.2,Mar-01,C71.2,YES,NO,0,32,2010,NO,TUMOR FREE,21,2,2013,NOT HISPANIC OR LATINO,,YES,"Supratentorial, Temporal Lobe",G3,Cerebral Cortex,NO,Right,NO,NO,NO,NO,NO,,0 - 30 Days,NO,YES,,,,,,,,,,NO,NO,NO,NO,NO,,,NO,,,,,YES,Complete Remission/Response,NO,NOTCGA-DB-A4XD-D40472031BBEB5-469C-4856-AB64-13746690D8E224291ChemotherapyTemodarNOComplete Response2122013,TCGA-DB-A4XD-R4047353B6D106-00D6-420C-8694-BB3C2D1749DD2469External5890cGy31Primary Tumor FieldNOStable Disease2122013,TCGA-DB-A4XD-F60950D94A5C65-553F-4D10-BACF-88FBB58FD04ANOAliveComplete Remission/Response1210NOTUMOR FREE1962014Scheduled Follow-up SubmissionComplete Remission/ResponseYESYES
Central nervous system,Oligoastrocytoma,No,FEMALE,Alive,-10150,,,573,WHITE,TCGA-DB-A4XE,DB,A4XE,1701F4AD-58C5-40D8-90C4-99E3ACAC0104,No,YES,C71.2,Mar-82,C71.2,YES,NO,0,27,2011,NO,TUMOR FREE,21,2,2013,NOT HISPANIC OR LATINO,Preoperative,YES,"Supratentorial, Temporal Lobe",G3,Cerebral Cortex,YES,Left,NO,NO,NO,NO,NO,Seizures,31 - 90 Days,NO,NO,NO,,,NO,,,NO,,,NO,YES,NO,NO,NO,,,NO,,90,0,294,NO,Complete Remission/Response,NO,,TCGA-DB-A4XE-R40475A242C032-ED33-4697-8E97-3ECB22E7BBE52373External5940cGy33Primary Tumor FieldNOStable Disease2122013,TCGA-DB-A4XE-F6095393A634BB-70DF-4FFF-A0D9-53E2FF401281NOAliveComplete Remission/Response1139NOTUMOR FREE1962014Scheduled Follow-up SubmissionComplete Remission/ResponseNOYES
Central nervous system,Astrocytoma,No,FEMALE,Alive,-15066,,,559,WHITE,TCGA-DB-A4XF,DB,A4XF,40587B69-0F62-4A2A-88CB-1BD711377F19,No,YES,C71.1,Mar-01,C71.1,YES,NO,0,41,2011,NO,WITH TUMOR,21,2,2013,NOT HISPANIC OR LATINO,,YES,"Supratentorial, Frontal Lobe",G3,Cerebral Cortex,YES,Right,YES,NO,NO,NO,NO,Seizures,0 - 30 Days,NO,NO,,,,,,,,,,NO,YES,YES,NO,NO,,,NO,,,,,YES,Stable Disease,YES468NONOYES,NOTCGA-DB-A4XF-D40479C06C881C-FE44-474B-84FC-132007A2C22A34264ChemotherapyTemodarNOStable Disease2122013,TCGA-DB-A4XF-R4048155806992-D6B5-4AC3-A568-BE72DAB71E683474External6000cGy33Primary Tumor FieldNOStable Disease2122013,TCGA-DB-A4XF-F609561A4C3DB8-2034-4460-A326-7995E281CC7DNOAliveStable Disease1021NOTUMOR FREE1962014Scheduled Follow-up SubmissionComplete Remission/ResponseYESYES
Central nervous system,Oligodendroglioma,No,MALE,Alive,-12550,,,2219,WHITE,TCGA-DB-A4XG,DB,A4XG,7704E4A8-C7AA-4288-B1ED-68C23ABBE924,No,YES,C71.1,Mar-51,C71.1,YES,NO,0,34,2006,NO,WITH TUMOR,21,2,2013,NOT HISPANIC OR LATINO,,NO,"Supratentorial, Frontal Lobe",G3,Cerebral Cortex,YES,Right,NO,NO,NO,NO,NO,Seizures,0 - 30 Days,NO,NO,NO,NO,,NO,,,NO,,,,YES,NO,NO,YES,IHC,NO,NO,,,,,YES,Stable Disease,NO,NOTCGA-DB-A4XG-D404914D136088-CEE6-415F-B6C4-EE9883EF46A017322067ChemotherapyTemodarNOStable Disease2122013,,TCGA-DB-A4XG-F60957B1BED398-FE7B-4E03-B96F-F2D0D6592C16YESAliveStable Disease2219WITH TUMOR1962014Scheduled Follow-up SubmissionYESNO
Central nervous system,Oligoastrocytoma,No,FEMALE,Alive,-19710,,,383,WHITE,TCGA-DB-A4XH,DB,A4XH,5CCD86AB-2587-4F35-B96A-4F4320B10FB9,No,YES,C71.1,Mar-82,C71.1,YES,NO,0,53,2011,NO,TUMOR FREE,21,2,2013,NOT HISPANIC OR LATINO,,NO,"Supratentorial, Frontal Lobe",G2,Cerebral Cortex,YES,Left,NO,NO,NO,NO,NO,Seizures,0 - 30 Days,NO,NO,,,,,,,,,,YES,YES,NO,NO,NO,,,NO,,,,,NO,Stable Disease,NO,,,TCGA-DB-A4XH-F609591997DE55-A0CA-450E-B3F7-C0F18130DCF7NOAliveStable Disease962NOTUMOR FREE2272014Scheduled Follow-up SubmissionComplete Remission/ResponseNONO
Central nervous system,Oligodendroglioma,No,FEMALE,Alive,-24690,,,335,WHITE,TCGA-DB-A64L,DB,A64L,DA735A88-D811-49F1-9091-A097C59ED68E,No,YES,C71.0,Mar-50,C71.0,YES,NO,0,67,2012,NO,TUMOR FREE,7,8,2013,NOT HISPANIC OR LATINO,Preoperative,NO,"Supratentorial, Frontal Lobe",G2,Cerebral Cortex,YES,Right,NO,NO,NO,NO,NO,Seizures,0 - 30 Days,NO,NO,NO,NO,,,,,NO,,,,YES,YES,NO,YES,IHC,YES,YES,,70,,8,NO,Complete Remission/Response,NO,,,TCGA-DB-A64L-F6260908BAF95A-E982-4C89-893E-4F554939BEEENOAliveComplete Remission/Response736YES724NOWITH TUMORNONO7112014Scheduled Follow-up SubmissionStable DiseaseNONONO
Central nervous system,Oligoastrocytoma,No,MALE,Alive,-21811,,,573,WHITE,TCGA-DB-A64O,DB,A64O,0536F465-1650-4411-823C-C660BC7F3ADC,No,YES,C71.0,Mar-82,C71.0,YES,NO,0,59,2011,NO,WITH TUMOR,7,8,2013,NOT HISPANIC OR LATINO,,YES,"Supratentorial, Temporal Lobe",G2,Cerebral Cortex,NO,Left,NO,NO,NO,NO,YES,Motor/Movement Changes,91 - 180 Days,NO,NO,NO,,,,,,,,,YES,YES,YES,NO,YES,IHC,NO,NO,,,,,NO,Stable Disease,YES430NONONOYES,NOTCGA-DB-A64O-D46423D1E2E600-66EC-46FA-8AFB-930AD71BBE58461551ChemotherapyTemodarNOStable Disease782013,TCGA-DB-A64O-R4642581260D92-F4A1-4448-A77D-36867F20239C222264External6000cGy30Primary Tumor FieldNOStable Disease782013,TCGA-DB-A64O-F6261033D8CBBF-5F7A-40AD-A399-4E8E0F33F07BYESDeadStable Disease7752272014Scheduled Follow-up SubmissionNOYES
Central nervous system,Oligodendroglioma,No,MALE,Alive,-14936,,,511,WHITE,TCGA-DB-A64P,DB,A64P,12F02422-585D-4068-BBDE-BC279C6A89AB,No,YES,C71.0,Mar-51,C71.0,YES,NO,0,40,2012,NO,TUMOR FREE,7,8,2013,NOT HISPANIC OR LATINO,,NO,"Supratentorial, Frontal Lobe",G3,Cerebral Cortex,YES,Left,NO,NO,NO,NO,NO,Seizures,0 - 30 Days,NO,NO,NO,,,,,,,,,YES,YES,YES,NO,YES,IHC,YES,NO,,,,,YES,Complete Remission/Response,NO,NOTCGA-DB-A64P-D46428E56A1559-9641-454E-9F14-ED00F645D89E36430ChemotherapyTemodarNOStable Disease782013,,TCGA-DB-A64P-F6261216F9C7BF-68E8-4833-9FCF-60B56D6CF169NOAliveComplete Remission/Response916NOTUMOR FREE2272014Scheduled Follow-up SubmissionComplete Remission/ResponseYESNO
Central nervous system,Oligoastrocytoma,No,FEMALE,Alive,-11637,,,182,,TCGA-DB-A64Q,DB,A64Q,887DEF39-E212-490D-8849-2BC932FCEFF0,No,YES,C71.0,Mar-82,C71.0,YES,NO,0,31,2012,NO,WITH TUMOR,7,8,2013,,Preoperative,NO,"Supratentorial, Frontal Lobe",G2,Cerebral Cortex,YES,Left,NO,NO,NO,NO,NO,Seizures,31 - 90 Days,NO,NO,NO,,,,,,,,,NO,YES,NO,NO,YES,IHC,YES,NO,,90,,-3,YES,Stable Disease,NO,NOTCGA-DB-A64Q-D46483016B428B-6EFC-4316-AE5C-9575AB2885A257ChemotherapyTemodarYES782013,,TCGA-DB-A64Q-F626143C186FED-FD9C-48FA-8771-BADADB363934YESAliveStable Disease182NOTUMOR FREE2272014Scheduled Follow-up SubmissionYESNO
Central nervous system,Oligodendroglioma,No,FEMALE,Alive,-8947,,,489,,TCGA-DB-A64R,DB,A64R,67E9B426-72EB-4475-9689-EB75B22C4FD5,No,YES,C71.0,Mar-50,C71.0,YES,NO,0,24,2012,NO,TUMOR FREE,7,8,2013,HISPANIC OR LATINO,Preoperative,NO,"Supratentorial, Frontal Lobe",G2,Cerebral Cortex,YES,Right,NO,NO,NO,NO,NO,Seizures,91 - 180 Days,NO,NO,,,,YES,lactose,,YES,,,NO,YES,NO,NO,YES,IHC,YES,NO,,90,,-6,NO,Complete Remission/Response,NO,,,TCGA-DB-A64R-F626223BEDC66F-7D68-418F-A99D-BFC341FAA55CNOAliveComplete Remission/Response955NOTUMOR FREE4112014Scheduled Follow-up SubmissionComplete Remission/ResponseNONO
Central nervous system,Oligoastrocytoma,No,MALE,Alive,-7389,,,469,WHITE,TCGA-DB-A64S,DB,A64S,66990A9D-8C40-4C56-B931-5C3826C3BC27,No,YES,C71.0,Mar-82,C71.0,YES,NO,0,20,2012,NO,TUMOR FREE,7,8,2013,NOT HISPANIC OR LATINO,Preoperative,NO,"Supratentorial, Frontal Lobe",G2,Cerebral Cortex,NO,,NO,NO,NO,NO,NO,,,NO,NO,NO,,,,,,NO,,,NO,NO,NO,NO,NO,,,NO,,100,,-29,NO,Complete Remission/Response,NO,,,TCGA-DB-A64S-F673516DA0AB24-DCF6-47AC-BBE0-951428A76D50NOAliveComplete Remission/Response835NOTUMOR FREE4112014Scheduled Follow-up SubmissionComplete Remission/ResponseNONO
Central nervous system,Oligoastrocytoma,No,FEMALE,Alive,-14019,,,846,WHITE,TCGA-DB-A64U,DB,A64U,99D396BB-5F51-4EE4-A149-244E8FCAF522,No,YES,C71.0,Mar-82,C71.0,YES,NO,0,38,2011,NO,TUMOR FREE,7,8,2013,NOT HISPANIC OR LATINO,Preoperative,NO,"Supratentorial, Frontal Lobe",G2,Cerebral Cortex,NO,Right,NO,NO,NO,NO,NO,,,NO,NO,NO,NO,,YES,shellfish,,YES,ant stings,,NO,YES,NO,NO,NO,,,NO,,90,,118,NO,Complete Remission/Response,NO,,,TCGA-DB-A64U-F6735320D832BC-3520-4688-9943-77C0E0BFB20AYESComplete Remission/Response4112014Scheduled Follow-up SubmissionNONO
Central nervous system,Oligodendroglioma,No,MALE,Alive,-19950,,,448,WHITE,TCGA-DB-A64V,DB,A64V,176D89D7-F8F1-4A72-B45A-31CBE1632A30,No,YES,C71.0,Mar-50,C71.0,YES,NO,0,54,2012,NO,WITH TUMOR,7,8,2013,NOT HISPANIC OR LATINO,Preoperative,NO,"Supratentorial, Frontal Lobe",G2,Cerebral Cortex,YES,Left,NO,NO,NO,NO,NO,Seizures,0 - 30 Days,NO,NO,NO,,,,,,,,,NO,YES,YES,NO,NO,,,NO,,90,,-17,YES,Stable Disease,NO,NOTCGA-DB-A64V-D46511DACF8EBF-D304-4805-901B-8D708EBB040A20330ChemotherapyTemodarNOStable Disease782013,,TCGA-DB-A64V-F67368F777C61F-6F0C-40BE-85BE-D8546781F0A3NOAliveStable Disease889NOTUMOR FREE4112014Scheduled Follow-up SubmissionComplete Remission/ResponseYESNO
Central nervous system,Oligoastrocytoma,No,FEMALE,Alive,-23936,,,415,WHITE,TCGA-DB-A64W,DB,A64W,DF22BC30-96E2-42DE-9A39-2954DB49841D,No,YES,C71.0,Mar-82,C71.0,YES,NO,0,65,2012,NO,WITH TUMOR,7,8,2013,NOT HISPANIC OR LATINO,Preoperative,YES,"Supratentorial, Frontal Lobe",G3,Cerebral Cortex,YES,Right,NO,NO,NO,NO,NO,Seizures,> 181 Days,NO,NO,,,,,,,,,,YES,YES,,,YES,IHC,YES,NO,,90,,-20,YES,Stable Disease,NO,NOTCGA-DB-A64W-D4650907E285BC-D322-4AB9-8083-F1F3F64A281434274ChemotherapyTemodarNOStable Disease782013,TCGA-DB-A64W-R46508649811CF-0CB8-40D3-91D6-E2B58EADD1AA3479External5940cGy33Primary Tumor FieldNOStable Disease782013,TCGA-DB-A64W-F62623D3CB1ABF-C616-4FFA-905C-9AAD4DF98857NODeadStable Disease438NOTUMOR FREE2272014Scheduled Follow-up SubmissionStable DiseaseYESYES
Central nervous system,Astrocytoma,No,FEMALE,Alive,-20625,,,332,WHITE,TCGA-DB-A64X,DB,A64X,9922DE10-9280-44C0-B86F-6D1CA7E55BF2,No,YES,C71.0,Mar-01,C71.0,YES,NO,0,56,2012,NO,TUMOR FREE,7,8,2013,NOT HISPANIC OR LATINO,Preoperative,YES,"Supratentorial, Frontal Lobe",G3,Cerebral Cortex,NO,Right,NO,NO,NO,NO,YES,Motor/Movement Changes,91 - 180 Days,NO,NO,NO,,,,,,,,,NO,NO,YES,NO,YES,IHC,YES,NO,,90,,-19,YES,Stable Disease,NO,NOTCGA-DB-A64X-D46516640A29D8-5081-47AA-93FE-06A3B488486E53265ChemotherapyTemodarNOStable Disease782013,TCGA-DB-A64X-R46515D710B0D9-1D61-4061-8FB0-7B1B4FA40F835383ExternalPrimary Tumor FieldNOStable Disease782013,TCGA-DB-A64X-F67369155F87B9-244C-41AB-BF60-543BE4C1B697NOAliveStable Disease563NOTUMOR FREE7112014Scheduled Follow-up SubmissionComplete Remission/ResponseYESYES
Central nervous system,Oligoastrocytoma,No,FEMALE,Alive,-20241,,,225,WHITE,TCGA-DB-A75K,DB,A75K,5F853A88-811D-4EB4-914E-D90862C5D2A2,No,YES,C71.0,Mar-82,C71.0,YES,NO,0,55,2013,NO,TUMOR FREE,30,1,2014,NOT HISPANIC OR LATINO,,YES,"Supratentorial, Frontal Lobe",G3,Cerebral Cortex,YES,Right,NO,NO,NO,NO,NO,Seizures,0 - 30 Days,NO,NO,NO,NO,,NO,,,NO,,,,YES,NO,NO,YES,IHC,YES,NO,,,,,YES,Complete Remission/Response,NO,NOTCGA-DB-A75K-D562079F88DDF4-2335-4239-AD47-2B1C426453642864ChemotherapyTemozolomideNOComplete Response3012014,TCGA-DB-A75K-R56208449A6E23-D9F3-4610-8943-AE0782BB5B732873External5949cGy33Primary Tumor FieldNOComplete Response3012014,TCGA-DB-A75K-F676351FCCE610-271F-4A8F-A2AF-4ECBBD159903NOAliveComplete Remission/Response368NOTUMOR FREE7112014Scheduled Follow-up SubmissionComplete Remission/ResponseYESYES
Central nervous system,Astrocytoma,No,FEMALE,Alive,-13338,,,196,WHITE,TCGA-DB-A75L,DB,A75L,BA62B5EB-E169-4B41-B949-E004D66E98A1,No,YES,C71.0,Mar-01,C71.0,YES,NO,0,36,2013,NO,TUMOR FREE,30,1,2014,NOT HISPANIC OR LATINO,Preoperative,YES,"Supratentorial, Frontal Lobe",G3,Cerebral Cortex,YES,Left,NO,NO,NO,NO,NO,Seizures,91 - 180 Days,NO,NO,NO,NO,,YES,lactose intolerance,,NO,,,NO,YES,NO,NO,YES,IHC,YES,NO,,90,,,YES,,NO,NOTCGA-DB-A75L-D562264A9963F5-D17C-456A-8750-B7246AC188A025ChemotherapyTemozolomideYES3012014,TCGA-DB-A75L-R5622802F5FB97-3AE8-4649-B521-E3C8E3E0FB122570External5940cGy33Primary Tumor FieldNOComplete Response3012014,TCGA-DB-A75L-F6763646EE5FFB-0D1C-4A81-BADF-87DC0A292907NOAliveComplete Remission/Response342NOTUMOR FREE7112014Scheduled Follow-up SubmissionComplete Remission/ResponseYESYES
Central nervous system,Astrocytoma,No,MALE,Alive,-17289,,,313,WHITE,TCGA-DB-A75M,DB,A75M,0709DBCC-0828-4066-AA01-96F059E5FA97,No,YES,C71.0,Mar-00,C71.0,YES,NO,0,47,2013,NO,TUMOR FREE,30,1,2014,NOT HISPANIC OR LATINO,,YES,"Supratentorial, Parietal Lobe",G2,Cerebral Cortex,YES,Right,NO,NO,NO,NO,NO,Seizures,> 181 Days,NO,NO,NO,NO,,NO,,,NO,,,NO,YES,YES,NO,YES,Sequence Analysis,YES,NO,,,,,YES,,NO,YESTCGA-DB-A75M-D5623118A2D014-E215-4CAC-BA38-A9A84289DF0447ChemotherapyCDR0000654697E3FO5YES3012014,TCGA-DB-A75M-R562308CBB7949-502D-4EF8-8857-71E121E115CC4784External5040cGy28Primary Tumor FieldNOComplete Response3012014,TCGA-DB-A75M-F67637D5662A52-3931-4845-AA8A-62BE5AD362CENOAliveComplete Remission/Response544NOTUMOR FREE7112014Scheduled Follow-up SubmissionComplete Remission/ResponseYESYES
Central nervous system,Astrocytoma,No,MALE,Alive,-10812,,,935,WHITE,TCGA-DB-A75O,DB,A75O,0C52A842-C220-486E-88DE-8A4FEC5D6A58,No,YES,C71.0,Mar-01,C71.0,YES,NO,0,29,2010,NO,,3,2,2014,NOT HISPANIC OR LATINO,Preoperative,,"Supratentorial, Frontal Lobe",G3,Cerebral Cortex,YES,Left,NO,NO,NO,NO,NO,Seizures,31 - 90 Days,NO,NO,NO,NO,,NO,,,NO,,,NO,YES,NO,NO,NO,,,NO,,90,,,,Partial Remission/Response,,,,TCGA-DB-A75O-F673780BAEB720-45BF-4297-8225-7AB148471E75YESPartial Remission/Response4112014Scheduled Follow-up Submission
Central nervous system,Astrocytoma,No,FEMALE,Alive,-9413,,,116,,TCGA-DB-A75P,DB,A75P,904371B0-1E2C-4CD7-A69D-29AE8C5FEC8B,No,YES,C71.0,Mar-00,C71.0,YES,NO,0,25,2013,NO,TUMOR FREE,3,2,2014,,,NO,"Supratentorial, Temporal Lobe",G2,Cerebral Cortex,YES,Right,NO,NO,NO,NO,NO,Seizures,31 - 90 Days,NO,NO,NO,NO,,NO,,,NO,,,NO,YES,NO,NO,YES,IHC,NO,NO,,,,,NO,Complete Remission/Response,NO,,,TCGA-DB-A75P-F67380CE19F9B8-A169-4C9C-8943-7BAC3D871664NOAliveComplete Remission/Response492NOTUMOR FREE4112014Scheduled Follow-up SubmissionComplete Remission/ResponseNONO
Central nervous system,Oligoastrocytoma,No,FEMALE,Dead,-13943,,607,,WHITE,TCGA-DH-5140,DH,5140,2c03e8b9-8856-43a7-853d-5ec51a6e5330,No,YES,C71.0,Mar-82,C71.0,NO,YES,0,38,2007,NO,WITH TUMOR,8,12,2010,NOT HISPANIC OR LATINO,Other,,"Supratentorial, Temporal Lobe",G3,Cerebral Cortex,NO,Left,YES,NO,NO,NO,NO,Headaches,91 - 180 Days,NO,NO,NO,NO,,NO,,,NO,,,YES,YES,YES,NO,NO,,,,,90,1,259,,,,1TCGA-DH-5140-D6486ee3a53f2-38a0-413a-bede-f2536de84d7e3375mg/m275mg/m2/day15498ChemotherapyTemozolomideADJUVANTPONO171220105TCGA-DH-5140-D64898e430c37-8406-47f8-a618-2744c8b542a12385Targeted Molecular therapyAT 101PROGRESSIONPONO171220102TCGA-DH-5140-D64872528c43a-9af2-43f6-8c9d-e3e5749fdf411000mg/kg200mg/m2/day1136250ChemotherapyTemozolomideADJUVANTPONO171220103TCGA-DH-5140-D6488fb9a572a-d724-4ef3-9bc4-857e31e854062342ChemotherapyBCNU (carmustine)PROGRESSIONIVNO17122010,TCGA-DH-5140-R648511d3ed4a-56ee-4a1a-91f1-b8bdacac22795498EXTERNAL BEAMPrimary Tumor FieldADJUVANTNO117122010,TCGA-DH-5140-F6484a41295f7-4f68-4f98-a986-9a09ec569032DeadProgressive Disease607NOWITH TUMOR8122010901Progressive DiseaseYESYES259
Central nervous system,Oligodendroglioma,No,MALE,Alive,-11846,,,968,WHITE,TCGA-DH-5141,DH,5141,2cf49bac-dea1-45ff-9e1d-09f5a2ac5215,No,YES,C71.0,Mar-51,C71.0,NO,YES,0,32,2005,NO,,17,12,2010,HISPANIC OR LATINO,,,"Supratentorial, Frontal Lobe",G3,Cerebral Cortex,NO,Left,YES,YES,NO,NO,NO,Headaches,,NO,NO,NO,NO,,NO,,,NO,,,YES,YES,YES,NO,NO,,,,,,,,,,,2TCGA-DH-5141-D6519b304c8a9-f632-4a44-8e84-83cc51ce5600ChemotherapyTemozolomideADJUVANTPO171220101TCGA-DH-5141-D6516d266f15b-21b0-4d1a-9585-36f36703aead1890936ChemotherapyTemozolomideADJUVANTPONO17122010,TCGA-DH-5141-R651539dc4cf6-533f-44ff-be35-4fe718dd0be3890936EXTERNAL BEAM5990cGy33Primary Tumor FieldADJUVANTNO117122010,TCGA-DH-5141-F6514fbc28c13-d762-4fda-bcca-c71dad6d2b49AliveStable Disease968NO8122010YESYESTCGA-DH-5141-F66668F949EFBC-4B3F-4E66-AD99-9A6AAB796B10YESAliveStable Disease96822102014Scheduled Follow-up SubmissionYESYES
Central nervous system,Astrocytoma,No,MALE,Alive,-10678,,,922,WHITE,TCGA-DH-5142,DH,5142,5b744051-7355-4e15-b035-0621e709a5d7,No,YES,C71.0,Mar-01,C71.0,NO,YES,0,29,2008,NO,TUMOR FREE,8,12,2010,NOT HISPANIC OR LATINO,Pre-Adjuvant Therapy,,"Supratentorial, Frontal Lobe",G3,Cerebral Cortex,YES,Left,NO,NO,NO,NO,NO,Seizures,0 - 30 Days,YES,NO,NO,NO,,NO,,,NO,,,NO,NO,,,NO,,,,,90,0,10,,,,2TCGA-DH-5142-D654491998a7d-11c1-427d-b99b-db9ef95ed4781800mg360mg/day18993ChemotherapyTemozolomideADJUVANTPONO201220101TCGA-DH-5142-D6543b983b0e5-76b1-4c94-90ec-c9f65f4302022400mg/m275mg/m2/day12152ChemotherapyTemozolomideADJUVANTPONO201220103TCGA-DH-5142-D65459111add0-24dc-4c01-9713-7daf44bd49a35280mg480mg/day11117400ChemotherapyTemozolomideADJUVANTPONO20122010,TCGA-DH-5142-R6541f6f74ced-0454-4887-b0eb-f5e2288b46b32152EXTERNAL BEAM4920cGy41Primary Tumor FieldADJUVANTNO117122010,TCGA-DH-5142-F653980691eab-fcc9-4041-95b5-85b111b17bd1AliveStable Disease922NOTUMOR FREE8122010900Pre-Adjuvant TherapyStable DiseaseYESYESTCGA-DH-5142-F6668969870580-2062-412B-9F1E-5369310C1A7EYESAliveStable Disease1943YES1627NOWITH TUMORYESNO22102014Scheduled Follow-up SubmissionYESYES
Central nervous system,Oligoastrocytoma,No,MALE,Alive,-11291,,,438,WHITE,TCGA-DH-5143,DH,5143,dcd0856d-423a-40d7-8070-4c0988d61416,No,YES,C71.0,Mar-82,C71.0,NO,YES,0,30,2009,NO,WITH TUMOR,8,12,2010,NOT HISPANIC OR LATINO,Pre-Adjuvant Therapy,,"Supratentorial, Temporal Lobe",G3,Cerebral Cortex,YES,Left,NO,YES,NO,,,Seizures,91 - 180 Days,,,,,,,,,,,,YES,YES,,,NO,,,,,80,1,13,,,,3TCGA-DH-5143-D655761b753cb-378d-471f-a6fa-1d534eeaa3d3mg/m2200mg/m2/day12123ChemotherapyTemozolomideADJUVANTPOYES171220102TCGA-DH-5143-D6555aea492a1-1963-4067-9bee-cd18fbd03c791500mg300mg/day19599ChemotherapyTemozolomideADJUVANTPONO171220101TCGA-DH-5143-D6554e0609dd7-caf7-4d71-8d16-a6c8fc349c693000mg/m275mg/m2/day12564ChemotherapyTemozolomideADJUVANTPONO17122010,TCGA-DH-5143-R655034ac3460-ba6b-4883-a5eb-cfe619431f5e2564EXTERNAL BEAM6000cGy30Primary Tumor FieldADJUVANTNO117122010,TCGA-DH-5143-F65482cee9365-d26b-4421-8107-f30b2fa880faAliveStable Disease438NOWITH TUMOR8122010801Pre-Adjuvant TherapyStable DiseaseYESYES13TCGA-DH-5143-F66710E6754A9A-5C43-4B45-9D09-19EB5C1FA255YESAliveStable Disease1401NO22102014Scheduled Follow-up SubmissionStable DiseaseYESYES
Central nervous system,Oligodendroglioma,No,FEMALE,Alive,-20558,,,244,WHITE,TCGA-DH-5144,DH,5144,083c0b78-88c2-4ec1-8a81-a0792b16e2cc,No,YES,C71.0,Mar-51,C71.0,NO,YES,0,56,2009,NO,TUMOR FREE,8,12,2010,NOT HISPANIC OR LATINO,Pre-Adjuvant Therapy,,"Supratentorial, Frontal Lobe",G3,Cerebral Cortex,YES,Right,NO,NO,NO,NO,NO,Seizures,0 - 30 Days,NO,NO,NO,NO,,NO,,,NO,,,NO,YES,,NO,NO,,,,,100,0,19,,,,,TCGA-DH-5144-R656629b8de6b-1412-4646-9cc4-6bab0aa564e781106EXTERNAL BEAM3600cGy20Primary Tumor FieldADJUVANTNO120122010,TCGA-DH-5144-F6562d3c9cc2a-b2c6-4f59-af0f-f0cdf0741590AliveComplete Remission/Response244NOTUMOR FREE81220101000Pre-Adjuvant TherapyStable DiseaseNOYES19TCGA-DH-5144-F667264BF3BBE8-6690-43B3-B7A4-8AB0031D6FE8NOAliveComplete Remission/Response748NOTUMOR FREE22102014Scheduled Follow-up SubmissionStable DiseaseNOYES
Central nervous system,Oligodendroglioma,No,MALE,Dead,-25809,,919,,WHITE,TCGA-DH-A669,DH,A669,76E54EF6-1799-4FD9-BEC3-0EA960E8461E,No,YES,C71.0,Mar-51,C71.0,NO,YES,0,70,2007,NO,TUMOR FREE,25,6,2013,NOT HISPANIC OR LATINO,,NO,"Supratentorial, Parietal Lobe",G3,Not listed in Medical Record,NO,Left,NO,YES,NO,NO,YES,Mental Status Changes,> 181 Days,NO,NO,NO,NO,,NO,,,,,,YES,NO,NO,NO,NO,,,NO,,,,,NO,Stable Disease,YES260YES426YESYES,,,
Central nervous system,Astrocytoma,"Yes, History of Prior Malignancy",MALE,Alive,-19156,,,901,WHITE,TCGA-DH-A66B,DH,A66B,CB1E9916-C03F-405A-A797-15823DF09C8E,No,YES,C71.0,Mar-01,C71.0,NO,YES,0,52,2010,NO,WITH TUMOR,25,6,2013,NOT HISPANIC OR LATINO,Post-Adjuvant Therapy,YES,"Supratentorial, Temporal Lobe",G3,Not listed in Medical Record,NO,Left,NO,YES,NO,NO,NO,Mental Status Changes,> 181 Days,NO,NO,NO,NO,,NO,,,,,,NO,YES,YES,NO,NO,,,NO,,90,1,901,YES,Stable Disease,NO,NOTCGA-DH-A66B-D465629A60312E-9D6E-4C6A-A773-1DD195DBA56E25432ChemotherapyTemozolomideNOStable Disease982013,TCGA-DH-A66B-R4656180DD0911-773A-4063-A9F9-FF2826886E932467External60Gy30Primary Tumor FieldNOStable Disease982013,TCGA-DH-A66B-F60629BE9F9613-9ED6-4A86-81B7-F7E20B3AF9A6NOAliveStable Disease1279NOWITH TUMOR1362014Scheduled Follow-up SubmissionStable DiseaseYESYES
Central nervous system,Astrocytoma,No,FEMALE,Alive,-15866,,,479,WHITE,TCGA-DH-A66D,DH,A66D,F005FA99-7E4E-4308-B11C-83B25683B1FD,No,YES,C71.0,Mar-01,C71.0,NO,YES,0,43,2012,NO,TUMOR FREE,25,6,2013,NOT HISPANIC OR LATINO,Post-Adjuvant Therapy,YES,"Supratentorial, Frontal Lobe",G3,Not listed in Medical Record,YES,Right,NO,YES,NO,NO,NO,Seizures,0 - 30 Days,NO,NO,NO,NO,,YES,"lactose, cheese, gluten",,,,,NO,NO,NO,NO,YES,IHC,YES,NO,,80,1,404,YES,Stable Disease,NO,NOTCGA-DH-A66D-D46564DEF7727B-93B0-4931-BF66-027EB013CC903173ChemotherapyTemozolomideNOStable Disease982013,TCGA-DH-A66D-R46563BEB15D25-F47E-4EA6-9742-CA422C32A14F3173External60Gy30Primary Tumor FieldNOStable Disease982013,TCGA-DH-A66D-F60638AF4868B2-0F73-4623-80D2-F8CEB32F271ENOAliveStable Disease846NOWITH TUMOR1362014Scheduled Follow-up SubmissionStable DiseaseYESYES
Central nervous system,Oligodendroglioma,No,MALE,Alive,-18193,,,237,WHITE,TCGA-DH-A66F,DH,A66F,CFCD3835-BB09-400E-B7EB-55AC139D01F8,No,YES,C71.0,Mar-50,C71.0,YES,NO,0,49,2012,NO,TUMOR FREE,25,6,2013,NOT HISPANIC OR LATINO,Other,NO,"Supratentorial, Frontal Lobe",G2,Not listed in Medical Record,YES,Left,NO,NO,NO,NO,NO,Seizures,0 - 30 Days,NO,NO,,,,NO,,,,,,YES,YES,NO,NO,YES,IHC,YES,NO,,90,1,18,NO,Complete Remission/Response,NO,,,TCGA-DH-A66F-F6114465D52AD5-AF5E-4045-BB46-F754B49607D1NOAliveComplete Remission/Response523NOTUMOR FREE2562014Scheduled Follow-up SubmissionComplete Remission/ResponseNONOTCGA-DH-A66F-F68872E1383473-4F48-45D2-AA42-D8B000EC282CYESAliveComplete Remission/Response523TUMOR FREE1232015Scheduled Follow-up SubmissionNONO
Central nervous system,Oligodendroglioma,No,FEMALE,Alive,-18199,,,117,WHITE,TCGA-DH-A66G,DH,A66G,DA40E6D3-A2A9-4517-AAA2-AEF6C3892EBF,No,YES,C71.0,Mar-51,C71.0,YES,NO,0,49,2013,NO,WITH TUMOR,25,6,2013,NOT HISPANIC OR LATINO,Pre-Adjuvant Therapy,YES,"Supratentorial, Frontal Lobe",G3,Not listed in Medical Record,YES,Left,YES,NO,NO,NO,NO,Headaches,> 181 Days,NO,NO,NO,NO,,NO,,,,,,YES,YES,YES,NO,YES,IHC,YES,NO,,80,1,19,YES,Stable Disease,NO,NOTCGA-DH-A66G-D64430E9553E2D-EAF0-48AD-979F-23ECA9666C6141211ChemotherapyTemodarNOPartial Response292014,TCGA-DH-A66G-R6442890B175A7-CD25-4CAF-93C5-530092FEA417166211External59.4Gy34Primary Tumor FieldNOPartial Response292014,TCGA-DH-A66G-F611454E9F8444-C625-409F-96F4-FF30E0706D2FNOAliveStable Disease523NOWITH TUMOR2562014Scheduled Follow-up SubmissionPartial Remission/ResponseYESYES
Central nervous system,Oligodendroglioma,No,FEMALE,Alive,-21803,,,1650,WHITE,TCGA-DH-A7UR,DH,A7UR,B37ABDC8-B9E3-4F1A-B16D-2E59442DB335,No,YES,C71.0,Mar-51,C71.0,NO,YES,0,59,2008,NO,TUMOR FREE,10,2,2014,NOT HISPANIC OR LATINO,Post-Adjuvant Therapy,YES,"Supratentorial, Frontal Lobe",G3,Not listed in Medical Record,YES,Right,YES,YES,NO,NO,NO,Headaches,> 181 Days,NO,NO,NO,NO,,NO,,,,,,NO,YES,NO,NO,NO,,,NO,,90,0,1174,YES,Complete Remission/Response,NO,NOTCGA-DH-A7UR-D602827500051C-55B3-465A-8FFA-30EED95ABD8B331076ChemotherapyTemodarNOComplete Response562014,TCGA-DH-A7UR-R60281D1D43760-E8D0-484B-97EB-F5751D7366CC3383External61.2Gy34Primary Tumor FieldNOComplete Response562014,TCGA-DH-A7UR-F63627FA43A71B-A73F-426A-87D8-37FA2F73F395NOAliveComplete Remission/Response1650TUMOR FREE1482014Scheduled Follow-up SubmissionYESYESTCGA-DH-A7UR-F64479E7F2D331-E4A6-4B1E-9622-54CCBA50AE58YESAlive1650NO392014Scheduled Follow-up Submission
Central nervous system,Oligodendroglioma,No,MALE,Alive,-18429,,,311,WHITE,TCGA-DH-A7US,DH,A7US,82FD02AB-D628-469F-8853-4C603CF04964,No,YES,C71.0,Mar-50,C71.0,YES,NO,0,50,2013,NO,WITH TUMOR,29,1,2014,NOT HISPANIC OR LATINO,,NO,"Supratentorial, Temporal Lobe",G2,Not listed in Medical Record,YES,Right,NO,NO,NO,NO,NO,Seizures,> 181 Days,NO,NO,NO,NO,,NO,,,,,,NO,YES,NO,NO,YES,IHC,YES,NO,,,,,NO,Stable Disease,NO,,,TCGA-DH-A7US-F68873BED71572-299C-43F7-96B3-6CDE3F59B6EFNOAliveStable Disease399NOWITH TUMOR22122014Scheduled Follow-up SubmissionStable DiseaseNONOTCGA-DH-A7US-F70994A3C5928A-3FF0-4774-A9DD-D41CA2A5A7BBNOAliveStable Disease706NOWITH TUMOR1232015Scheduled Follow-up SubmissionStable DiseaseNONO
Central nervous system,Astrocytoma,No,MALE,Alive,-11014,,,200,WHITE,TCGA-DH-A7UT,DH,A7UT,B2B57E93-2722-4546-9A0B-20155B86EDEF,No,YES,C71.0,Mar-01,C71.0,YES,NO,0,30,2013,NO,WITH TUMOR,10,2,2014,NOT HISPANIC OR LATINO,,YES,"Supratentorial, Frontal Lobe",G3,Not listed in Medical Record,YES,Left,NO,NO,NO,NO,NO,Seizures,31 - 90 Days,NO,NO,NO,NO,,NO,,,,,,YES,YES,NO,NO,YES,IHC,YES,NO,,,,,YES,Stable Disease,NO,NOTCGA-DH-A7UT-D60292AF34A876-4053-4F16-AFEF-058D051E29BA5597ChemotherapyTemodarNOStable Disease662014,TCGA-DH-A7UT-R60290E31E12FD-5738-43CC-8390-78A03ABEAFF65597External6000cGy33Primary Tumor FieldNOStable Disease562014,TCGA-DH-A7UT-F6887462398C69-AEBF-4522-9E8C-20B1AAB0EB7ENOAliveStable Disease407YES404NOWITH TUMOR22122014Scheduled Follow-up SubmissionProgressive DiseaseYESYESTCGA-DH-A7UT-F70996EEA9E46D-CCD4-4288-9DF1-7B3E6EF40F09NODeadStable Disease531YES407WITH TUMOR1232015Scheduled Follow-up SubmissionYESYES
Central nervous system,Astrocytoma,No,MALE,Alive,-16037,,,105,WHITE,TCGA-DH-A7UU,DH,A7UU,977118C8-B446-4696-AA6E-9F1A1055E241,No,YES,C71.0,Mar-01,C71.0,YES,NO,0,43,2013,NO,WITH TUMOR,10,2,2014,NOT HISPANIC OR LATINO,Pre-Adjuvant Therapy,YES,"Supratentorial, Frontal Lobe",G3,Not listed in Medical Record,NO,Right,NO,YES,YES,YES,NO,Sensory Changes,91 - 180 Days,NO,NO,YES,YES,,NO,,,,,,NO,NO,YES,NO,YES,IHC,YES,NO,,90,,18,YES,Stable Disease,NO,NOTCGA-DH-A7UU-D603546B976447-B1E6-4CC4-A0A5-D25E373C26714188ChemotherapyTemodarNOStable Disease662014,TCGA-DH-A7UU-R60353E875558A-66EC-40BC-9809-017176B632454188External6120cGy34Primary Tumor FieldNOStable Disease662014,TCGA-DH-A7UU-F636337A614BCC-BF48-4CB1-9643-B99F5B81CC5CNOAliveStable Disease105WITH TUMOR1482014Scheduled Follow-up SubmissionYESYESTCGA-DH-A7UU-F66738320E802C-369C-48B8-8390-CE8B2C3428BDNOAliveStable Disease417NOWITH TUMOR22102014Scheduled Follow-up SubmissionStable DiseaseYESYES
Central nervous system,Astrocytoma,No,MALE,Alive,-18161,,,189,WHITE,TCGA-DH-A7UV,DH,A7UV,3B19B5D1-13AF-4669-A082-1BD546048185,No,YES,C71.0,Mar-01,C71.0,YES,NO,0,49,2013,NO,WITH TUMOR,10,2,2014,NOT HISPANIC OR LATINO,Pre-Adjuvant Therapy,YES,"Supratentorial, Temporal Lobe",G3,Not listed in Medical Record,NO,Right,YES,YES,NO,NO,YES,Headaches,91 - 180 Days,,,,,,,,,,,,NO,YES,NO,NO,YES,IHC,NO,NO,,90,,19,YES,,NO,NOTCGA-DH-A7UV-D6035623F803F1-9471-463E-B2A5-74C49E3A765A20463ChemotherapyTemodarNOStable Disease662014,TCGA-DH-A7UV-R6035591A4D4BB-9FCA-4AD2-9A3E-4D0470B305042067External6120cGy34Primary Tumor FieldNOStable Disease662014,TCGA-DH-A7UV-F688768EB6C9E8-AEF1-40BD-984B-3AE773C351DFNOAliveStable Disease566NO22122014Scheduled Follow-up SubmissionStable DiseaseYESYES
Central nervous system,Astrocytoma,No,FEMALE,Alive,-12606,,,548,WHITE,TCGA-DU-5847,DU,5847,92a7c445-2217-400a-bdcd-df41502416b6,No,YES,C71.9,Mar-01,C71.9,YES,NO,0,34,2009,NO,WITH TUMOR,21,6,2011,NOT HISPANIC OR LATINO,,,"Supratentorial, Frontal Lobe",G3,White Matter,YES,Right,NO,NO,NO,NO,NO,Seizures,0 - 30 Days,NO,YES,,NO,,NO,,,NO,,,NO,YES,NO,NO,NO,,,,,,,,,,,01TCGA-DU-5847-D1483055c779f0-e61a-473c-8a89-935f50562c9amg0684265Targeted Molecular therapyBevacizumabADJUVANTIVNO216201101TCGA-DU-5847-D148273af6c9cd-f9b6-4671-a6fd-6ebfc1699b25mg/m20684265ChemotherapyTemozolomideADJUVANTPONO216201101TCGA-DU-5847-D14829a3b7d452-71cd-4e89-a6ef-48dd6d15b804mg/m2012789ChemotherapyTemozolomideADJUVANTPONO2162011,TCGA-DU-5847-R14823da1371f1-7ce0-417e-914c-6fda8a4fce522871EXTERNAL BEAM6000cGy30Primary Tumor FieldADJUVANTNO012162011,TCGA-DU-5847-F1482238b02ba4-bd07-481f-b559-58f7b4da7786AliveStable Disease548NOWITH TUMOR2552011YESYES
Central nervous system,Oligodendroglioma,No,MALE,Alive,-17663,,,443,WHITE,TCGA-DU-5849,DU,5849,5af8ada5-86b5-4832-8a8e-e975ecca5515,No,YES,C71.9,Mar-50,C71.9,YES,NO,0,48,2010,NO,TUMOR FREE,21,6,2011,NOT HISPANIC OR LATINO,,,"Supratentorial, Frontal Lobe",G2,White Matter,YES,Left,NO,NO,NO,NO,NO,Seizures,0 - 30 Days,,,,,,,,,,,,YES,YES,,NO,NO,,,,,,,,,,,01TCGA-DU-5849-D14890265ff908-1f73-4a94-9166-64c735e61e58mgmg/m20642226ChemotherapyTemozolomideADJUVANTPONO2552011,,TCGA-DU-5849-F148895c102075-8b52-424e-85b6-3b30d6984c57AliveStable Disease443NOTUMOR FREE2552011YESNO
Central nervous system,Oligoastrocytoma,No,FEMALE,Alive,-14802,,,531,WHITE,TCGA-DU-5851,DU,5851,55c78413-d102-4113-930e-6d842862fe75,No,YES,C71.9,Mar-82,C71.9,YES,NO,0,40,2010,NO,WITH TUMOR,8,8,2011,NOT HISPANIC OR LATINO,Pre-Adjuvant Therapy,,"Supratentorial, Temporal Lobe",G3,Cerebral Cortex,YES,Right,NO,NO,NO,YES,NO,Seizures,0 - 30 Days,,,,,,,,,,,,YES,YES,,,NO,,,,,90,,17,,,,01TCGA-DU-5851-D150741bff07b5-b100-4dc9-be59-bfeabebe8eaa280mg150mg/m20651599ChemotherapyTemozolomideADJUVANTPONO88201101TCGA-DU-5851-D15073b08d6a07-2ac8-4949-adf8-26d8bab2f154140mg75mg/m2012266ChemotherapyTemozolomideADJUVANTPONO882011,TCGA-DU-5851-R15072493d05bf-6a04-4ff9-86c5-cbfd0d3b9c982266EXTERNAL BEAM5940cGy30Primary Tumor FieldADJUVANTNO01882011,TCGA-DU-5851-F150714f33c857-2431-4cdd-934a-07dff90c57c6AliveStable Disease531NOWITH TUMOR882011YESYES
Central nervous system,Oligoastrocytoma,No,FEMALE,Dead,-22348,,205,,WHITE,TCGA-DU-5852,DU,5852,9ed5af0e-c87f-46ff-81e7-9d3041b4034e,No,YES,C71.9,Mar-82,C71.9,NO,YES,0,61,2010,NO,WITH TUMOR,26,9,2011,NOT HISPANIC OR LATINO,Pre-Adjuvant Therapy,,"Supratentorial, Temporal Lobe",G3,White Matter,YES,Left,NO,NO,NO,NO,YES,Seizures,> 181 Days,,,,,,,,,,,,NO,YES,,,NO,,,,,80,,11,,,,1TCGA-DU-5852-D1704637497c94-f7b5-4748-9413-bd374ef59b97mgmg/m212652ChemotherapyTemozolomidePROGRESSIONPONO2692011,TCGA-DU-5852-R170451ae2bac9-893e-4a0a-b254-4cb750b4f9452697OTHERIntensity modulated radiotherapy5140cGy26Primary Tumor FieldPROGRESSIONNO12692011,TCGA-DU-5852-F17044124ca139-52e7-4dfd-bcb4-95b84dd78c73DeadProgressive Disease205YES24NOWITH TUMORYESYES269201150Pre-Adjuvant TherapyProgressive DiseaseNONO26NO
Central nervous system,Oligoastrocytoma,No,MALE,Alive,-10624,,,407,WHITE,TCGA-DU-5853,DU,5853,2d42dd0e-be3a-46ae-a635-c6f9c52f9fa2,No,YES,C71.9,Mar-82,C71.9,YES,NO,0,29,2010,NO,WITH TUMOR,20,9,2011,NOT HISPANIC OR LATINO,Pre-Adjuvant Therapy,,"Supratentorial, Frontal Lobe",G2,Not listed in Medical Record,YES,Left,NO,NO,NO,NO,NO,Seizures,0 - 30 Days,,,,,,,,,,,,NO,YES,YES,NO,NO,,,,,100,,18,,,,1TCGA-DU-5853-D16883dda7fbcd-163a-4afe-b64b-e6d76c7c3552165mg75mg/m212865ChemotherapyTemozolomideADJUVANTPONO2092011,TCGA-DU-5853-R16882d3140de0-23cc-497d-99ae-f7ad3be953b42865EXTERNAL BEAM5040cGy27Primary Tumor FieldADJUVANTNO12092011,TCGA-DU-5853-F168810f5dbcc1-13b5-41f3-ab79-a2d171a8a790AliveStable Disease407NOWITH TUMOR2092011YESYES
Central nervous system,Astrocytoma,No,FEMALE,Alive,-21106,,,257,WHITE,TCGA-DU-5854,DU,5854,b95afb1a-a1df-4d85-ad34-191928e28a77,No,YES,C71.9,Mar-01,C71.9,YES,NO,0,57,2010,NO,WITH TUMOR,22,6,2011,NOT HISPANIC OR LATINO,Pre-Adjuvant Therapy,,"Supratentorial, Frontal Lobe",G3,Not listed in Medical Record,NO,Right,NO,NO,NO,YES,YES,Motor/Movement Changes,91 - 180 Days,,,,,,,,,,,,YES,YES,YES,NO,NO,,,,,90,,19,,,,1TCGA-DU-5854-D148953457f389-62db-4528-b1fb-9a1470be12f7200mg75mg/m214590ChemotherapyTemozolomideADJUVANTPONO25520111TCGA-DU-5854-D14896ae61433b-1ffa-476f-9a1e-4c4301ae7c53400mg150mg/m23134193ChemotherapyTemozolomideADJUVANTPONO25520112TCGA-DU-5854-D148973f5bab65-4c76-47ee-9c6e-ba279e02acc9850mg10mg/kg292Targeted Molecular therapyBevacizumabPROGRESSIONIVYES2262011,TCGA-DU-5854-R1489434d8de22-65b2-4ff9-9564-2056bac4b6dd4590EXTERNAL BEAM5940cGy30Primary Tumor FieldADJUVANTNO12552011,TCGA-DU-5854-F148931acc95b2-82d8-43e5-900c-b0fab68bb879AliveProgressive Disease257YES202NOWITH TUMORYESNO2552011100Pre-Adjuvant TherapyYESYES202NO
Central nervous system,Oligoastrocytoma,No,FEMALE,Alive,-18234,,,207,WHITE,TCGA-DU-5855,DU,5855,e326c1dd-2ef8-431b-a657-440aa3f35ff3,No,YES,C71.9,Mar-82,C71.9,YES,NO,0,49,2010,NO,WITH TUMOR,13,7,2011,NOT HISPANIC OR LATINO,Pre-Adjuvant Therapy,,"Supratentorial, Frontal Lobe",G3,Not listed in Medical Record,NO,Right,YES,YES,NO,NO,NO,Headaches,0 - 30 Days,,,,,,,,,,,,YES,YES,NO,NO,NO,,,,,100,,19,,,,1TCGA-DU-5855-D148050917cb19-d74a-4fb8-8750-5709eec75033140mg75mg/m214170ChemotherapyTemozolomideADJUVANTPONO25520111TCGA-DU-5855-D148068fda500e-bf37-490b-816b-b3bac86f6197270mg200mg/m24118ChemotherapyTemozolomideADJUVANTPOYES2552011,TCGA-DU-5855-R14803480f2b7a-814d-4ae5-a32c-d04caa9ab9f44189EXTERNAL BEAM5940cGy30Primary Tumor FieldADJUVANTNO12552011,TCGA-DU-5855-F14801c73e9b0c-c10a-42c1-b6c6-4037fb64e030AliveStable Disease207NOWITH TUMOR2552011YESYES
Central nervous system,Oligodendroglioma,No,FEMALE,Alive,-12764,,,5546,WHITE,TCGA-DU-5870,DU,5870,eb42625e-fbbb-4bee-bbe9-315b3ca2138a,No,YES,C71.9,Mar-50,C71.9,NO,YES,0,34,1995,NO,WITH TUMOR,27,7,2011,NOT HISPANIC OR LATINO,Post-Adjuvant Therapy,,"Supratentorial, Temporal Lobe",G2,Not listed in Medical Record,NO,Right,YES,YES,NO,YES,NO,Headaches,> 181 Days,,,,,,,,,,,,,,NO,,NO,,,,,70,,4445,,,,1TCGA-DU-5870-D14733ea48cccb-3567-41ba-868f-0f3ffa507732230mg150mg/m21245364901ChemotherapyTemozolomidePROGRESSIONPONO27720111TCGA-DU-5870-D14723d81e218d-faf8-4926-9cbb-bc8f97033156mg75mg/m2145004543ChemotherapyTemozolomidePROGRESSIONPONO2772011,TCGA-DU-5870-R147226cde4af2-08d3-4f77-85ed-68a93544c33245004543EXTERNAL BEAM5040cGyLocal RecurrencePROGRESSIONNO22772011TCGA-DU-5870-R1472051dd90f7-9a1a-496f-a705-6cfd1eb309a43162EXTERNAL BEAMcGyPrimary Tumor FieldADJUVANTNO12772011,TCGA-DU-5870-F14719480c2306-a5b6-4617-a0c2-a398f0b758d2AliveProgressive Disease5546YES4347YES4437WITH TUMORYESYES277201170Post-Adjuvant TherapyStable DiseaseNOYES4671NO
Central nervous system,Oligoastrocytoma,No,FEMALE,Alive,-13673,,,576,WHITE,TCGA-DU-5871,DU,5871,ddfd76dc-15d6-4efc-85ea-31674161ebf3,No,YES,C71.9,Mar-82,C71.9,YES,NO,0,37,2009,NO,TUMOR FREE,21,6,2011,NOT HISPANIC OR LATINO,Preoperative,,"Supratentorial, Frontal Lobe",G2,White Matter,YES,Left,NO,NO,NO,NO,NO,Seizures,0 - 30 Days,,,,,,,,,,,,YES,YES,YES,NO,NO,,,,,100,,-6,,,,1TCGA-DU-5871-D1469523026c9a-3af3-475a-a74f-4a6ca91d1c66160mg75mg/m211457ChemotherapyTemozolomideADJUVANTPONO21620111TCGA-DU-5871-D146969ea9bdb9-1ae6-4eb4-8b30-74581a481d49450mg200mg/m2671222ChemotherapyTemozolomideADJUVANTPONO2162011,TCGA-DU-5871-R1469462103261-2602-476e-bb66-5e86968a47461457EXTERNAL BEAM5400cGy30Primary Tumor FieldADJUVANTNO12162011,TCGA-DU-5871-F1505773f162b3-7846-413f-bf2d-ed0c2459cea9AliveStable Disease576NONOTUMOR FREENONO2752011YESYESNO
Central nervous system,Oligoastrocytoma,No,FEMALE,Alive,-15986,,,532,BLACK OR AFRICAN AMERICAN,TCGA-DU-5872,DU,5872,48607130-c09a-491d-882f-7d2591d13182,No,YES,C71.9,Mar-82,C71.9,YES,NO,0,43,2009,NO,WITH TUMOR,26,7,2011,NOT HISPANIC OR LATINO,,,"Supratentorial, Frontal Lobe",G2,Not listed in Medical Record,NO,Left,YES,NO,NO,NO,NO,Headaches,0 - 30 Days,,,,,,,,,,,,YES,YES,NO,NO,NO,,,,,,,,,,,1TCGA-DU-5872-D147732e3322bc-a7d1-49c4-89f3-507124d59aac155mg75mg/m213473ChemotherapyTemozolomideADJUVANTPONO20620113TCGA-DU-5872-D14776b3d8b5ea-bd0b-4738-ab53-d7aa88304b35150mgmg/m21540ChemotherapyTemozolomidePROGRESSIONPOYES20620111TCGA-DU-5872-D147741772ca68-1a45-4fb5-a6f7-b5708225d9f3310mg150mg/m2683267ChemotherapyTemozolomideADJUVANTPONO20620112TCGA-DU-5872-D14775212f0ee4-683e-426b-99f3-2ae9beadf05d959mg10mg/kg2328370Targeted Molecular therapyBevacizumabPROGRESSIONIVNO2062011,TCGA-DU-5872-R14772f92b3052-5815-4afe-85dd-80acec4563a43473EXTERNAL BEAM6000cGy30Primary Tumor FieldADJUVANTNO12062011,TCGA-DU-5872-F1477109c6e4ae-0110-42e6-9289-2d594caefd9cAliveProgressive Disease532YES265YES283WITH TUMORYESNO2062011Progressive DiseaseYESYESNO
Central nervous system,Oligodendroglioma,No,FEMALE,Alive,-22847,,,461,WHITE,TCGA-DU-5874,DU,5874,1cc53ade-73c0-492b-a7dc-328269fd0e66,No,YES,C71.9,Mar-50,C71.9,YES,NO,0,62,2010,NO,TUMOR FREE,25,7,2011,NOT HISPANIC OR LATINO,Pre-Adjuvant Therapy,,"Supratentorial, Frontal Lobe",G2,Not listed in Medical Record,YES,Left,NO,NO,NO,NO,NO,Seizures,31 - 90 Days,,,,,,,,,,,,NO,YES,,,NO,,,,,100,,380,,,,1TCGA-DU-5874-D1470793cbb4cb-db7b-465a-a69d-69dbdf14397f300mg/m2150mg/m267160ChemotherapyTemozolomideADJUVANTPONO1762011,,TCGA-DU-5874-F1470696553367-425c-44a7-83cd-c19184fd208fAliveStable Disease461NOTUMOR FREE1762011YESNO
Central nervous system,Astrocytoma,No,FEMALE,Alive,-12836,,,6423,WHITE,TCGA-DU-6392,DU,6392,fcd9e1c4-bddb-4856-844c-03df48fba499,No,YES,C71.0,Mar-01,C71.0,NO,YES,0,35,1993,NO,TUMOR FREE,21,6,2011,NOT HISPANIC OR LATINO,,,"Supratentorial, Parietal Lobe",G3,White Matter,YES,Right,,,,,,Seizures,0 - 30 Days,,,,,,,,,,,,,,,,NO,,,,,,,,,,,1TCGA-DU-6392-D147307ad5cb6c-01dc-4d48-bb9c-8745bb0f8a5b300mg11778ChemotherapyHydroxyureaADJUVANTPONO27520111TCGA-DU-6392-D147316eddaf70-0f2e-433f-b5cd-36b4d14a8b6b6109443ChemotherapyPCVADJUVANTPONO2752011,TCGA-DU-6392-R1472895a9a327-37ed-4f37-9fca-1becbaeedb2b1717OTHERStereotactic RadiosurgerycGy1Primary Tumor FieldADJUVANTNO12752011TCGA-DU-6392-R1472956d79662-3801-470a-af6e-2567717d53901778EXTERNAL BEAMcGyPrimary Tumor FieldADJUVANTNO12752011,TCGA-DU-6392-F14726df4852ec-fb50-40b7-a8df-fb0bb7d7389fAliveProgressive Disease6423YES950YES950TUMOR FREENONO2752011Stable DiseaseYESYESYES1055
Central nervous system,Oligodendroglioma,No,MALE,Dead,-24282,,1585,,WHITE,TCGA-DU-6393,DU,6393,1937318f-a1bb-4f48-b8ec-4aadd406e52a,No,YES,C71.0,Mar-51,C71.0,NO,YES,0,66,1993,NO,,21,6,2011,NOT HISPANIC OR LATINO,,,"Supratentorial, Occipital Lobe",G3,White Matter,,Left,,,,,,,,,,,,,,,,,,,,,,,NO,,,,,,,,,,,1TCGA-DU-6393-D147389b11fdd3-35d1-4fd6-a51e-567c2ebb9f4560mg/m2897431ChemotherapyCarmustine BCNUADJUVANTIVNO2752011,TCGA-DU-6393-R1473696345ee6-1761-42df-a0b6-a8e1c7ee4ae8EXTERNAL BEAMPrimary Tumor FieldADJUVANTNO12752011,TCGA-DU-6393-F1473524a5127d-2573-44c6-be60-f6eabd62ee58Dead15852752011YESYES
Central nervous system,Oligodendroglioma,No,MALE,Dead,-19541,,682,,WHITE,TCGA-DU-6394,DU,6394,42cc9620-98fb-4164-a3b2-28d084ca5a03,No,YES,C71.0,Mar-51,C71.0,NO,YES,0,53,1994,NO,WITH TUMOR,21,6,2011,NOT HISPANIC OR LATINO,,,"Supratentorial, Frontal Lobe",G3,White Matter,,Midline,,,,,,,,,,,,,,,,,,,,,,,,,,,,,,,,,,2TCGA-DU-6394-D147771d863f0f-4a4c-4b5b-b142-3679d22bd91c1459459ChemotherapyPCVPROGRESSIONPONO27520111TCGA-DU-6394-D14766da2a97a2-bcd0-47dd-bd02-2f76d3e2fd75694278ChemotherapyPCVADJUVANTPONO27520111TCGA-DU-6394-D1477842abc1ed-a79a-4973-843d-f35f70b1343e500mg/day500mg/day1ChemotherapyHydroxyureaADJUVANTPONO2752011,TCGA-DU-6394-R147628ed2ae9e-3abe-439f-b43a-c6ea170ca7f8EXTERNAL BEAMcGyPrimary Tumor FieldADJUVANTNO12752011TCGA-DU-6394-R1476318151d61-fb54-495f-a7e9-64076e1c71fa404404OTHERRadiosurgerycGy1Local RecurrencePROGRESSIONNO22752011,TCGA-DU-6394-F1476108df9e55-ea0b-4445-9aed-a4c079e1a02fDeadProgressive Disease682YES353NOWITH TUMORYESYES2752011Progressive DiseaseYESYESNO
Central nervous system,Oligoastrocytoma,No,MALE,Dead,-11584,,1491,,WHITE,TCGA-DU-6395,DU,6395,6355cade-7b3a-43a8-9f1f-8e7bc45755a8,No,YES,C71.0,Mar-82,C71.0,NO,YES,0,31,1994,NO,WITH TUMOR,15,7,2011,NOT HISPANIC OR LATINO,,,"Supratentorial, Frontal Lobe",G2,Not listed in Medical Record,YES,Left,NO,NO,NO,NO,NO,Seizures,91 - 180 Days,,,,,,,,,,,,,,NO,NO,NO,,,,,,,,,,,3TCGA-DU-6395-D14947a3b4d4ea-fc08-47a3-80d6-c96e3f4a6cd120mg10mg1425ChemotherapyTamoxifenPROGRESSIONPONO26120111TCGA-DU-6395-D14944564bb929-f3d9-49eb-b544-286ac7cf868618701266ChemotherapyPCVPROGRESSIONIVNO26520112TCGA-DU-6395-D14946a6ce591e-8346-45ee-abee-715500c534e3412661386ChemotherapyPCVPROGRESSIONIVNO2652011,TCGA-DU-6395-R1494394751896-70bc-45c5-b5a2-05f51e1532b8EXTERNAL BEAM6000cGyPrimary Tumor FieldADJUVANTNO12652011,TCGA-DU-6395-F14942eee6dc78-da81-4907-9e6f-964cb40270b5DeadProgressive Disease1491YES1197YES1197WITH TUMORYESNO2652011Progressive DiseaseNOYESNO
Central nervous system,Oligoastrocytoma,No,FEMALE,Dead,-11427,,2286,,WHITE,TCGA-DU-6396,DU,6396,152eaa99-05f5-4d30-bfb1-494a9a900e49,No,YES,C71.0,Mar-82,C71.0,NO,YES,0,31,1996,NO,WITH TUMOR,27,7,2011,NOT HISPANIC OR LATINO,Pre-Adjuvant Therapy,,"Supratentorial, Frontal Lobe",G3,White Matter,NO,Right,YES,NO,NO,YES,YES,Motor/Movement Changes,0 - 30 Days,,,,,,,,,,,,,,NO,NO,NO,,,,,90,,19,,,,"5TCGA-DU-6396-D149351084ba3c-b0c8-4f60-ab84-83956e33cb8dmgmg418231946Targeted Molecular therapyIsotretinoinPROGRESSIONPONO27720114TCGA-DU-6396-D149334cd94d5c-66be-4c9b-93ff-f46de4f44b15125mg/m249151062ChemotherapyIrinotecanPROGRESSIONIVNO27720113TCGA-DU-6396-D149329a014511-a6fa-415d-94b6-e1b66bd061181611mg/m21611mg/m218240636Chemotherapy9 AminocamptothecinPROGRESSIONIVNO27720116TCGA-DU-6396-D14936406e2b57-e5a0-44cc-b65e-881ee8287f0f160mgmg421272250Hormone TherapyTamoxifenPROGRESSIONPONO27720117TCGA-DU-6396-D14939fa3ee205-f1c2-449a-bb8d-c7be90bb81a23500mgmg/day122502250ChemotherapyCapecitabinePROGRESSIONPONO27720111TCGA-DU-6396-D14930cd5425bf-34a2-4a3d-9fe1-dcf4c872d12a12859Other, specify in notesRadiosensitizerBromo deoxyuridineADJUVANTIVNO27720112TCGA-DU-6396-D1493194427195-4e76-4498-8d14-caa0f65bd8f118289ChemotherapyPCVADJUVANTIVPONO27720115TCGA-DU-6396-D1493427e77493-3706-4477-8dde-0f13bb5c3d05225mg150mg/m2717622188ChemotherapyTemozolomidePROGRESSIONPONO2772011",TCGA-DU-6396-R149268c7be1d2-33fc-44fd-9f85-88fe52cfa9132859EXTERNAL BEAM5940cGyPrimary Tumor FieldADJUVANTNO22772011TCGA-DU-6396-R14927157246a0-ede8-49ca-9759-47f82191a24518251825OTHERStereotactic radiosurgery1800cGy1Local RecurrencePROGRESSIONNO32772011TCGA-DU-6396-R149250b042829-6f75-49c5-8299-9af5359f0b212525OTHERStereo Radiosurgery800cGy1Primary Tumor FieldADJUVANTNO12772011TCGA-DU-6396-R149288592a4cc-06e6-4aea-812e-eca28b8e8bfd20662097OTHERIntensity Modulated Radio Therapy5600cGyLocal RecurrencePROGRESSIONNO42772011TCGA-DU-6396-R1492922dda534-0900-4f11-902d-28e547e4a81221982216OTHERFractionated stereotactic radio therapy3000cGy6Local RecurrencePROGRESSIONNO52772011,TCGA-DU-6396-F149161f867d72-0181-4137-b7fa-702450603912DeadProgressive Disease2286YES106YES169WITH TUMORYESYES27720110Post-Adjuvant TherapyProgressive DiseaseYESYESNO
Central nervous system,Oligodendroglioma,No,MALE,Dead,-16695,,1401,,WHITE,TCGA-DU-6397,DU,6397,e695b780-17f4-4e71-9120-7c6bcafaa3a7,No,YES,C71.0,Mar-51,C71.0,NO,YES,0,45,1997,NO,WITH TUMOR,19,7,2011,NOT HISPANIC OR LATINO,,,"Supratentorial, Temporal Lobe",G3,Not listed in Medical Record,NO,Right,YES,YES,YES,,,Headaches,0 - 30 Days,,,,,,,,,,,,,,YES,NO,NO,,,,,,,,,,,01TCGA-DU-6397-D1479792151a5e-0c57-4433-a49a-a714f5aa1cd7325mg150mg/m2128841219ChemotherapyTemozolomidePROGRESSIONPONO2652011,TCGA-DU-6397-R147958ac280a5-473e-47a0-95cc-4a69bd27bb702569EXTERNAL BEAM5940cGy28Primary Tumor FieldADJUVANTNO012652011TCGA-DU-6397-R14796efe0b4e1-e823-4c27-a2d7-ff605fce580c853853OTHERBrachytherapy4500cGy01Local RecurrencePROGRESSIONNO022652011,TCGA-DU-6397-F147942469c273-067e-4328-a6af-1c7f54be15d0DeadProgressive Disease1401YES837YES837WITH TUMORYESYES2652011Progressive DiseaseNOYESNO
Central nervous system,Oligodendroglioma,No,MALE,Dead,-19906,,2000,,WHITE,TCGA-DU-6399,DU,6399,4ef429be-c345-4258-9b42-b56e215e1a2c,No,YES,C71.0,Mar-50,C71.0,NO,YES,0,54,1998,NO,WITH TUMOR,19,7,2011,NOT HISPANIC OR LATINO,,,"Supratentorial, Temporal Lobe",G2,White Matter,NO,Right,NO,NO,NO,NO,NO,,31 - 90 Days,,,,,,,,,,,,,,,NO,NO,,,,,,,,,,,,TCGA-DU-6399-R1471127b9b901-4300-4f2e-aa7c-478a20bec8073263EXTERNAL BEAMcGyPrimary Tumor FieldADJUVANTNO013152011,TCGA-DU-6399-F147102498cad6-0235-4c94-af9c-f382ddc17c80DeadProgressive Disease2000YES1629YES1629WITH TUMORNONO3152011Progressive DiseaseNOYESNO
Central nervous system,Oligodendroglioma,No,FEMALE,Dead,-24122,,37,,WHITE,TCGA-DU-6400,DU,6400,178ab87c-0582-4b02-bf6b-3a4c59a5ee1b,No,YES,C71.0,Mar-50,C71.0,NO,YES,0,66,1998,NO,WITH TUMOR,22,6,2011,NOT HISPANIC OR LATINO,,,"Supratentorial, Temporal Lobe",G2,Not listed in Medical Record,NO,Left,YES,YES,NO,NO,YES,Mental Status Changes,91 - 180 Days,,,,,,,,,,,,YES,YES,,,NO,,,,,,,,,,,,,TCGA-DU-6400-F147828b885145-23a0-4fd0-9dcf-efba57a0034cDead37NOWITH TUMOR3152011NONO
Central nervous system,Oligodendroglioma,No,FEMALE,Dead,-11595,,2660,,WHITE,TCGA-DU-6401,DU,6401,97cb8701-7d63-4142-b404-006fbb3ecb0b,No,YES,C71.0,Mar-50,C71.0,NO,YES,0,31,1998,NO,WITH TUMOR,21,6,2011,NOT HISPANIC OR LATINO,,,"Supratentorial, Frontal Lobe",G2,Not listed in Medical Record,NO,Left,YES,NO,YES,NO,NO,Headaches,> 181 Days,,,,,,,,,,,,YES,YES,,,NO,,,,,,,,,,,02TCGA-DU-6401-D1475515e13b5e-7bc1-4492-9706-544b77b7d03c400mg400mg0225122512ChemotherapySorafenib (Bay 43-9006)PROGRESSIONPONO315201103TCGA-DU-6401-D14757455a61e4-9acc-4709-9dad-491b3c3bcc80mgmg/m20125422542ChemotherapyProcarbazinePROGRESSIONPONO315201101TCGA-DU-6401-D14754d9b9efc4-14cf-4394-a70b-1117bea8d4d8mgmg/m21619032451ChemotherapyTemozolomidePROGRESSIONPONO3152011,TCGA-DU-6401-R14753f821fcbf-99a8-4f00-a950-b9ce37a89965187228EXTERNAL BEAM5400cGy30Primary Tumor FieldADJUVANTNO013152011,TCGA-DU-6401-F14751b3218113-7ff8-4a85-a759-c7ce7489b35eDeadProgressive Disease2660YES1886YES2464WITH TUMORYESNO3152011100PreoperativeProgressive DiseaseNOYES2454NO
Central nervous system,Astrocytoma,No,MALE,Dead,-19207,,214,,WHITE,TCGA-DU-6402,DU,6402,152f028e-ee29-40e0-8e75-5cafffacbd45,No,YES,C71.0,Mar-01,C71.0,NO,YES,0,52,1998,NO,WITH TUMOR,21,6,2011,NOT HISPANIC OR LATINO,,,"Supratentorial, Frontal Lobe",G3,Not listed in Medical Record,YES,Right,,,,,,Seizures,0 - 30 Days,,,,,,,,,,,,,,,,NO,,,,,,,,,,,01TCGA-DU-6402-D147163ae81b40-a276-4005-9c64-97ceaaedc041200mg100mg/m201117122ChemotherapyTemozolomidePROGRESSIONPONO3152011,TCGA-DU-6402-R1471543afee50-a55e-4126-a962-4c8acba721422688EXTERNAL BEAM5940cGy30Primary Tumor FieldADJUVANTNO013152011,TCGA-DU-6402-F14714f77465a6-5d0d-48bf-9e84-1be6187e80c6DeadProgressive Disease214YES103NOWITH TUMORNONO3152011Progressive DiseaseYESYES
Central nervous system,Oligoastrocytoma,No,FEMALE,Dead,-22031,,354,,WHITE,TCGA-DU-6403,DU,6403,8daa29c0-f652-4130-a004-5183bbe30c63,No,YES,C71.0,Mar-82,C71.0,NO,YES,0,60,1999,NO,WITH TUMOR,21,6,2011,NOT HISPANIC OR LATINO,Post-Adjuvant Therapy,,"Supratentorial, Temporal Lobe",G3,Not listed in Medical Record,NO,Right,YES,NO,NO,NO,NO,Headaches,0 - 30 Days,,,,,,,,,,,,YES,,,,NO,,,,,90,,207,,,,2TCGA-DU-6403-D1474824ea3712-f7e6-417c-a7e2-777e6d70e4f72104196ChemotherapyBCNU (Carmustine)ADJUVANTIVNO31520111TCGA-DU-6403-D14746988b4562-6b54-445c-a85a-778d1d4a43a1mgmg14374ChemotherapyHydroxyureaADJUVANTPONO31520111TCGA-DU-6403-D147477ac56d66-1bea-479f-bce7-8039d1d1eb5c1{Wafer}11010ChemotherapyGliadel WaferADJUVANTINTUMNO3152011,TCGA-DU-6403-R14745410b9180-ad95-4315-b5ce-25aad889b6604374EXTERNAL BEAMcGyPrimary Tumor FieldADJUVANTNO13152011,TCGA-DU-6403-F14743b96fa671-bc3b-4d6b-bc72-7a414c3f44e3Dead354WITH TUMOR3152011YESYES
Central nervous system,Oligodendroglioma,No,FEMALE,Dead,-9021,,4068,,WHITE,TCGA-DU-6404,DU,6404,c0d47e0f-4918-4e06-9db6-201671b1259c,No,YES,C71.0,Mar-51,C71.0,NO,YES,0,24,2000,NO,WITH TUMOR,21,6,2011,NOT HISPANIC OR LATINO,Post-Adjuvant Therapy,,"Supratentorial, Frontal Lobe",G3,Not listed in Medical Record,YES,Right,NO,NO,NO,NO,NO,Seizures,31 - 90 Days,NO,NO,NO,NO,,YES,beef,12 - 20 Years,NO,,,NO,YES,YES,NO,NO,,,,,100,,126,,,,8TCGA-DU-6404-D147982128710b-2bfd-4200-a650-deb72ee4278c870mg5AUC1032273884ChemotherapyCarboplatinPROGRESSIONIVNO31520115TCGA-DU-6404-D14789b3ee688e-79eb-4dd1-a3ee-e73f99ebf877745mg10mg/kg2627313060Targeted Molecular therapyBevacizumabPROGRESSIONIVNO31520113TCGA-DU-6404-D14786c45c5914-3f1a-44ef-8d3d-20ef29f2e583600mg325mg/m2617621967ChemotherapyIrinotecanPROGRESSIONIVNO31520116TCGA-DU-6404-D1479083dc3af5-58c5-423c-b1d7-7d9cdaf28df4140mg100mg/m2231543185ChemotherapyTemozolomidePROGRESSIONPONO31520116TCGA-DU-6404-D147918f2f4cd2-4301-4be8-bdf3-ae8741ec4bc5745mg10mg/kg231543185Targeted Molecular therapyBevacizumabPROGRESSIONIVNO31520114TCGA-DU-6404-D147878290859f-c748-4d89-8312-4d66fb7a347b231mg125mg/m21223602714ChemotherapyIrinotecanPROGRESSIONIVNO31520111TCGA-DU-6404-D1478416a48912-089b-46f1-a756-6ee83dfce1a8385mg200mg/m212171506ChemotherapyTemozolomideADJUVANTPONO31520112TCGA-DU-6404-D147854b18ce80-40f5-4f5e-99c8-9949a8689e9f370mg200mg/m21216021632ChemotherapyTemozolomidePROGRESSIONPONO31520118TCGA-DU-6404-D1479918e4081d-6f45-4245-899d-7df6394f70001172mg15mg/kg1432273581Targeted Molecular therapyBevacizumabPROGRESSIONIVNO31520114TCGA-DU-6404-D147887e05a613-6102-4584-a478-8610ff8936d5134mg10mg/kg1223602714Targeted Molecular therapyBevacizumabPROGRESSIONIVNO315201110TCGA-DU-6404-D148044784091c-7545-4001-bb2f-b2d9920e698b635mg10mg/kg140664066Targeted Molecular therapyBevacizumabPROGRESSIONIVNO2162011,TCGA-DU-6404-R1478364af2b41-56bc-4089-8b6f-3dbe74a9273a2876EXTERNAL BEAM6000cGy30Primary Tumor FieldADJUVANTNO12152011TCGA-DU-6404-R147931a641820-2360-4cea-8752-d87697c36cf132063219OTHERFractionated Stereotactic Radiotherapy3600cGy6Local RecurrencePROGRESSIONNO73152011TCGA-DU-6404-R148021740eb4d-a819-4829-a5b2-aed20df1e48e3746OTHERFractionated Stereotactic Radiotherapy3600cGy6Local RecurrencePROGRESSIONNO93152011,TCGA-DU-6404-F14781d834c45b-b07e-4d4e-9f2e-7edc6defca95DeadProgressive Disease4068YES1154YES1194WITH TUMORYESYES3152011100Post-Adjuvant TherapyProgressive DiseaseYESYES1398NO
Central nervous system,Astrocytoma,No,FEMALE,Dead,-18686,,605,,WHITE,TCGA-DU-6405,DU,6405,9239a22e-80b1-49a2-b0d5-cbab7e415254,No,YES,C71.0,Mar-01,C71.0,NO,YES,0,51,2000,NO,WITH TUMOR,21,6,2011,NOT HISPANIC OR LATINO,Post-Adjuvant Therapy,,"Supratentorial, Frontal Lobe",G3,Not listed in Medical Record,YES,Right,,,,,,Seizures,0 - 30 Days,,,,,,,,,,,,NO,YES,,,NO,,,,,90,,515,,,,01TCGA-DU-6405-D1468727ec47b6-4503-4cfb-938a-0d32d623545e300mg150mg/m211165499ChemotherapyTemozolomideADJUVANTPONO216201101TCGA-DU-6405-D14686b07896a6-e8ed-435f-9d49-ba2acf9186f9140mg75mg/m2013477ChemotherapyTemozolomideADJUVANTPONO216201102TCGA-DU-6405-D14688ef4f3748-8fcf-402a-ac1c-21d617d6ca73203mg1.25mg/m201530561ChemotherapyPS-341 BortrezomibPROGRESSIONIVNO216201103TCGA-DU-6405-D14690d5d78110-5704-4e12-81e1-1d959f1234601086mg600mg/m201561561ChemotherapyCilengitidePROGRESSIONIVNO2162011,TCGA-DU-6405-R1468434e4174a-6889-4de5-b565-56ff66fc2b903477EXTERNAL BEAM6000cGy30Primary Tumor FieldADJUVANTNO012162011,TCGA-DU-6405-F14683652f7d7b-3e61-49f6-8c06-d9375279ac83DeadProgressive Disease605YES486NOWITH TUMORYESNO206201160Post-Adjuvant TherapyProgressive DiseaseYESYES571
Central nervous system,Oligoastrocytoma,No,FEMALE,Dead,-21634,,512,,WHITE,TCGA-DU-6406,DU,6406,c13a429c-99ea-478c-ae95-fa499b9ea9fa,No,YES,C71.0,Mar-82,C71.0,NO,YES,0,59,2001,NO,,21,6,2011,NOT HISPANIC OR LATINO,,,"Supratentorial, Frontal Lobe",G3,Not listed in Medical Record,NO,Left,NO,NO,YES,YES,YES,Motor/Movement Changes,91 - 180 Days,,,,,,,,,,,,,,,,NO,,,,,,,,,,,"1TCGA-DU-6406-D149022edd84a0-4c13-456b-8485-48de001ab22emg/m2200mg/m2797280ChemotherapyTemozolomideADJUVANTPONO1620111TCGA-DU-6406-D149010bfe64d1-8cc5-44fc-8cda-42dd1458a08f75mg/m213866ChemotherapyTemozolomideADJUVANTPONO1620111TCGA-DU-6406-D14903101eea12-9909-41a3-906e-ee2fcc94ba4f5158280Other, specify in notesretinoidIsotrectinoin (acccutane)ADJUVANTPONO162011",TCGA-DU-6406-R1490031505f4a-2a8b-407a-ba73-479eb56c0bdf3866EXTERNAL BEAMcGyPrimary Tumor FieldADJUVANTNO1162011,TCGA-DU-6406-F14899cda322a9-4f3b-4055-bd7a-ba83d64b09b1Dead512162011YESYES
Central nervous system,Oligodendroglioma,No,FEMALE,Dead,-13021,,2875,,WHITE,TCGA-DU-6407,DU,6407,70939245-41e0-4845-a473-5fef719b9828,No,YES,C71.0,Mar-50,C71.0,NO,YES,0,35,2001,NO,WITH TUMOR,19,7,2011,NOT HISPANIC OR LATINO,Post-Adjuvant Therapy,,,G2,Not listed in Medical Record,YES,Right,NO,NO,NO,NO,NO,Seizures,,,,,,,,,,,,,NO,YES,NO,NO,NO,,,,,90,,2451,,,,1TCGA-DU-6407-D1495368261acf-ff6e-43d0-988b-57cd040ec0be140mg75mg/m2124732516ChemotherapyTemozolomidePROGRESSIONPONO20620112TCGA-DU-6407-D14954b946be0f-487d-4707-9e9c-c8564ed98487280mg150mg/m2825312774ChemotherapyTemozolomidePROGRESSIONPONO20620113TCGA-DU-6407-D1495551323f8f-090f-40a1-b44e-7cb7117bd90f135mg150mg/m2128352853ChemotherapyTemozolomidePROGRESSIONPONO20620113TCGA-DU-6407-D14956d0c4833a-a750-4848-84b9-24bb8743c49250mg50mg/day128362853ChemotherapyAfatinibPROGRESSIONPONO2062011,TCGA-DU-6407-R1495200ad2a0e-77ed-469d-aa96-65fbc903753f24732516EXTERNAL BEAM5400cGy30Local RecurrencePROGRESSIONNO22062011TCGA-DU-6407-R149510535a100-d40d-436a-875a-1ad2f2d087093172EXTERNAL BEAM5400cGy30Primary Tumor FieldADJUVANTNO12062011,TCGA-DU-6407-F14950122ac653-5846-4d93-aadf-3e1cd3689ac9DeadProgressive Disease2875YES2397YES2415WITH TUMORYESYES206201180Pre-Adjuvant TherapyProgressive DiseaseNOYES2838YES2797
Central nervous system,Oligodendroglioma,No,FEMALE,Dead,-8752,,3470,,WHITE,TCGA-DU-6408,DU,6408,14375753-a69f-41e0-b910-2bb8e84cc43a,No,YES,C71.0,Mar-51,C71.0,NO,YES,0,23,1998,NO,,21,6,2011,NOT HISPANIC OR LATINO,Post-Adjuvant Therapy,,"Supratentorial, Frontal Lobe",G3,Not listed in Medical Record,YES,Right,NO,YES,NO,NO,YES,Motor/Movement Changes,0 - 30 Days,,,,,,,,,,,,YES,YES,,NO,NO,,,,,90,,,,,,"02TCGA-DU-6408-D149144e0b69f2-a12d-42b1-8d9e-118a8d889a24mgmg/m22608ChemotherapyCapecitabinePROGRESSIONPONO206201101TCGA-DU-6408-D1491037c7aca8-52b5-4421-9922-52ea6ab89b0amgmg/m20211751226ChemotherapyTemozolomideADJUVANTPONO206201102TCGA-DU-6408-D14913bf35364e-fbff-4d21-b3fc-dff1ce09cb5dmgmg2608Other, specify in notesCelebrexPROGRESSIONPONO206201102TCGA-DU-6408-D149118ac55ee4-7db3-4a31-817c-de2a0893a41cmgmg/m22608ChemotherapyTemozolomidePROGRESSIONPONO2062011",TCGA-DU-6408-R14909df257ce3-15a5-495b-90e5-d7ef4ddec23bEXTERNAL BEAMcGyLocal RecurrencePROGRESSIONNO012062011,TCGA-DU-6408-F1490740b6e555-e1db-4690-ac67-c773db93adb3DeadProgressive Disease3470YES2097YES2552YES2062011Progressive DiseaseYESYESYES2552
Central nervous system,Oligodendroglioma,No,MALE,Alive,-20567,,,242,WHITE,TCGA-DU-6410,DU,6410,467a7e6a-8cba-4ef1-8afd-6c8eaccbc3df,No,YES,C71.0,Mar-51,C71.0,YES,NO,0,56,2010,NO,WITH TUMOR,26,7,2011,NOT HISPANIC OR LATINO,Pre-Adjuvant Therapy,,"Supratentorial, Frontal Lobe",G3,Not listed in Medical Record,,Midline,,YES,,,,Mental Status Changes,0 - 30 Days,,,,,,,,,,,,,,,,NO,,,,,50,,35,,,,01TCGA-DU-6410-D1516186f1b69a-ced9-4edf-9c4e-7b34d0dfbb85400mg200mg/m20756ChemotherapyTemozolomideADJUVANTPOYES2062011,,TCGA-DU-6410-F15160edd4f60b-9a8c-4888-920f-3bcb76910ea0Alive242NOWITH TUMOR2062011YESNO
Central nervous system,Oligoastrocytoma,No,MALE,Alive,-9380,,,73,WHITE,TCGA-DU-6542,DU,6542,cd69d509-a652-4257-a8d3-767296bbb4ec,No,YES,C71.0,Mar-82,C71.0,YES,NO,0,25,2011,NO,WITH TUMOR,8,11,2011,NOT HISPANIC OR LATINO,,,"Supratentorial, Temporal Lobe",G3,Not listed in Medical Record,NO,Right,YES,NO,YES,NO,NO,Visual Changes,31 - 90 Days,,,,,,,,,,,,YES,YES,,,NO,,,,,,,,,,,1TCGA-DU-6542-D18405cf893d09-aefc-4352-abba-97c4bfc43091400mg200mg/m2697ChemotherapyTemozolomideADJUVANTPOYES31520111TCGA-DU-6542-D18403bd0dc956-293e-4f72-9177-31732a441d96145mg75mg/m215695ChemotherapyTemozolomideADJUVANTPONO3152011,TCGA-DU-6542-R184028dce0eef-e30d-4766-8953-d8c8440cb73d5695EXTERNAL BEAM6000cGy30Primary Tumor FieldADJUVANTNO18112011,TCGA-DU-6542-F18401f49257c8-56b0-483d-874a-15dd18d27dfeAliveStable Disease73WITH TUMOR8112011YESYESTCGA-DU-6542-F466235ED0B6CB-6EB7-4813-A49D-44C0AAE482F1YES731382013Scheduled Follow-up SubmissionYESYES
Central nervous system,Astrocytoma,No,FEMALE,Dead,-21990,,349,,WHITE,TCGA-DU-7006,DU,7006,215e117c-4d76-463c-8f8a-fd6a28d23929,No,YES,C71.0,Mar-01,C71.0,NO,YES,0,60,1995,NO,WITH TUMOR,25,10,2011,NOT HISPANIC OR LATINO,,,"Supratentorial, Temporal Lobe",G3,Cerebral Cortex,YES,Left,NO,NO,NO,NO,NO,Seizures,,,,,,,,,,,,,,,,,NO,,,,,,,,,,,1TCGA-DU-7006-D17929723ff33b-8869-4952-80a3-3713520d5eae200mg200mg/day190ChemotherapyLomustineADJUVANTPONO251020111TCGA-DU-7006-D17931316e5e4e-c0f9-4edb-bee5-f09f9f0d57662.0mg2.0mg190ChemotherapyVincristineADJUVANTIVNO251020111TCGA-DU-7006-D179305f4d4b63-37b9-491c-ad99-60cdde292713100mg100mg/day190ChemotherapyProcarbazineADJUVANTPONO25102011,TCGA-DU-7006-R1792800c23b4f-8ba7-4dde-af30-c1022285b81dEXTERNAL BEAMPrimary Tumor FieldADJUVANTNO125102011,TCGA-DU-7006-F17927cc30f65b-7abb-4d47-b0f3-c4c7757417b5DeadProgressive Disease349WITH TUMOR25102011YESYES
Central nervous system,Astrocytoma,No,MALE,Dead,-12245,,1915,,WHITE,TCGA-DU-7007,DU,7007,8e2dcc00-9f7e-4dee-b24d-43c8b30294c5,No,YES,C71.0,Mar-00,C71.0,NO,YES,0,33,1997,NO,,28,9,2011,NOT HISPANIC OR LATINO,,,"Supratentorial, Frontal Lobe",G2,Not listed in Medical Record,NO,Right,YES,NO,NO,YES,NO,Headaches,> 181 Days,YES,,,,,,,,,,,,,,,,,,,,,,,,,,,,TCGA-DU-7007-F17216bfa51466-5aea-4999-94b1-107a64bd5d84Dead1915NO2892011
Central nervous system,Oligodendroglioma,No,FEMALE,Alive,-15289,,,4752,WHITE,TCGA-DU-7008,DU,7008,427c40f6-d1bd-49f2-b303-a975793b937e,No,YES,C71.0,Mar-50,C71.0,NO,YES,0,41,1998,NO,TUMOR FREE,28,9,2011,NOT HISPANIC OR LATINO,,,"Supratentorial, Frontal Lobe",G2,Not listed in Medical Record,YES,Right,YES,NO,NO,NO,NO,Seizures,> 181 Days,,,,,,,,,,,,YES,YES,,,NO,,,,,,,,,,,1TCGA-DU-7008-D1722434aab7aa-a5d6-4189-941a-00b031ba04c7mg110mg/m2486239ChemotherapyLomustinADJUVANTPONO28920111TCGA-DU-7008-D17225ca121445-5755-440b-976f-e7d670875074mg104mg/m2486239ChemotherapyVincristineADJUVANTIVNO28920111TCGA-DU-7008-D172230e7bb365-16bc-4962-a159-7fa3b7e6b776mg60mg/m2486239ChemotherapyProcarbazineADJUVANTPONO2892011,TCGA-DU-7008-R1722126b0a62a-54a3-4576-8168-e04fddd4c9cd359420EXTERNAL BEAM5940cGyPrimary Tumor FieldPROGRESSIONNO12892011,TCGA-DU-7008-F172193ec2ca78-3d7f-4361-b9c6-00d61be65fa5AliveProgressive Disease4752YES330YES330TUMOR FREENOYES2892011Stable DiseaseYESNONO
Central nervous system,Oligodendroglioma,No,FEMALE,Alive,-11854,,,4206,WHITE,TCGA-DU-7009,DU,7009,01c4ca12-ac08-41dd-9e4f-bfb0971688a2,No,YES,C71.0,Mar-50,C71.0,NO,YES,0,32,2000,NO,WITH TUMOR,28,9,2011,NOT HISPANIC OR LATINO,,,"Supratentorial, Frontal Lobe",G2,Cerebral Cortex,NO,Left,NO,NO,NO,YES,NO,Sensory Changes,31 - 90 Days,,,,,,,,,,,,,,NO,NO,NO,,,,,,,,,,,1TCGA-DU-7009-D1708144d75b94-99ef-4bf1-8457-05af11d6ea97mgmg/m2630953279ChemotherapyTemozolomidePROGRESSIONPONO2892011,TCGA-DU-7009-R17080c8574d31-8c5c-473c-826c-d78a4271de352081EXTERNAL BEAMcGy33Primary Tumor FieldADJUVANTNO12892011,TCGA-DU-7009-F170782495d396-f1f7-4834-bbed-5e9f3150852aAliveProgressive Disease4206YES2960YES3091WITH TUMORYESNO2892011100Post-Adjuvant TherapyStable DiseaseNOYES3274NOTCGA-DU-7009-F46593917784DD-44CF-4D05-B374-ECFD634542A7NODeadProgressive Disease4695YES2960YES3091WITH TUMORYESYES1282013Additional New Tumor EventProgressive DiseaseYESYES
Central nervous system,Astrocytoma,No,FEMALE,Dead,-21199,,456,,WHITE,TCGA-DU-7010,DU,7010,834e560a-a506-456d-baf2-a206ca058153,No,YES,C71.0,Mar-01,C71.0,NO,YES,0,58,2001,NO,WITH TUMOR,28,9,2011,NOT HISPANIC OR LATINO,,,"Supratentorial, Frontal Lobe",G3,Not listed in Medical Record,YES,Left,NO,NO,NO,NO,NO,Seizures,31 - 90 Days,,,,,,,,,,,,YES,YES,,,NO,,,,,,,,,,,1TCGA-DU-7010-D17063caa0c4b5-9983-49d8-95a8-efe28a285e84mgmg/m270162ChemotherapyTemozolomideADJUVANTPONO28920111TCGA-DU-7010-D17061fd9d915c-a824-445d-999e-3173cc38d953mgmg/m211170ChemotherapyTemozolomideADJUVANTPONO2892011,TCGA-DU-7010-R17060abac35da-6de2-43cc-9b65-056ed2b1e8e91170EXTERNAL BEAMcGyPrimary Tumor FieldADJUVANTNO12892011,TCGA-DU-7010-F170591927a2bd-f87a-43d3-9f98-d941d635d514DeadProgressive Disease456YES193YES193WITH TUMOR2892011Progressive DiseaseYESYESNO
Central nervous system,Oligoastrocytoma,No,MALE,Dead,-9322,,3200,,WHITE,TCGA-DU-7011,DU,7011,cb598780-9e42-4167-b487-eec90ad4f36f,No,YES,C71.0,Mar-82,C71.0,NO,YES,0,25,2000,NO,WITH TUMOR,28,9,2011,NOT HISPANIC OR LATINO,Pre-Adjuvant Therapy,,"Supratentorial, Frontal Lobe",G2,Cerebral Cortex,YES,Right,NO,NO,NO,NO,NO,Seizures,91 - 180 Days,,,,,,,,,,,,YES,YES,,,NO,,,,,80,,149,,,,,TCGA-DU-7011-R170769cf62294-d6cb-4e35-b98b-f246de6249f5187233EXTERNAL BEAM5580cGy31Primary Tumor FieldADJUVANTNO12892011,TCGA-DU-7011-F17074405c1282-118b-4f36-8e0b-1c876bb05263DeadStable Disease3200WITH TUMOR2892011YES
Central nervous system,Astrocytoma,No,FEMALE,Dead,-27039,,199,,BLACK OR AFRICAN AMERICAN,TCGA-DU-7012,DU,7012,c50c984f-316a-4f24-968d-618691c54c3d,No,YES,C71.0,Mar-01,C71.0,NO,YES,0,74,2001,NO,WITH TUMOR,28,9,2011,NOT HISPANIC OR LATINO,,,"Supratentorial, Temporal Lobe",G3,Not listed in Medical Record,YES,Left,NO,YES,NO,NO,NO,Mental Status Changes,0 - 30 Days,,,,,,,,,,,,,,,,NO,,,,,,,,,,,,TCGA-DU-7012-R170906568631d-562d-41fd-bded-e9c4a16ca9d65353EXTERNAL BEAM200cGy1Primary Tumor FieldADJUVANTNO12892011,TCGA-DU-7012-F17089e0d24c46-aa23-478e-9903-43b8a2699003DeadProgressive Disease199NOWITH TUMORNONO2892011Progressive DiseaseNOYES
Central nervous system,Astrocytoma,No,MALE,Dead,-21824,,269,,WHITE,TCGA-DU-7013,DU,7013,d61b5d20-4d6d-4fdc-afe8-4b100b686eda,No,YES,C71.0,Mar-01,C71.0,NO,YES,0,59,2001,NO,WITH TUMOR,26,9,2011,NOT HISPANIC OR LATINO,Pre-Adjuvant Therapy,,"Supratentorial, Temporal Lobe",G3,White Matter,YES,Left,NO,NO,NO,NO,NO,Seizures,31 - 90 Days,,,,,,,,,,,,YES,YES,,,NO,,,,,80,,11,,,,01TCGA-DU-7013-D17094909faac9-a567-4223-b445-653d75e77445mgmg/m203101163ChemotherapyTemozolomideADJUVANTPONO2692011,TCGA-DU-7013-R1709332a1df90-3dd6-43e0-bed2-3985174505b21071EXTERNAL BEAMcGyPrimary Tumor FieldADJUVANTNO012692011,TCGA-DU-7013-F170922ecfa536-7e1a-44e2-869f-10186c321f1cDeadProgressive Disease269YES187NOWITH TUMORNONO269201170Post-Adjuvant TherapyProgressive DiseaseYESYES211NO
Central nervous system,Oligodendroglioma,No,MALE,Dead,-21865,,3571,,WHITE,TCGA-DU-7014,DU,7014,a776cfd0-db9f-450a-943c-5a9a80a75fb7,No,YES,C71.0,Mar-50,C71.0,NO,YES,0,59,2001,NO,WITH TUMOR,26,9,2011,NOT HISPANIC OR LATINO,Preoperative,,"Supratentorial, Frontal Lobe",G2,White Matter,YES,Right,YES,NO,NO,NO,NO,Seizures,0 - 30 Days,,,,,,,,,,,,YES,YES,,,YES,,,,,100,,-13,,,,,TCGA-DU-7014-R17103b0713596-86b5-4631-8d3e-09ef8dfed9804385EXTERNAL BEAM5400cGy30Primary Tumor FieldADJUVANTNO12692011,TCGA-DU-7014-F171010574bb8a-fadd-4617-9cbd-7304da5a30f5DeadProgressive Disease3571YES3437NOWITH TUMORNONO269201150Pre-Adjuvant TherapyProgressive DiseaseNOYES3558NO
Central nervous system,Oligodendroglioma,No,FEMALE,Alive,-15041,,,2761,WHITE,TCGA-DU-7015,DU,7015,ec82a00f-3909-4781-8ae2-e54cbc1ac7ac,No,YES,C71.0,Mar-50,C71.0,NO,YES,0,41,2004,NO,WITH TUMOR,8,11,2011,NOT HISPANIC OR LATINO,Pre-Adjuvant Therapy,,"Supratentorial, Temporal Lobe",G2,Cerebral Cortex,YES,Right,NO,NO,NO,NO,NO,Seizures,0 - 30 Days,,,,,,,,,,,,YES,YES,YES,NO,NO,,,,,90,,14,,,,2TCGA-DU-7015-D186376c6ae3a3-1841-4e11-abd9-db485469e117mgmg/kg930Targeted Molecular therapyBevacizumabPROGRESSIONIVYES81120111TCGA-DU-7015-D186346d0329fe-9b8c-4443-b156-60a52d35590c440mg200mg/m26616884ChemotherapyTemozolomideADJUVANTPONO81120112TCGA-DU-7015-D186358163fd2e-6bd9-4728-89fb-b7b1aaf8868dmgmg/kg179301460ChemotherapyIrinotecanPROGRESSIONIVNO8112011,TCGA-DU-7015-R186335f3e4416-9b58-4f4f-b7b3-a40bfdb420c8756810EXTERNAL BEAM5940cGyPrimary Tumor FieldADJUVANTNO18112011,TCGA-DU-7015-F186315fb1e5fc-065b-46b0-9c59-f925f4349753AliveProgressive Disease2761YES591YES591WITH TUMORYESYES811201190Pre-Adjuvant TherapyProgressive DiseaseNONO613NO
Central nervous system,Oligodendroglioma,No,FEMALE,Dead,-21019,,933,,WHITE,TCGA-DU-7018,DU,7018,f18dab99-26b0-4727-89a9-7f16bd382356,No,YES,C71.0,Mar-51,C71.0,NO,YES,0,57,2006,NO,WITH TUMOR,23,9,2011,NOT HISPANIC OR LATINO,Pre-Adjuvant Therapy,,"Supratentorial, Frontal Lobe",G3,Not listed in Medical Record,YES,Right,NO,YES,NO,NO,NO,Seizures,> 181 Days,,,,,,,,,,,,,YES,,,YES,,,,,90,,12,,,,2TCGA-DU-7018-D170720ff38e24-e65f-4420-b997-6be8f0cbe1f4150mg100mg/m22635697ChemotherapyTemozolomidePROGRESSIONPONO23920111TCGA-DU-7018-D17071de8a8468-26f5-46ad-8a52-b62f67e846ea330mg150mg/m21756605ChemotherapyTemozolomideADJUVANTPONO2392011,,TCGA-DU-7018-F1707018c378df-0866-422a-bffd-67bdd9e939e5DeadProgressive Disease933YES338YES844WITH TUMORYESNO239201190Pre-Adjuvant TherapyProgressive DiseaseYESNO343NO
Central nervous system,Oligoastrocytoma,No,MALE,Alive,-14279,,,800,WHITE,TCGA-DU-7019,DU,7019,1b43ff0c-cf13-4620-b5c7-7abd9129612f,No,YES,C71.0,Mar-82,C71.0,YES,NO,0,39,2009,NO,TUMOR FREE,26,9,2011,NOT HISPANIC OR LATINO,Pre-Adjuvant Therapy,,"Supratentorial, Temporal Lobe",,Cerebral Cortex,NO,Right,YES,NO,YES,NO,NO,Headaches,0 - 30 Days,,,,,,,,,,,,YES,YES,,,NO,,,,,100,,21,,,,01TCGA-DU-7019-D17099407c4659-4e06-40bf-ba0f-7f715113b34f320mg150mg/m212101436ChemotherapyTemozolomideADJUVANTPONO269201101TCGA-DU-7019-D17098768a76e4-31d4-43bc-85d9-e205b2e3b937160mg75mg/m2012871ChemotherapyTemozolomideADJUVANTPONO2692011,TCGA-DU-7019-R1709786a85cd1-84ad-45df-af9f-c080d128a56e2871EXTERNAL BEAM6000cGy30Primary Tumor FieldADJUVANTNO012692011,TCGA-DU-7019-F17096bb5b9965-1de2-4ffe-b7ac-b9331e08d0c6AliveStable Disease800NOTUMOR FREE2692011YESYES
Central nervous system,Astrocytoma,No,FEMALE,Dead,-16667,,315,,WHITE,TCGA-DU-7290,DU,7290,e00a9855-c15e-46ef-988f-25ca64ec4717,No,YES,C71.0,Mar-01,C71.0,NO,YES,0,45,1995,NO,WITH TUMOR,11,10,2011,NOT HISPANIC OR LATINO,,,"Supratentorial, Temporal Lobe",G3,Cerebral Cortex,NO,Right,YES,NO,YES,YES,NO,Headaches,0 - 30 Days,,,,,,,,,,,,,,,,NO,,,,,,,,,,,,,TCGA-DU-7290-F17541ed99b09c-1744-4119-9c6c-d70386514d38Dead315WITH TUMOR11102011NONO
Central nervous system,Astrocytoma,No,MALE,Dead,-25266,,242,,WHITE,TCGA-DU-7292,DU,7292,145f87a3-5e86-4a87-8e49-b166a2271d02,No,YES,C71.0,Mar-01,C71.0,NO,YES,0,69,1997,NO,WITH TUMOR,5,10,2011,NOT HISPANIC OR LATINO,,,"Supratentorial, Temporal Lobe",G3,Not listed in Medical Record,YES,Left,NO,NO,NO,NO,NO,Seizures,91 - 180 Days,YES,,,,< 12 Years,,,,,,,,,,,NO,,,NO,,,,,,,,1TCGA-DU-7292-D17520849dca85-f3f7-4138-98cf-26f78f38d3d920mg20mg/day1176206ChemotherapyTomaxifenPROGRESSIONPONO51020111TCGA-DU-7292-D17519d5d225da-320e-4069-b6ac-2bb4744af8ae100mg100mg/day1176206ChemotherapyProcarbazinePROGRESSIONPONO5102011,TCGA-DU-7292-R17518cbd3769b-1820-4e2f-9c78-70499ac85179158158OTHERSterotactic radiosurgery1200cGy1Local RecurrencePROGRESSIONNO25102011TCGA-DU-7292-R17517bb874f4a-2106-4b76-a851-2e946b69a3222384EXTERNAL BEAM5940cGyPrimary Tumor FieldADJUVANTNO15102011,TCGA-DU-7292-F175151d9caf5d-2042-4b15-9a88-289bbebbec66DeadProgressive Disease242YES91NOWITH TUMORYESYES5102011Progressive DiseaseNOYESNO
Central nervous system,Oligodendroglioma,No,FEMALE,Alive,-19616,,,2869,WHITE,TCGA-DU-7294,DU,7294,3f6ffb08-32a9-4555-bfd1-243b7f526105,No,YES,C71.0,Mar-50,C71.0,NO,YES,0,53,2003,NO,TUMOR FREE,5,10,2011,NOT HISPANIC OR LATINO,Pre-Adjuvant Therapy,,"Supratentorial, Frontal Lobe",G2,Not listed in Medical Record,NO,Right,NO,NO,NO,NO,NO,,,,,,,,,,,,,,NO,NO,,,NO,,,,,100,,793,,,,,,TCGA-DU-7294-F17513e1cd788f-e2eb-41b5-859f-6b3c6fbd2fb6AliveStable Disease2869NOTUMOR FREE5102011Stable DiseaseNONO
Central nervous system,Astrocytoma,No,FEMALE,Dead,-14205,,576,,BLACK OR AFRICAN AMERICAN,TCGA-DU-7298,DU,7298,292cf158-dd47-44a1-912b-73626095a0f7,No,YES,C71.0,Mar-01,C71.0,NO,YES,0,38,2006,NO,WITH TUMOR,12,10,2011,NOT HISPANIC OR LATINO,Preoperative,,"Supratentorial, Temporal Lobe",G3,Cerebral Cortex,NO,Left,YES,NO,YES,NO,NO,Headaches,0 - 30 Days,,,,,,,,,,,,YES,YES,,,NO,,,,,80,,-2,,,,1TCGA-DU-7298-D175000ce65b73-52ed-4e3c-8c63-059390085216350mg200mg/m21207207ChemotherapyTemozolomideADJUVANTPONO111020111TCGA-DU-7298-D17499cd4abb43-8f0d-4aae-ab32-ff00a06e3023140mg75mg/m2141101ChemotherapyTemozolomideADJUVANTPONO12102011,TCGA-DU-7298-R17498b1b06e61-9965-4b82-bfc8-fcd35fdef5a241101EXTERNAL BEAM6000cGy30Primary Tumor FieldADJUVANTNO112102011,TCGA-DU-7298-F1749785485a0d-903c-4718-94f5-7748a959ce70DeadProgressive Disease576YES200YES546WITH TUMORNONO12102011YESYESNO
Central nervous system,Astrocytoma,No,MALE,Dead,-12266,,1339,,WHITE,TCGA-DU-7299,DU,7299,81622da8-9f36-4ea3-b223-d831d8c10f87,No,YES,C71.0,Mar-01,C71.0,NO,YES,0,33,2006,NO,WITH TUMOR,8,11,2011,NOT HISPANIC OR LATINO,Pre-Adjuvant Therapy,,"Supratentorial, Parietal Lobe",G3,Not listed in Medical Record,YES,Left,NO,NO,NO,NO,NO,Seizures,31 - 90 Days,,,,,,,,,,,,YES,YES,NO,NO,NO,,,,,90,,7,,,,3TCGA-DU-7299-D18396162e312c-756b-489c-a377-99bb5708bd8a140mg75mg/m279451157ChemotherapyTemozolomidePROGRESSIONPONO81120112TCGA-DU-7299-D183956c6d5e51-9acf-4db8-9c19-b46d4f36c3c5911mg10mg/kg67211016Targeted Molecular therapyBevacizumabPROGRESSIONIVNO81120112TCGA-DU-7299-D18393a82d62eb-3489-4687-a17a-a46edf04c965256mg125mg/m23721945ChemotherapyIrinotecanPROGRESSIONIVNO81120111TCGA-DU-7299-D18392b7f97f91-d3bd-48ce-a985-648ac665dee8420mg200mg/m21291456ChemotherapyTemozolomideADJUVANTPONO81120111TCGA-DU-7299-D1839170d4e8a3-8e0d-4bed-9501-38f2a5cbef65160mg75mg/m212870ChemotherapyTemozolomideADJUVANTPONO8112011,TCGA-DU-7299-R183906c98e241-d2bb-42ba-8a87-69670d404a762870EXTERNAL BEAM6000cGy30Primary Tumor FieldADJUVANTNO18112011TCGA-DU-7299-R18394ea9afc50-881a-404e-9c83-b5feb3280825948948OTHERStereotactic Radiosurger1800cGy1Local RecurrencePROGRESSIONNO28112011,TCGA-DU-7299-F18389c1eca6e5-7cfd-4d10-8898-6d9ebcaea438DeadProgressive Disease1339YES675NOWITH TUMORYESYES811201190Post-Adjuvant TherapyProgressive DiseaseYESYES428NO
Central nervous system,Oligodendroglioma,Yes,FEMALE,Dead,-19610,,1886,,WHITE,TCGA-DU-7300,DU,7300,a144e4e4-2877-4340-a2bf-524adbde8bc8,No,YES,C71.0,Mar-51,C71.0,NO,YES,0,53,2006,NO,WITH TUMOR,9,10,2011,NOT HISPANIC OR LATINO,Pre-Adjuvant Therapy,,"Supratentorial, Frontal Lobe",G3,Not listed in Medical Record,YES,Right,NO,NO,NO,NO,NO,Seizures,0 - 30 Days,,,,,,,,,,,,NO,YES,NO,NO,NO,,,,,90,,15,,,,2TCGA-DU-7300-D175285431dd7a-6389-4069-92a3-6a0d5c8df2d2mg75mg/m21337368ChemotherapyTemozolomidePROGRESSIONPONO51020112TCGA-DU-7300-D17529c0738f83-af43-470c-b1f3-55d91ecb6c80mgmg/m2764ChemotherapyTemozolomidePROGRESSIONPONO51020113TCGA-DU-7300-D175319fd1c5c0-311e-414e-af6d-45d54346b05fmgmg/kg1086Targeted Molecular therapyBevacizumabPROGRESSIONIVNO51020113TCGA-DU-7300-D17530d2d350cd-bef1-4114-ac7b-7ec3ab44b2f1mgmg/m21086ChemotherapyIrintotecanPROGRESSIONIVNO51020111TCGA-DU-7300-D17527444b1400-212c-4f30-b57b-2d0b8e7b0db3280mg200mg/m2103307ChemotherapyTemozolomideADJUVANTPONO5102011,TCGA-DU-7300-R17526c24bb301-eaf5-45b0-b85d-bef9cdd9bab8337363EXTERNAL BEAMcGyPrimary Tumor FieldPROGRESSIONNO15102011,TCGA-DU-7300-F175242f951115-86cf-435b-960a-65b8de6be64eDeadProgressive Disease1886YES317NOWITH TUMORYESYES9102011100Post-Adjuvant TherapyProgressive DiseaseYESNO317NO
Central nervous system,Oligodendroglioma,No,MALE,Dead,-19644,,788,,WHITE,TCGA-DU-7301,DU,7301,84ae73e4-3b39-4444-9bfb-3fc6057eab32,No,YES,C71.0,Mar-50,C71.0,NO,YES,0,53,2006,NO,WITH TUMOR,12,10,2011,NOT HISPANIC OR LATINO,Pre-Adjuvant Therapy,,"Supratentorial, Temporal Lobe",G2,Not listed in Medical Record,YES,Left,NO,NO,NO,YES,NO,Seizures,> 181 Days,,,,,,,,,,,,NO,YES,,,NO,,,,,100,,14,,,,1TCGA-DU-7301-D17535da481593-0d3e-4440-bd59-c93ce95df640160mg75mg/m212866ChemotherapyTemozolomideADJUVANTPONO121020111TCGA-DU-7301-D175360339bf1b-2b0f-4bff-9616-99a7c337c6d4450mg200mg/m2965369ChemotherapyTemozlomideADJUVANTPONO121020112TCGA-DU-7301-D17537416f8414-2219-49f9-90fb-13a43fb6b5a2280mg125mg/m24379534ChemotherapyIrinotecanPROGRESSIONIVNO121020113TCGA-DU-7301-D17539ba652ae9-a162-43de-88df-d4fa7bade195160mg75mg/m21626643ChemotherapyTemozolomidePROGRESSIONPONO121020112TCGA-DU-7301-D1753842dc258d-7ebc-4fb1-8523-b39d28369a1f1058mg10mg/kg7379629Targeted Molecular therapyBevacizumabPROGRESSIONIVNO12102011,TCGA-DU-7301-R17534f88cf697-3ab8-4d57-855a-dc94237b6d7b2866EXTERNAL BEAM5400cGy27Primary Tumor FieldADJUVANTNO112102011,TCGA-DU-7301-F17533ea8ab6bb-4477-43b8-8e23-ada7f7feed8fDeadProgressive Disease788YES366NOWITH TUMORYESNO1210201160Post-Adjuvant TherapyProgressive DiseaseYESYES366NO
Central nervous system,Oligodendroglioma,No,FEMALE,Alive,-17656,,,1834,WHITE,TCGA-DU-7302,DU,7302,5a769292-c3ce-4e18-b821-2bfe0e24978c,No,YES,C71.0,Mar-51,C71.0,NO,YES,0,48,2006,NO,WITH TUMOR,11,10,2011,NOT HISPANIC OR LATINO,Preoperative,,"Supratentorial, Frontal Lobe",G3,Not listed in Medical Record,YES,Left,NO,NO,NO,NO,NO,Seizures,0 - 30 Days,,,,,,,,,,,,YES,YES,,,NO,,,,,90,,-4,,,,3TCGA-DU-7302-D175460cb7bafc-7b49-415e-9c8d-cd09c26933bc1020mg10mg/kg71691Targeted Molecular therapyBevacizumabPROGRESSIONIVYES111020112TCGA-DU-7302-D17545a3fdb0ab-0826-4b2e-bc73-953b1b75392d155mg75mg/m21013821686ChemotherapyTemozolomidePROGRESSIONPONO111020111TCGA-DU-7302-D17544086ba121-af92-44a0-b136-f364d2d61ae8390mg200mg/m21214530ChemotherapyTemozolomideADJUVANTPONO11102011,,TCGA-DU-7302-F17543a62c9d32-d2f7-462c-9f09-c0f130a1af3fAliveProgressive Disease1834YES1374NOWITH TUMORYESNO1110201170Post-Adjuvant TherapyProgressive DiseaseYESNO1404NO
Central nervous system,Oligoastrocytoma,No,MALE,Dead,-15931,,709,,WHITE,TCGA-DU-7304,DU,7304,d61710c1-8ac3-44e3-b567-66288a6ab731,No,YES,C71.0,Mar-82,C71.0,NO,YES,0,43,2008,NO,WITH TUMOR,4,10,2011,NOT HISPANIC OR LATINO,Pre-Adjuvant Therapy,,"Supratentorial, Frontal Lobe",G3,Not listed in Medical Record,YES,Left,NO,NO,NO,NO,NO,Seizures,0 - 30 Days,,,,,,,,,,,,YES,YES,NO,NO,NO,,,,,80,,8,,,,2TCGA-DU-7304-D17507492b5f3f-0776-4b74-85cf-ffa80d16869d759mg10mg/kg10363623Targeted Molecular therapyBevacizumabPROGRESSIONIVNO41020112TCGA-DU-7304-D175067670b1e3-d6e8-4f91-9f36-9fa51f2bd638241mg125mg/m27363539ChemotherapyIrinotecanPROGRESSIONIVNO41020111TCGA-DU-7304-D175059152384e-f80f-405e-ab67-8634ae067452280mg150mg/m2897318ChemotherapyTemozolomideADJUVANTPONO41020111TCGA-DU-7304-D1750487477a13-3bb0-4f08-baab-53f814a9501e150mg75mg/m212069ChemotherapyTemozolomideADJUVANTPONO4102011,TCGA-DU-7304-R175038444ace7-9063-44ed-9afc-fe32f9a487f12069EXTERNAL BEAM5400cGy30Primary Tumor FieldADJUVANTNO14102011,TCGA-DU-7304-F17502a7ba4aac-768e-432c-b26f-b092c007e0baDeadProgressive Disease709YES309YES332WITH TUMORYESNO410201180Post-Adjuvant TherapyProgressive DiseaseYESYES350NO
Central nervous system,Oligoastrocytoma,No,MALE,Alive,-24800,,,1277,WHITE,TCGA-DU-7306,DU,7306,c35f36b1-ba3d-4eea-bf5a-c95480202176,No,YES,C71.0,Mar-82,C71.0,NO,YES,0,67,2008,NO,WITH TUMOR,11,10,2011,NOT HISPANIC OR LATINO,Preoperative,,"Supratentorial, Temporal Lobe",G2,Not listed in Medical Record,YES,Right,NO,NO,NO,NO,NO,Seizures,0 - 30 Days,,,,,,,,,,,,YES,YES,,,NO,,,,,100,,-11,,,,01TCGA-DU-7306-D17493d7b62d39-291a-455c-bfa1-f56e105a9589160mg75mg/m2011459ChemotherapytemozolomideADJUVANTPONO1110201101TCGA-DU-7306-D17494f5e5a76a-cc3a-45ee-b051-c45252fa2d95310mg150mg/m20697250ChemotherapyTemozolomideADJUVANTPONO1110201102TCGA-DU-7306-D17495c8f0a2bd-3046-41db-bcb7-3774577ca4ae165mg75mg/m21283ChemotherapyTemozolomidePROGRESSIONPOYES12102011,TCGA-DU-7306-R17492f284eee6-d1cb-4afc-b7a8-6efc27a2bf932872EXTERNAL BEAM5940cGy33Primary Tumor FieldADJUVANTNO0111102011,TCGA-DU-7306-F174906e1a0ca9-c080-44b1-a88a-7dfa09d517b0AliveProgressive Disease1277YES1250NOWITH TUMORYESNO11102011YESYESNO
Central nervous system,Oligodendroglioma,No,FEMALE,Alive,-15197,,,84,WHITE,TCGA-DU-7309,DU,7309,ca427acb-034e-42e2-961a-b9d5dc30b741,No,YES,C71.0,Mar-51,C71.0,YES,NO,0,41,2011,NO,WITH TUMOR,4,10,2011,NOT HISPANIC OR LATINO,Pre-Adjuvant Therapy,,"Supratentorial, Frontal Lobe",G3,Cerebral Cortex,YES,Left,YES,NO,YES,YES,YES,Seizures,31 - 90 Days,,,,,,,,,,,,NO,YES,YES,YES,NO,,,,,90,,11,,,,1TCGA-DU-7309-D1751148a26f12-7ec5-410e-827f-8728eae7a1f5140mg75mg/m214184ChemotherapyTemozolomideADJUVANTPONO4102011,TCGA-DU-7309-R1751007a1ad6c-37da-4a97-b90f-c2c07c4f9f784184EXTERNAL BEAM6000cGy30Primary Tumor FieldADJUVANTNO14102011,TCGA-DU-7309-F175093cf8d1ae-19f1-44a9-a6f5-24f97ff367b6AliveStable Disease84NONOWITH TUMORNONO4102011YESYESNO
Central nervous system,Astrocytoma,No,FEMALE,Dead,-21129,,155,,WHITE,TCGA-DU-8158,DU,8158,b8df1577-2a75-4eb7-ab27-f2dd76160730,No,YES,C71.0,Mar-01,C71.0,NO,YES,0,57,2001,NO,WITH TUMOR,15,6,2012,NOT HISPANIC OR LATINO,Pre-Adjuvant Therapy,,"Supratentorial, Frontal Lobe",G3,,,Left,,YES,,,,Mental Status Changes,0 - 30 Days,,,,,,,,,,,,,,,,NO,,,,,80,,8,,,,NOTCGA-DU-8158-D331256009C075-F6A2-495D-929C-4154C2C079EA2166ChemotherapyTemozolomideNO2162012,TCGA-DU-8158-R3312464C652D7-7D1D-4C3B-85A0-767206AC23162166External6000cGy30Primary Tumor FieldNOStable Disease2162012,
Central nervous system,Oligoastrocytoma,No,FEMALE,Dead,-23064,,722,,WHITE,TCGA-DU-8161,DU,8161,b9a3b647-61b3-4d98-90ca-e307ab50984a,No,YES,C71.0,Mar-82,C71.0,NO,YES,0,63,2009,NO,WITH TUMOR,15,6,2012,NOT HISPANIC OR LATINO,Pre-Adjuvant Therapy,,"Supratentorial, Not Otherwise Specified",G3,Not listed in Medical Record,NO,Left,NO,NO,NO,YES,NO,Sensory Changes,31 - 90 Days,,,,,,,,,,,,,YES,,,NO,,,,,70,,14,,,,NOTCGA-DU-8161-D331156F53A1F5-D096-44F4-A3D5-58A2EB152E793978ChemotherapyTemozolomideNOStable Disease2162012NOTCGA-DU-8161-D331160576A374-F67E-4078-8448-105A7EC560739292ChemotherapyTemozolomideNOClinical Progressive Disease2162012NOTCGA-DU-8161-D331170FC1D028-5E10-4C7E-B6FC-88DD0BA67079134575ChemotherapyIrinotecanNOStable Disease2162012NOTCGA-DU-8161-D331189D020EFF-C8D2-4473-8610-F7D5053A97EE162638Targeted Molecular therapyBevacizumabNOClinical Progressive Disease2162012,TCGA-DU-8161-R331137083E821-0AF5-4E11-974C-B4CF0B6E07F326261800cGy1Primary Tumor FieldNOStable Disease2162012TCGA-DU-8161-R3311448A90F7A-C79B-49C6-9B6A-8E60655038323978External6000cGy30Primary Tumor FieldNOStable Disease2162012,TCGA-DU-8161-F51985241C113C-474E-4AAC-87D4-0913FE9BC491NODeadProgressive Disease722YES111YES113WITH TUMORYESNO26112013Scheduled Follow-up SubmissionProgressive DiseaseYESYES
Central nervous system,Oligoastrocytoma,No,FEMALE,Alive,-22596,,,121,WHITE,TCGA-DU-8162,DU,8162,6fab9c30-354b-4f99-9b60-6823c12b9b0a,No,YES,C71.0,Mar-82,C71.0,YES,NO,0,61,2011,NO,WITH TUMOR,15,6,2012,NOT HISPANIC OR LATINO,Pre-Adjuvant Therapy,,"Supratentorial, Temporal Lobe",G3,Not listed in Medical Record,NO,Right,YES,NO,NO,NO,NO,Headaches,0 - 30 Days,,,,,,,,,,,,,,YES,NO,NO,,,,,80,1,21,,,,YESTCGA-DU-8162-D33121FE9B8EF7-4418-4446-9780-E2ECF8FDB8A42470ChemotherapyTemozolomideNOStable Disease2162012NOTCGA-DU-8162-D33122B2AD4B1D-3B7E-4C0E-A590-A2E7ACB3F597108ChemotherapyTemozolomideYES2162012,TCGA-DU-8162-R331203F1FE7EC-3297-4ED8-A619-2FE06234F0C42470External5940cGy33Primary Tumor FieldNOStable Disease2162012TCGA-DU-8162-R44366232A9794-A745-4784-B063-77802DCEFB8D427438ExternalGyLocal RecurrenceNO1962013,TCGA-DU-8162-F44364584694E6-9683-451A-9294-B01A7D5713AENODeadProgressive Disease444YES402WITH TUMORNOYES1962013Scheduled Follow-up SubmissionYESYES
Central nervous system,Oligoastrocytoma,No,MALE,Alive,-10824,,,197,WHITE,TCGA-DU-8163,DU,8163,c81d4681-c02f-4b33-abe0-b6ad7d61194d,No,YES,C71.0,Mar-82,C71.0,YES,NO,0,29,2011,NO,WITH TUMOR,15,6,2012,NOT HISPANIC OR LATINO,,,"Supratentorial, Temporal Lobe",G3,Not listed in Medical Record,YES,Left,NO,NO,NO,NO,NO,Seizures,31 - 90 Days,,,,,,,,,,,,NO,YES,NO,NO,NO,,,,,90,,106,,,,NOTCGA-DU-8163-D331050C5880BB-0FC8-4729-BBE3-71E46ED496843581ChemotherapyTemozolomideNOStable Disease2162012NOTCGA-DU-8163-D331066EAD861C-E1F5-40A4-AAD1-120B9DA21E1587ChemotherapyTemozolomideYES2162012NOTCGA-DU-8163-D4437262C7526F-002E-45DA-BD51-8D092A894B92525ChemotherapyTemozolomideYES1962013,TCGA-DU-8163-R33104F58D5706-D367-4545-892E-CE4B4421DD8E3581External5940cGy33Primary Tumor FieldNOStable Disease2162012,TCGA-DU-8163-F4437194E1D857-1475-47C6-AE93-00E52633456ANOAliveProgressive Disease629YES509WITH TUMORYESNO1962013Scheduled Follow-up SubmissionYESYES
Central nervous system,Oligodendroglioma,No,MALE,Alive,-18735,,,202,WHITE,TCGA-DU-8164,DU,8164,f97a9afe-e54a-4ef0-b458-0c77f938552e,No,YES,C71.0,Mar-50,C71.0,YES,NO,0,51,2011,NO,WITH TUMOR,15,6,2012,NOT HISPANIC OR LATINO,,,"Supratentorial, Frontal Lobe",G2,Cerebral Cortex,YES,Right,NO,NO,NO,NO,NO,Seizures,31 - 90 Days,,,,,,,,,,,,NO,YES,NO,NO,YES,IHC,YES,NO,,,,,,,,NOTCGA-DU-8164-D33147D44F7932-9A40-4D47-BBBB-AA99E873F87A35ChemotherapyTemozolomideYES2162012,,TCGA-DU-8164-F44373555B381F-9838-4DD0-85B9-4B67E76861A4NOAliveStable Disease651NOTUMOR FREE1962013Scheduled Follow-up SubmissionStable DiseaseYESNO
Central nervous system,Oligodendroglioma,No,FEMALE,Alive,-21964,,,185,WHITE,TCGA-DU-8165,DU,8165,11dffe71-b516-41e8-9987-e0ff5d2356d1,No,YES,C71.0,Mar-50,C71.0,YES,NO,0,60,2011,NO,WITH TUMOR,15,6,2012,NOT HISPANIC OR LATINO,Pre-Adjuvant Therapy,,"Supratentorial, Temporal Lobe",G3,Not listed in Medical Record,YES,Left,NO,NO,NO,NO,NO,Seizures,31 - 90 Days,,,,,,,,,,,,NO,YES,YES,NO,NO,,,,,90,,11,,,,NOTCGA-DU-8165-D33110145B8B1F-FD1F-4CF3-9540-94D864B5D2653071ChemotherapyTemozolomideNOStable Disease2162012NOTCGA-DU-8165-D331114859BCE3-A8C5-4D00-BA7C-C4F62A10220E101ChemotherapytemozolomideYES2162012,TCGA-DU-8165-R33109AB9A94B0-31D0-43B1-B74E-0C22833787E03071External6000Gy30Primary Tumor FieldNOStable Disease2162012,TCGA-DU-8165-F46668D999C2B8-38BE-4D30-B3DE-39AFF2C5BE64NOAliveStable Disease582NOTUMOR FREE1382013Scheduled Follow-up SubmissionStable DiseaseYESYES
Central nervous system,Oligoastrocytoma,No,FEMALE,Alive,-10641,,,68,WHITE,TCGA-DU-8166,DU,8166,e488f613-f155-4e11-87d4-8c789ea81691,No,YES,C71.0,Mar-82,C71.0,YES,NO,0,29,2012,NO,WITH TUMOR,15,6,2012,NOT HISPANIC OR LATINO,,,"Supratentorial, Frontal Lobe",G2,Cerebral Cortex,YES,Left,NO,NO,NO,NO,NO,Seizures,0 - 30 Days,,,,,,,,,,,,YES,YES,NO,NO,NO,,,,,,,,,,,NOTCGA-DU-8166-D4435403D4FB11-E295-4227-B12E-3021FB09BC5062143ChemotherapyTemozolomideNOClinical Progressive Disease1962013NOTCGA-DU-8166-D443552F9D24F7-6365-4143-90DF-EE052C74E6F0237433ChemotherapyLomustineNOStable Disease1962013NOTCGA-DU-8166-D44356A971AAD3-1AD3-494D-8945-35B91A1AF170237433ChemotherapyProcarbazineNOStable Disease1962013,TCGA-DU-8166-R44353B95D4DF6-ADC2-4A97-93FC-6854F954FB1D53106External60Gy30Primary Tumor FieldNORadiographic Progressive Disease1962013,TCGA-DU-8166-F46665333C66B0-13E2-4F27-9C7E-1B5959F82CB8NOAliveProgressive Disease516YES193NOWITH TUMORYESNO1382013Scheduled Follow-up SubmissionStable DiseaseYESYES
Central nervous system,Oligoastrocytoma,No,FEMALE,Alive,-25262,,,98,WHITE,TCGA-DU-8167,DU,8167,58c82c76-9198-4c95-80f8-c043d1cea5eb,No,YES,C71.0,Mar-82,C71.0,YES,NO,0,69,2012,NO,WITH TUMOR,15,6,2012,NOT HISPANIC OR LATINO,Preoperative,,"Supratentorial, Frontal Lobe",G2,Not listed in Medical Record,YES,Right,NO,NO,NO,NO,NO,Seizures,> 181 Days,,,,,,,,,,,,NO,YES,,,NO,,,,,100,,-69,,,,,TCGA-DU-8167-R33131EAB94EE5-927C-412D-BF7F-26625A8D04443178External5400cGy27Primary Tumor FieldNOStable Disease2162012,TCGA-DU-8167-F44357097A71A0-C88B-4D08-AA26-560E44DF8FAFNOAliveStable Disease471NOTUMOR FREE1962013Scheduled Follow-up SubmissionStable DiseaseNOYES
Central nervous system,Oligodendroglioma,No,FEMALE,Alive,-20136,,,108,WHITE,TCGA-DU-8168,DU,8168,fc8828ae-484d-4fc8-a168-f8bc58ad65b9,No,YES,C71.0,Mar-51,C71.0,YES,NO,0,55,2012,NO,WITH TUMOR,15,6,2012,NOT HISPANIC OR LATINO,Pre-Adjuvant Therapy,,"Supratentorial, Frontal Lobe",G3,Not listed in Medical Record,NO,Right,YES,NO,NO,NO,NO,Headaches,0 - 30 Days,,,,,,,,,,,,YES,NO,YES,NO,NO,,,,,70,1,14,,,,NOTCGA-DU-8168-D33151A4810C43-5747-4139-B975-76501A8399A32571ChemotherapyTemozolomideNOStable Disease2162012NOTCGA-DU-8168-D33152FC39F971-D16D-40D7-84D1-EF3519EF014F106ChemotherapyTemozolomideYES2162012,TCGA-DU-8168-R3314996CEF708-0CF8-4D90-94CA-32D3F4AEB66F2571External6000cGy30Primary Tumor FieldNOStable Disease2162012,TCGA-DU-8168-F443607D1E6E45-9A92-4D08-A722-6097060DBBD6NOAliveStable Disease431NOTUMOR FREE1962013Scheduled Follow-up SubmissionStable DiseaseYESYES
Central nervous system,Astrocytoma,No,MALE,Alive,-12111,,,433,WHITE,TCGA-DU-A5TP,DU,A5TP,669605F6-39A1-4F8C-81DC-39430FF5F892,No,YES,C71.0,Mar-01,C71.0,YES,NO,0,33,2012,YES,WITH TUMOR,19,6,2013,NOT HISPANIC OR LATINO,Pre-Adjuvant Therapy,YES,"Supratentorial, Parietal Lobe",G3,Not listed in Medical Record,YES,Right,NO,NO,NO,NO,NO,Seizures,0 - 30 Days,NO,YES,YES,NO,> 20 Years,NO,,,NO,,,NO,YES,YES,YES,NO,,,,,70,,6,YES,,YES203YES203NONO,NOTCGA-DU-A5TP-D443528F23D860-77E3-48FD-B210-A6DD1AF2C92432ChemotherapyTemozolomideYES1962013NOTCGA-DU-A5TP-D71613812D527E-CB77-43FC-A1BB-DD6C70B06C24123493ChemotherapyTemozolomideNOStable Disease2732015,TCGA-DU-A5TP-R443517779016B-F5BB-4F5A-B31B-14BD268FBF9E3276External60Gy30Primary Tumor FieldNOStable Disease1962013,TCGA-DU-A5TP-F71612A5AED1D9-C6DB-41DD-81E4-669F4CAE66A2NOAlive1012YES203TUMOR FREEYESNO2732015Scheduled Follow-up SubmissionStable DiseaseYESYES
Central nervous system,Oligoastrocytoma,No,MALE,Alive,-18791,,,383,WHITE,TCGA-DU-A5TR,DU,A5TR,4BD8EBC1-6F6E-44A2-8544-106901A7BAE5,No,YES,C71.0,Mar-82,C71.0,YES,NO,0,51,2012,NO,WITH TUMOR,18,6,2013,NOT HISPANIC OR LATINO,Pre-Adjuvant Therapy,YES,"Supratentorial, Temporal Lobe",G2,Not listed in Medical Record,YES,Left,NO,YES,NO,NO,NO,Seizures,0 - 30 Days,NO,NO,NO,NO,,NO,,,NO,,,YES,YES,YES,YES,NO,,,,,90,,11,YES,,NO,NOTCGA-DU-A5TR-D4429262A543A1-22E3-4C0B-817B-2DF6FADDE48B25ChemotherapyTemozolomideYES1862013,TCGA-DU-A5TR-R44293EB5F5C6D-E53B-43E7-9B8C-27E70CD579F72563External54Gy30Primary Tumor FieldNOStable Disease1862013,TCGA-DU-A5TR-F716110D9DFD57-519F-4FE2-AC62-C27732C93B72NOAlive908YES848YES848TUMOR FREENONO2732015Scheduled Follow-up SubmissionStable DiseaseYESNO
Central nervous system,Oligodendroglioma,No,MALE,Alive,-15650,,,460,BLACK OR AFRICAN AMERICAN,TCGA-DU-A5TS,DU,A5TS,DD163547-43AD-4FE4-873E-83C4C6BE4465,No,YES,C71.0,Mar-50,C71.0,YES,NO,0,42,2012,NO,TUMOR FREE,10,9,2013,NOT HISPANIC OR LATINO,Pre-Adjuvant Therapy,YES,"Supratentorial, Frontal Lobe",G2,Not listed in Medical Record,NO,Right,YES,NO,NO,NO,NO,Headaches,> 181 Days,,,,,,,,,,,,YES,NO,YES,NO,NO,,,,,100,,13,YES,Stable Disease,NO,NOTCGA-DU-A5TS-D481941CDA5AF0-27B3-4B75-AB14-AF4DECFDF77025415ChemotherapyTemodarNOStable Disease1092013,TCGA-DU-A5TS-R4819347A2C01C-E084-45E9-BCC0-801AA6B81A4A2549External54Gy30Primary Tumor FieldNOStable Disease1092013,TCGA-DU-A5TS-F71496C2CAA0D1-7B61-424E-B086-3AA4B95B92C3NOAliveStable Disease964YES551NOTUMOR FREEYESNO2632015Scheduled Follow-up SubmissionStable DiseaseYESYESNO
Central nervous system,Oligodendroglioma,No,MALE,Alive,-25726,,,151,WHITE,TCGA-DU-A5TT,DU,A5TT,699D3BA1-94C8-409F-90C3-E7FE2F1CF825,No,YES,C71.0,Mar-51,C71.0,YES,NO,0,70,2013,NO,WITH TUMOR,18,6,2013,NOT HISPANIC OR LATINO,,YES,"Supratentorial, Frontal Lobe",G3,Not listed in Medical Record,YES,Left,NO,NO,NO,NO,NO,Seizures,91 - 180 Days,NO,NO,YES,NO,> 20 Years,NO,,,YES,cat,> 20 Years,NO,YES,YES,NO,YES,IHC,NO,,,,,,YES,,NO,NOTCGA-DU-A5TT-D443015D04902F-3DD4-47DB-9597-CCDBA403750E16ChemotherapyTemozolomideYES1862013,TCGA-DU-A5TT-R44299D0EB0C45-2D1C-4ED7-BEE0-20B1AEA2808D1657External60Gy30Primary Tumor FieldNOStable Disease1862013TCGA-DU-A5TT-R71495DD622600-13CB-420D-B4FB-B065817B0AA8613617External24Gy4Local RecurrenceNORadiographic Progressive Disease2632015,TCGA-DU-A5TT-F71494D1DDE5CC-8BF5-46D5-A9F1-51F4FABA08FBNOAlive743YES584NOWITH TUMORNOYES2632015Scheduled Follow-up SubmissionProgressive DiseaseYESYESNO
Central nervous system,Astrocytoma,No,FEMALE,Alive,-22811,,,111,WHITE,TCGA-DU-A5TU,DU,A5TU,1C095C4A-DF97-402E-902C-FC83BCF8EF88,No,YES,C71.0,Mar-00,C71.0,YES,NO,0,62,2013,NO,WITH TUMOR,14,5,2013,NOT HISPANIC OR LATINO,Other,NO,"Supratentorial, Frontal Lobe",G2,Cerebral Cortex,NO,Left,NO,YES,NO,NO,NO,Mental Status Changes,0 - 30 Days,NO,NO,NO,NO,,YES,Eggs,12 - 20 Years,NO,,,YES,NO,YES,NO,NO,,,NO,,50,,47,NO,,,NOTCGA-DU-A5TU-D71324EA6B1A2E-5E6D-4403-8482-A641A0E2C5B2627ChemotherapyTemozolomideYESStable Disease2432015,TCGA-DU-A5TU-R713232155BEB8-23FF-48A5-B5D5-BF79E7244867131166External54Gy27Primary Tumor FieldNORadiographic Progressive Disease2432015,TCGA-DU-A5TU-F713224D44056F-725F-462D-AD37-22D9CC011C84NOAliveProgressive Disease796YES186NOWITH TUMORYESNO2432015Scheduled Follow-up SubmissionStable DiseaseNOYES
Central nervous system,Astrocytoma,No,FEMALE,Alive,-12107,,,172,BLACK OR AFRICAN AMERICAN,TCGA-DU-A5TW,DU,A5TW,4C167F09-D664-425F-BD84-6FF8C21B272B,No,YES,C71.0,Mar-01,C71.0,YES,NO,0,33,2012,NO,WITH TUMOR,18,6,2013,NOT HISPANIC OR LATINO,Other,NO,"Supratentorial, Frontal Lobe",G3,Not listed in Medical Record,YES,Right,NO,YES,NO,NO,NO,Seizures,> 181 Days,,,,,,,,,,,,YES,YES,,,YES,IHC,YES,,,100,,53,NO,Progressive Disease,NONO,,,TCGA-DU-A5TW-F7132117A68D60-5301-4640-BDFB-29F9E672E4C1NOAliveProgressive Disease760NONOWITH TUMORNONO2432015Scheduled Follow-up SubmissionProgressive DiseaseNONO
Central nervous system,Astrocytoma,No,FEMALE,Alive,-16945,,,371,WHITE,TCGA-DU-A5TY,DU,A5TY,0167CF11-74BE-4701-AB9A-4E057D4BB545,No,YES,C71.0,Mar-01,C71.0,YES,NO,0,46,2012,NO,WITH TUMOR,14,5,2013,NOT HISPANIC OR LATINO,,YES,"Supratentorial, Parietal Lobe",G3,Not listed in Medical Record,YES,Left,NO,YES,NO,NO,NO,Seizures,0 - 30 Days,NO,NO,NO,NO,,NO,,,,,,YES,YES,NO,NO,YES,IHC,NO,,,,,,YES,,NO,NOTCGA-DU-A5TY-D43151D513EE25-1F99-4AB0-B5E6-1DC3F9A896271764ChemotherapyTemozolomideNOStable Disease1452013NOTCGA-DU-A5TY-D43152AEE678D7-9A1F-42D2-AC2A-2A69B93B504A79TemozolomideYESStable Disease1452013YESTCGA-DU-A5TY-D71311ACB8A855-B072-4C9B-8DAC-71E04B4E3D8F553812ChemotherapyMibefradilNOClinical Progressive Disease2432015YESTCGA-DU-A5TY-D7131416FD7E66-71DE-46C1-8137-8438D870707D553812ChemotherapyTemozolomideNOClinical Progressive Disease2432015NOTCGA-DU-A5TY-D71315A53ACC9C-1221-4CF3-AAAC-458E728EEEF8814855ChemotherapyLomustineNOClinical Progressive Disease2432015NOTCGA-DU-A5TY-D7131620EC2652-DBC9-4B60-91D0-72DF2238C13E814855ChemotherapyProcarbazineNOClinical Progressive Disease2432015NOTCGA-DU-A5TY-D7131877E2D94A-C04E-4377-A483-E5F22FF9E830872914Targeted Molecular therapybevacizumabNOClinical Progressive Disease2432015,TCGA-DU-A5TY-R43150568FCC5F-8E0C-4CE1-9293-3494A1AD70091734External6000cGy30Primary Tumor FieldNOStable Disease1452013TCGA-DU-A5TY-R7131928143B3E-5A8D-44F1-A95B-E1FF52A82830980989External56Gy8Local RecurrenceNORadiographic Progressive Disease2432015,TCGA-DU-A5TY-F713023B48BFEF-E87E-44E1-9603-C3FEBB34D10ANODead1033YES526YES536WITH TUMORYESYES2432015Scheduled Follow-up SubmissionProgressive DiseaseYESYESYES955
Central nervous system,Oligodendroglioma,No,FEMALE,Alive,-13597,,,263,BLACK OR AFRICAN AMERICAN,TCGA-DU-A6S2,DU,A6S2,BAADDD76-277F-4C90-9CC2-0FECE30C9735,No,YES,C71.0,Mar-50,C71.0,YES,NO,0,37,2013,NO,TUMOR FREE,23,10,2013,NOT HISPANIC OR LATINO,Pre-Adjuvant Therapy,NO,"Supratentorial, Frontal Lobe",G2,Cerebral Cortex,NO,Right,YES,NO,NO,NO,NO,Headaches,31 - 90 Days,NO,YES,NO,YES,> 20 Years,NO,,,YES,long hair cats,< 12 Years,YES,NO,YES,NO,YES,IHC,YES,NO,,70,,11,NO,Stable Disease,NO,,,TCGA-DU-A6S2-F716203A968595-C0A1-42BE-A3EC-D2FEF91A6A27NOAliveStable Disease777NOTUMOR FREENONO2732015Scheduled Follow-up SubmissionStable DiseaseNONO
Central nervous system,Oligodendroglioma,No,MALE,Alive,-22038,,,82,WHITE,TCGA-DU-A6S3,DU,A6S3,1E713E76-064D-46DC-A53C-20A17EB68341,No,YES,C71.0,Mar-50,C71.0,YES,NO,0,60,2013,NO,TUMOR FREE,20,11,2013,NOT HISPANIC OR LATINO,,NO,"Supratentorial, Frontal Lobe",G2,Not listed in Medical Record,NO,Right,NO,NO,NO,NO,YES,Motor/Movement Changes,91 - 180 Days,,,,,,,,,,,,NO,NO,,,NO,,,NO,,,,,NO,Stable Disease,NO,,,TCGA-DU-A6S3-F71619FEF71773-3DC0-470F-BD4F-397E3C6F704CNOAliveStable Disease656NOTUMOR FREENONO2732015Scheduled Follow-up SubmissionYESNO
Central nervous system,Oligoastrocytoma,No,FEMALE,Alive,-12809,,,2372,WHITE,TCGA-DU-A6S6,DU,A6S6,3BAA0015-885C-487A-9076-236F404FEB3E,No,YES,C71.0,Mar-82,C71.0,NO,YES,0,35,2007,NO,WITH TUMOR,22,10,2013,NOT HISPANIC OR LATINO,Other,NO,"Supratentorial, Frontal Lobe",G2,White Matter,NO,Right,YES,NO,NO,NO,NO,Headaches,31 - 90 Days,NO,NO,YES,NO,< 12 Years,NO,,,NO,,,NO,NO,NO,NO,NO,,,NO,,90,,184,YES,,YES2267YES2267NOYES,NOTCGA-DU-A6S6-D5031787C4496C-1A16-4364-910C-E394CEC958FA25272ChemotherapyTemozolomideNOStable Disease22102013NOTCGA-DU-A6S6-D503182820AAAD-AA7B-470E-944B-24A751CB36162283ChemotherapyTemozolomideYES22102013NOTCGA-DU-A6S6-D7161892B51D0D-4FD1-40A7-84ED-BCAB8709BC9722812492ChemotherapyTemozolomideNOStable Disease2732015,,TCGA-DU-A6S6-F716177BEEB7BC-8363-4B89-BEE4-871F140799D6NOAlive2893YES2277YES2277TUMOR FREEYESNO2732015Scheduled Follow-up SubmissionStable DiseaseYESNO
Central nervous system,Astrocytoma,No,FEMALE,Alive,-10170,,,220,WHITE,TCGA-DU-A6S7,DU,A6S7,A56C2083-33D5-4C98-B85F-3B68A3D80ADD,No,YES,C71.0,Mar-01,C71.0,YES,NO,0,27,2013,NO,WITH TUMOR,22,10,2013,NOT HISPANIC OR LATINO,Preoperative,YES,"Supratentorial, Frontal Lobe",G3,Not listed in Medical Record,YES,Left,NO,NO,NO,NO,NO,Seizures,> 181 Days,NO,NO,YES,NO,12 - 20 Years,NO,,,NO,,,NO,YES,NO,NO,YES,IHC,YES,NO,,90,,-14,YES,,NO,NOTCGA-DU-A6S7-D5031494B12D32-E713-4FE1-A354-7969289F81952357ChemotherapyTemozolomideNOStable Disease22102013NOTCGA-DU-A6S7-D50315B5521E8F-701E-4DC4-B35D-A0B7C318DDD2129ChemotherapyTemozolomideYES22102013NOTCGA-DU-A6S7-D71616861014FE-D585-429C-8C4B-933CFB115738129464ChemotherapyTemozolomideNOStable Disease2732015,TCGA-DU-A6S7-R5031322B08DA5-75AE-4F6F-A038-D85C25286B912367External60Gy30Primary Tumor FieldNOStable Disease22102013,TCGA-DU-A6S7-F71615A24E0A8D-118E-4A0F-AC39-43AB0851392FNOAliveStable Disease638NOTUMOR FREENONO2732015Scheduled Follow-up SubmissionStable DiseaseYESYES
Central nervous system,Oligodendroglioma,No,FEMALE,Alive,-27084,,,182,WHITE,TCGA-DU-A6S8,DU,A6S8,9CD3B3C6-2268-4E43-964B-B7A4DAF6FC6F,No,YES,C71.0,Mar-51,C71.0,YES,NO,0,74,2013,NO,WITH TUMOR,18,10,2013,NOT HISPANIC OR LATINO,Pre-Adjuvant Therapy,NO,"Supratentorial, Frontal Lobe",G3,Not listed in Medical Record,NO,Right,NO,YES,NO,NO,NO,Mental Status Changes,> 181 Days,NO,NO,NO,NO,,NO,,,NO,,,NO,NO,NO,NO,YES,IHC,YES,NO,,90,,14,YES,,NO,NOTCGA-DU-A6S8-D5023105FB684B-BCF9-4C5F-9CF7-486F9A4EEA1A57ChemotherapyTemozolomideYES18102013,,TCGA-DU-A6S8-F71614131A2AEA-4162-4D87-AA54-F00CBB2CFE07NOAliveProgressive Disease678YES641WITH TUMORNONO2732015Scheduled Follow-up SubmissionYESNO
Central nervous system,Oligodendroglioma,No,MALE,Dead,-31776,,347,,WHITE,TCGA-DU-A76K,DU,A76K,30BF5895-0671-4FB1-A96D-857847FCF7B0,No,YES,C71.0,Mar-50,C71.0,NO,YES,0,87,1999,NO,WITH TUMOR,22,10,2013,NOT HISPANIC OR LATINO,,YES,"Supratentorial, Parietal Lobe",G2,Not listed in Medical Record,NO,Right,YES,NO,NO,NO,NO,Headaches,> 181 Days,,,,,,,,,,,,,,,,NO,,,,,,,,NO,Progressive Disease,YES203YES203NOYES,NOTCGA-DU-A76K-D5034367766C84-4517-44DE-BCA9-0A2EEA468543236269ChemotherapyTemozolomideNOClinical Progressive Disease22102013,TCGA-DU-A76K-R50342E318B914-F5F7-4D73-A7AC-D207A2C8CA9D3482External59.4Gy33Primary Tumor FieldNOStable Disease22102013,
Central nervous system,Oligodendroglioma,No,MALE,Dead,-19823,,814,,WHITE,TCGA-DU-A76L,DU,A76L,395798C5-3136-4A30-8557-A67A3ABDECAF,No,YES,C71.0,Mar-51,C71.0,NO,YES,0,54,2000,NO,WITH TUMOR,22,10,2013,NOT HISPANIC OR LATINO,,YES,"Supratentorial, Temporal Lobe",G3,Not listed in Medical Record,NO,Right,YES,NO,NO,NO,NO,Headaches,0 - 30 Days,,,,,,,,,,,,,,YES,,NO,,,,,,,,YES,Progressive Disease,YES410YES441NONOYES,NOTCGA-DU-A76L-D5032317E31019-21A1-48CA-8472-48CD1CEAD9B51657ChemotherapyTemozolomideNOStable Disease22102013NOTCGA-DU-A76L-D50324D3A914AA-DC46-4157-98C9-D4F975FFD86B54406ChemotherapyTemozolomideNOClinical Progressive Disease22102013YESTCGA-DU-A76L-D50331225CBF1C-33B0-428A-9718-F9F4236532BA588617ChemotherapyProcarbazineNOClinical Progressive Disease22102013YESTCGA-DU-A76L-D503326ACA75BD-AD14-4501-9992-FF1E76A48199651732Targeted Molecular therapyCilengtideNOClinical Progressive Disease22102013,TCGA-DU-A76L-R50322535FF4EB-212C-4AD2-8AE7-37C121D9891E1657External60Gy30Primary Tumor FieldNOStable Disease22102013,
Central nervous system,Astrocytoma,"Yes, History of Prior Malignancy",MALE,Alive,-10960,,,217,WHITE,TCGA-DU-A76O,DU,A76O,C56FA247-AD97-4DCE-A2D3-9BDFC5DC7B1B,No,YES,C71.0,Mar-00,C71.0,YES,NO,0,30,2013,NO,WITH TUMOR,18,10,2013,NOT HISPANIC OR LATINO,,YES,"Supratentorial, Frontal Lobe",G2,Not listed in Medical Record,YES,Left,NO,NO,NO,NO,NO,Seizures,> 181 Days,NO,NO,NO,NO,,NO,,,NO,,,NO,YES,NO,NO,YES,IHC,NO,NO,,,,,YES,,NO,NOTCGA-DU-A76O-D502341C804B86-2372-4F40-80DC-03362D801B794994ChemotherapyTemozolomideNOStable Disease18102013NOTCGA-DU-A76O-D502354F9A0EDA-E68B-4E0F-AE64-C0A5AD4F12FD115ChemotherapyTemozolomideYES18102013,TCGA-DU-A76O-R502336A0929BA-C4F9-4603-857E-B77D41E288354994External60Gy33Primary Tumor FieldNOStable Disease18102013,TCGA-DU-A76O-F7162132357AA7-5D8E-4620-93FF-F77AC4DDC231YESAlive5222732015Scheduled Follow-up SubmissionYESYES
Central nervous system,Oligodendroglioma,No,MALE,Dead,-18939,,648,,WHITE,TCGA-DU-A76R,DU,A76R,823F571A-3CFD-465D-95FD-187A398CCF6F,No,YES,C71.0,Mar-51,C71.0,NO,YES,0,51,2006,NO,WITH TUMOR,22,10,2013,NOT HISPANIC OR LATINO,Pre-Adjuvant Therapy,YES,"Supratentorial, Frontal Lobe",G3,Not listed in Medical Record,NO,Right,NO,YES,NO,NO,YES,Mental Status Changes,0 - 30 Days,,,,,,,,,,,,YES,YES,,,NO,,,,,50,,60,NO,Progressive Disease,YES338YES344YESYES,NOTCGA-DU-A76R-D503372B58828D-44A4-445E-AB04-8F22AF55BEE5389394ChemotherapyTemozolomideNOClinical Progressive Disease22102013,TCGA-DU-A76R-R50335BC15647F-1DB7-4600-94F9-B3016555F60D98135External30GyPrimary Tumor FieldNORadiographic Progressive Disease22102013TCGA-DU-A76R-R5033690445D9D-E3AB-4738-9CB9-758F7E557713389394External30Gy3Local RecurrenceNORadiographic Progressive Disease22102013,
Central nervous system,Oligodendroglioma,No,FEMALE,Dead,-26766,,547,,WHITE,TCGA-DU-A7T6,DU,A7T6,A0672F6F-6406-4D49-96D0-6AFD571BBD00,No,YES,C71.0,Mar-51,C71.0,NO,YES,0,73,2002,NO,WITH TUMOR,23,12,2013,NOT HISPANIC OR LATINO,Pre-Adjuvant Therapy,,"Supratentorial, Frontal Lobe",G3,Not listed in Medical Record,NO,Right,YES,NO,NO,NO,NO,Headaches,> 181 Days,,,,,,,,,,,,,,,,NO,,,,,60,,53,,,,,,
Central nervous system,Oligoastrocytoma,No,MALE,Alive,-13108,,,3787,WHITE,TCGA-DU-A7T8,DU,A7T8,04E6E843-7F31-43DA-B111-280CE2BD1949,No,YES,C71.0,Mar-82,C71.0,NO,YES,0,35,2003,NO,WITH TUMOR,23,12,2013,NOT HISPANIC OR LATINO,Other,YES,"Supratentorial, Frontal Lobe",G3,Not listed in Medical Record,NO,Right,YES,YES,NO,YES,YES,Mental Status Changes,91 - 180 Days,NO,YES,NO,NO,< 12 Years,NO,,,NO,,,,,NO,NO,NO,,,,,100,,80,YES,Stable Disease,YES3028YES3028NOYES,NOTCGA-DU-A7T8-D54838B31AF3E2-7AC3-4677-A9D2-FF5D4D0C368B147193ChemotherapyTemozolomideNOStable Disease23122013NOTCGA-DU-A7T8-D54839BB8C1762-3228-4014-88BF-A3056543F75F211407ChemotherapyTemozolomideNOStable Disease23122013NOTCGA-DU-A7T8-D5484076C09742-BA08-49FB-85A5-CBFA20A1510830613215ChemotherapyTemozolomideNOClinical Progressive Disease23122013NOTCGA-DU-A7T8-D71630D69B0F68-C3EC-47F6-B0DC-522C299B088738653901ChemotherapyTemozolomideNOClinical Progressive Disease2732015NOTCGA-DU-A7T8-D71631BE695CC6-4636-4C29-BDB6-A048860C021740014194ChemotherapyLomustine (CCNU)NOClinical Progressive Disease2732015NOTCGA-DU-A7T8-D7163260D3734B-23AB-40A3-9D2E-8A85A22BC4A040014194Targeted Molecular therapybevacizumabNOClinical Progressive Disease2732015,TCGA-DU-A7T8-R54837B6FCEC32-4838-450A-8639-4618EFF7D721147193External5940cGy27Primary Tumor FieldNOStable Disease23122013,TCGA-DU-A7T8-F716293E8CDE54-B7B1-47D6-8B6D-F534A7B09314NODeadProgressive Disease4229YES3009YES3028WITH TUMORYESNO2732015Scheduled Follow-up SubmissionProgressive DiseaseYESYESYES3759
Central nervous system,Oligodendroglioma,No,MALE,Alive,-11764,,,2369,WHITE,TCGA-DU-A7TA,DU,A7TA,EF12BFB7-4147-407F-84E9-586DBB10D583,No,YES,C71.0,Mar-50,C71.0,NO,YES,0,32,2007,NO,TUMOR FREE,23,12,2013,NOT HISPANIC OR LATINO,Pre-Adjuvant Therapy,YES,"Supratentorial, Occipital Lobe",G2,Not listed in Medical Record,NO,Right,NO,NO,YES,NO,NO,Visual Changes,> 181 Days,NO,NO,YES,NO,12 - 20 Years,NO,,,NO,,,NO,NO,NO,NO,NO,,,,,80,,17,YES,Stable Disease,NO,NOTCGA-DU-A7TA-D54834DE394888-84AB-408B-9F41-E3BEE9D96E4C3370ChemotherapyTemozolomideNOStable Disease23122013NOTCGA-DU-A7TA-D5483534144EAA-92D6-45E8-A9A8-A1E143BB976177413ChemotherapyTemozolomideNOStable Disease23122013,TCGA-DU-A7TA-R54833303FB194-AD83-47AD-A8AF-7B124C195D173370External54Gy27Primary Tumor FieldNOStable Disease23122013,TCGA-DU-A7TA-F71628A8405ACC-9E5A-4B72-A896-EF161B36A069NOAliveStable Disease2565NOTUMOR FREE2732015Scheduled Follow-up SubmissionYESYES
Central nervous system,Oligodendroglioma,No,MALE,Alive,-20704,,,1287,ASIAN,TCGA-DU-A7TB,DU,A7TB,D3D8987D-0A54-45F8-B9C9-17EC89FA864E,No,YES,C71.0,Mar-50,C71.0,YES,NO,0,56,2010,NO,TUMOR FREE,23,1,2014,NOT HISPANIC OR LATINO,Post-Adjuvant Therapy,,"Supratentorial, Temporal Lobe",G2,Not listed in Medical Record,YES,Right,NO,NO,NO,NO,NO,Seizures,0 - 30 Days,,,,,,,,,,,,YES,YES,NO,NO,NO,,,,,100,,1111,YES,Progressive Disease,YES74NONOYESYES,NOTCGA-DU-A7TB-D560042310184D-B65B-4230-891C-E385DB08D9E42057ChemotherapyTemozolomideNOClinical Progressive Disease2312014NOTCGA-DU-A7TB-D56005ACA8EACC-BD7E-464E-9A01-A4C2BF5C904188127ChemotherapyTemozolomideNOStable Disease2312014NOTCGA-DU-A7TB-D56006A8CF72D5-C8C6-4786-9DE9-9CCD9F0E687F153518ChemotherapyTemozolomideNOStable Disease2312014,TCGA-DU-A7TB-R5600702607A1F-021F-453C-BF40-E11ADAD741D088124External54Gy27Primary Tumor FieldNOStable Disease2312014,TCGA-DU-A7TB-F716278C26065D-9F1C-40CC-9F9E-56B8D098E5A0NOAliveProgressive Disease1567YES74NOTUMOR FREEYESYES2732015Scheduled Follow-up SubmissionStable DiseaseYESNO
Central nervous system,Astrocytoma,No,MALE,Alive,-11884,,,715,WHITE,TCGA-DU-A7TC,DU,A7TC,5A3EF1CB-C98E-473A-B097-20307B04BC1B,No,YES,C71.0,Mar-00,C71.0,YES,NO,0,32,2011,,TUMOR FREE,23,1,2014,NOT HISPANIC OR LATINO,,NO,"Supratentorial, Frontal Lobe",G2,Not listed in Medical Record,NO,Right,YES,YES,NO,NO,NO,Headaches,> 181 Days,NO,NO,NO,NO,,,,,,,,NO,NO,YES,NO,NO,,,,,90,,,NO,,NO,,,TCGA-DU-A7TC-F716263DFCCE21-3C7E-4AD7-A244-8063756CFE38NOAlive1137YES1114WITH TUMOR2732015Scheduled Follow-up SubmissionNONO
Central nervous system,Oligoastrocytoma,No,MALE,Dead,-19025,,228,,WHITE,TCGA-DU-A7TD,DU,A7TD,E349D8AA-BB82-4CE8-B14C-61216289F25B,No,YES,C71.0,Mar-82,C71.0,YES,NO,0,52,2012,NO,WITH TUMOR,3,2,2014,NOT HISPANIC OR LATINO,Post-Adjuvant Therapy,YES,"Supratentorial, Temporal Lobe",G3,,NO,Right,NO,NO,NO,NO,YES,Motor/Movement Changes,0 - 30 Days,,,,,,,,,,,,YES,YES,,,NO,,,,,60,,170,YES,Progressive Disease,YES188YES188NONO,NOTCGA-DU-A7TD-D56313D9622AE8-7E36-415A-A2B5-745803CEF0C42263ChemotherapyTemozolomideNOStable Disease322014NOTCGA-DU-A7TD-D56314300D4223-5E66-4FF5-9DAF-1B6E6E9A187077151ImmunotherapyTemozolomideNOClinical Progressive Disease322014,TCGA-DU-A7TD-R563125FB33F7B-CB4D-4453-B214-4B74C040A0362263External60Gy30Primary Tumor FieldNOStable Disease322014,
Central nervous system,Oligodendroglioma,No,MALE,Dead,-14671,,1351,,WHITE,TCGA-DU-A7TG,DU,A7TG,62EC50E7-636E-46C6-AFED-66BF217B59C1,No,YES,C71.0,Mar-50,C71.0,NO,YES,0,40,2008,NO,,3,2,2014,NOT HISPANIC OR LATINO,Post-Adjuvant Therapy,NO,"Supratentorial, Frontal Lobe",G2,Not listed in Medical Record,NO,Right,NO,YES,NO,NO,NO,Mental Status Changes,0 - 30 Days,,,,,,,,,,,,,,YES,NO,NO,,,,,70,,59,YES,,,NOTCGA-DU-A7TG-D56330861B5CB7-3DED-4E28-AED7-0360F4F277F326128ChemotherapyTemozolomideNO322014,,
Central nervous system,Astrocytoma,No,MALE,Dead,-11906,,1183,,WHITE,TCGA-DU-A7TI,DU,A7TI,0EFAF8F9-177C-4FFB-B03F-F0316ADF5DC1,No,YES,C71.0,Mar-01,C71.0,NO,YES,0,32,1998,,WITH TUMOR,5,2,2014,NOT HISPANIC OR LATINO,,YES,"Supratentorial, Frontal Lobe",G3,Cerebral Cortex,YES,Left,NO,YES,NO,NO,NO,Seizures,91 - 180 Days,,,,,,,,,,,,,YES,,,NO,,,,,,,,YES,Progressive Disease,YES822YES840NONOYES,YESTCGA-DU-A7TI-D564003DBCD02E-18B5-4232-83A3-CBC38B81A66A232567SU101Targeted Molecular TherapyNOStable Disease522014YESTCGA-DU-A7TI-D56401FBC93972-332A-4D0B-B1F9-36513FE8138C840840ONYX-015Targeted Molecular TherapyNOStable Disease522014NOTCGA-DU-A7TI-D564020B8FDF31-EB56-4FB1-8911-0881FCD1E9149321085ChemotherapyTemozolomideNOClinical Progressive Disease522014NOTCGA-DU-A7TI-D564038D714D3D-DD1F-44B6-B734-026BF73E841611151154Chemotherapycis-retinoic acidNOClinical Progressive Disease522014NOTCGA-DU-A7TI-D56404F92A10E6-179B-4166-8B5F-6D6EA935DA8711151154ChemotherapyCarmustine (BCNU)NOClinical Progressive Disease522014,TCGA-DU-A7TI-R56399F0B2F0E0-52FD-4325-82B1-72BF7AFBE618External59GyPrimary Tumor FieldNORadiographic Progressive Disease522014,
Central nervous system,Astrocytoma,No,MALE,Alive,-20394,,,17,BLACK OR AFRICAN AMERICAN,TCGA-DU-A7TJ,DU,A7TJ,BA910760-EBB5-41BA-81A1-C5355E3D3087,No,YES,C71.0,Mar-01,C71.0,YES,NO,0,55,2013,NO,WITH TUMOR,5,2,2014,NOT HISPANIC OR LATINO,,,"Supratentorial, Temporal Lobe",G3,Not listed in Medical Record,YES,Right,YES,,,,,Seizures,31 - 90 Days,,,,,,,,,,,,YES,YES,,,YES,IHC,YES,NO,,,,,,,,,,TCGA-DU-A7TJ-F716245F13BC9F-57F1-442E-82D1-89B3E5326D7FYESAlive172732015Scheduled Follow-up Submission
Central nervous system,Astrocytoma,No,MALE,Dead,-15230,,1525,,WHITE,TCGA-E1-5302,E1,5302,837b51d0-e6b7-431b-a5f3-7615bdf12b67,No,YES,C71.9,Mar-01,C71.9,NO,YES,0,41,1998,NO,WITH TUMOR,16,1,2011,NOT HISPANIC OR LATINO,Post-Adjuvant Therapy,,"Supratentorial, Frontal Lobe",G3,Not listed in Medical Record,YES,Left,NO,NO,NO,NO,NO,Seizures,0 - 30 Days,NO,NO,,,,,,,,,,YES,YES,YES,NO,NO,,,,,100,,1254,,,,"1TCGA-E1-5302-D75742dcf157b-be37-47b2-bf3c-7b00b52229a67840mg75mg/m2248154ChemotherapyProcarbazineADJUVANTPONO16120117TCGA-E1-5302-D7584c5b80291-66ea-4e01-815c-852f2e3ca5345670mg340mg/m2313221434ChemotherapyCPT-11PROGRESSIONIVNO16120116TCGA-E1-5302-D7583cbc81bae-7c74-4d4e-909e-78de7bec54168400mg100mg112551303Hormone TherapyTamoxifenPROGRESSIONPONO16120111TCGA-E1-5302-D75752d204677-5bb2-41ec-bf6e-f4fa7598a8df8mg1.4mg/m2248154ChemotherapyVincristineADJUVANTIVNO16120114TCGA-E1-5302-D758061f57525-7536-466e-baa5-6479ad79ba9914000mg100mg5294433Hormone TherapyTamoxifenADJUVANTPONO16120116TCGA-E1-5302-D7582d51c21de-9ee1-4f03-9204-7c5eaf5f1647200mg110mg/m2112551303ChemotherapyCCNUPROGRESSIONPONO16120111TCGA-E1-5302-D757645fdba35-ce60-4fd5-a286-d019d4420eca480mg130mg/m2248154ChemotherapyCCNUADJUVANTPONO16120115TCGA-E1-5302-D7581f8ac81dc-e450-4733-8d88-27b575fb5e0411100mg200mg/m26433643ChemotherapyTemozolomideADJUVANTPONO16120113TCGA-E1-5302-D75779a3dd9aa-87ee-4227-af43-6166975ee44b7840mg75mg/m22202294ChemotherapyProcarbazineADJUVANTPONO16120113TCGA-E1-5302-D757989e69533-028b-448e-a26c-763557be3b07480mg130mg/m22202294ChemotherapyCCNUADJUVANTPONO16120117TCGA-E1-5302-D7585675eb0bf-0fe1-4378-8402-07804245657e100800mg400mg313221434Other, specify in notesNSAIDCelebrexPROGRESSIONPONO16120118TCGA-E1-5302-D7586ffda16d4-ddf9-4f0a-aa66-7096203b69653700mg200mg/m2214341493ChemotherapyTemozolomidePROGRESSIONPONO16120113TCGA-E1-5302-D7578cd15de85-acfa-4ddb-b91d-ce601ea1fec38mg1.4mg/m22202294ChemotherapyVincristineADJUVANTIVNO1612011",TCGA-E1-5302-R75732e8b59d8-5b5e-4982-8c4c-7fedb64ec914154195EXTERNAL BEAM5940cGy33Primary Tumor FieldADJUVANTNO21612011,TCGA-E1-5302-F757249d1e588-b21e-4282-8b9b-9145b04e0084DeadStable Disease1525YES1242NOWITH TUMORYESYES1312011100Post-Adjuvant TherapyProgressive DiseaseYESYES1254NO
Central nervous system,Astrocytoma,No,MALE,Dead,-14212,,2052,,WHITE,TCGA-E1-5303,E1,5303,44a5c3b4-62a7-407b-b492-7069e1a43a26,No,YES,C71.9,Mar-01,C71.9,NO,YES,0,38,1998,NO,WITH TUMOR,19,1,2011,NOT HISPANIC OR LATINO,Post-Adjuvant Therapy,,"Supratentorial, Frontal Lobe",G3,Not listed in Medical Record,YES,Left,NO,NO,NO,NO,NO,Seizures,0 - 30 Days,NO,NO,,,,,,,,,,YES,YES,YES,NO,,,,NO,,80,,582,,,,3TCGA-E1-5303-D7457899ae1b9-557b-4dd0-a562-d761ba7238901120mg40mg1202215Hormone TherapyTamoxifenPROGRESSIONPONO19120111TCGA-E1-5303-D74597031c972-5b2d-490d-a80e-b578837a941f19375mg150mg/m212218582ChemotherapyTemozolomidePROGRESSIONPONO19120112TCGA-E1-5303-D7456834cdac1-d3ad-4199-a1dd-4bba5c989fd1200mg110mg/m21156190ChemotherapyCCNUPROGRESSIONPONO1912011,TCGA-E1-5303-R74558f0ece70-b215-4cce-b64a-f895f4ccfe1273110EXTERNAL BEAM5040cGy28Primary Tumor FieldADJUVANTNO11912011,TCGA-E1-5303-F745328ffb925-5809-470b-8160-0cb66850cbcfDeadProgressive Disease2052YES156NOWITH TUMORYESNO191201180Post-Adjuvant TherapyProgressive DiseaseYES582NO
Central nervous system,Astrocytoma,No,MALE,Dead,-15481,,1251,,WHITE,TCGA-E1-5304,E1,5304,691d5202-90cc-4e08-83a3-0620a89d3a4b,No,YES,C71.9,Mar-01,C71.9,NO,YES,0,42,1999,NO,WITH TUMOR,20,1,2011,NOT HISPANIC OR LATINO,Post-Adjuvant Therapy,,"Supratentorial, Frontal Lobe",G3,Not listed in Medical Record,NO,Right,YES,NO,NO,YES,NO,Headaches,> 181 Days,NO,NO,NO,NO,,NO,,,NO,,,YES,YES,YES,NO,,,,,,90,,160,,,,3TCGA-E1-5304-D7549be795a9f-dcdf-4a7d-aa4f-94b92b08bd4b1500mg150mg/m2195125ChemotherapyTemozolomideADJUVANTPONO20120116TCGA-E1-5304-D755495c00cf2-46a2-4357-9580-f19c65b863633950mg200mg/m22249312ChemotherapyTemozolomideADJUVANTPONO20120117TCGA-E1-5304-D75564266f715-faf8-4d2a-b45d-e1437dfe2d72440mg110mg/m22312398ChemotherapyCCNUADJUVANTPONO20120118TCGA-E1-5304-D75606d9b29fb-5777-4b46-aaaf-7033898818717700mg200mg/m249951113ChemotherapyTemozolomidePROGRESSIONPONO20120119TCGA-E1-5304-D756321d4ba99-933d-45ca-b175-dde2cbeb3208723mg125mg/m2111281166ChemotherapyCPT-11PROGRESSIONIVNO20120115TCGA-E1-5304-D7553b6b37b85-64d1-4954-bc27-52ef5a91f85f420mg110mg/m22160249ChemotherapyCCNUADJUVANTPONO201201110TCGA-E1-5304-D75666b8d7114-8189-4922-a268-49d24d41d79e2100mg50mg/m2111671198ChemotherapyVP-16PROGRESSIONPONO20120114TCGA-E1-5304-D7551a306ab5e-3ea9-444f-b6e0-4bbff03803352000mg200mg/m21125160ChemotherapyTemozolomideADJUVANTPONO2012011,TCGA-E1-5304-R7547c04cff22-389e-4190-87f5-2f6238b377502169EXTERNAL BEAM5940cGy33Primary Tumor FieldADJUVANTNO21912011,TCGA-E1-5304-F74705ef4a4c6-50e3-437b-b7f2-f2ea4366ad0eDeadStable Disease1251YES903YES980WITH TUMORYES201201190Post-Adjuvant TherapyStable DiseaseYESYES160NO
Central nervous system,Astrocytoma,No,MALE,Dead,-12655,,2433,,WHITE,TCGA-E1-5305,E1,5305,a0bc5147-d9b4-41fd-8df3-a241d23722e8,No,YES,C71.9,Mar-01,C71.9,NO,YES,0,34,2000,NO,WITH TUMOR,8,8,2011,NOT HISPANIC OR LATINO,Post-Adjuvant Therapy,,"Supratentorial, Frontal Lobe",G3,Not listed in Medical Record,YES,Right,NO,NO,NO,NO,NO,Seizures,0 - 30 Days,YES,NO,NO,YES,,,,,,,,YES,YES,YES,NO,,,,,,100,,89,,,,1TCGA-E1-5305-D16186cc8b2398-6351-496d-bfa5-956192b8589e220mg110mg/m2122802331ChemotherapyCCNUPONO8820112TCGA-E1-5305-D161875d578bf2-fe1e-4e7f-8523-d97643d02d5f25200mg50mg/m212148593ChemotherapyVP-16PROGRESSIONPONO9820114TCGA-E1-5305-D161925b398d6b-46a5-4af0-bb70-090461da40f114400mg200mg/m2618611994ChemotherapyTopotecanPROGRESSIONPONO9820112TCGA-E1-5305-D161889f0d6b1f-f74b-4767-9651-07f383616e6a18600mg150mg/m212148593ChemotherapyTemozolomidePROGRESSIONPONO9820113TCGA-E1-5305-D161893c3689e6-abc3-4764-919c-996ab92275b684000mg500mg616361825ChemotherapyHydroyureaPROGRESSIONPONO9820114TCGA-E1-5305-D16191fc80d459-8d13-46dd-bf95-7a1e5482fcb612000mg200mg/m2618611994ChemotherapyTemozolomidePROGRESSIONPONO9820113TCGA-E1-5305-D16190829f988e-fba1-419d-812d-1e060a1124fd84000mg500mg616361825Targeted Molecular therapyGleevecPROGRESSIONPONO9820115TCGA-E1-5305-D16193b6d30749-dc7c-4990-8996-85babd3a83e05440mg340mg/m2219942093ChemotherapyCPT-11PROGRESSIONIVNO9820116TCGA-E1-5305-D1619408d7b369-80c0-4476-bd5c-0183cf96984c81760mg730mg421282241ChemotherapyCytoxanPROGRESSIONPONO10820116TCGA-E1-5305-D1619521b355a2-4ea3-473b-b4ad-f238bd434a7810192mg10mg/kg421282241Targeted Molecular therapyAvastinPROGRESSIONIVNO1182011,TCGA-E1-5305-R161968d909f75-960d-42dc-9238-3ecbebff4f002788EXTERNAL BEAMPrimary Tumor FieldADJUVANTNO11182011,TCGA-E1-5305-F16185af6705c7-fde2-4237-9d64-946a169eb81bDeadStable Disease2433YES1604YES1623WITH TUMORYESNO88201190Post-Adjuvant TherapyProgressive DiseaseYES1631NO
Central nervous system,Astrocytoma,No,FEMALE,Dead,-22837,,1762,,WHITE,TCGA-E1-5307,E1,5307,a6ee311c-0a7b-4f47-86f1-f2164b128f9c,No,YES,C71.9,Mar-01,C71.9,NO,YES,0,62,2000,NO,WITH TUMOR,12,8,2011,NOT HISPANIC OR LATINO,Pre-Adjuvant Therapy,,"Supratentorial, Temporal Lobe",G3,Not listed in Medical Record,NO,Left,YES,YES,NO,NO,NO,Mental Status Changes,> 181 Days,NO,NO,,,,,,,,,,YES,YES,,,,,,,,80,,95,,,,"2TCGA-E1-5307-D1620044bf42b3-c194-4c93-9a88-42447409a82f1250mg150mg/m21229260ChemotherapyTemodarADJUVANTPONO12820118TCGA-E1-5307-D16206f9c645bb-d341-4d79-9d1a-b1bb3018a1d44800mg150mg/m2414621599ChemotherapyTemodarPROGRESSIONPONO12820116TCGA-E1-5307-D162048ae3fefe-fa9b-4330-a82b-b331c37570143750mg150mg/m23466560ChemotherapyTemodarADJUVANTPONO12820115TCGA-E1-5307-D16203a05e8ef2-3ab3-4592-9849-4c7a8d2225da130mg82.5mg/m21382466ChemotherapyCCNUADJUVANTPONO12820111TCGA-E1-5307-D16199f796702a-6646-41d0-8bf5-02c53810a781300mg110mg/m22126215ChemotherapyCCNuADJUVANTPONO12820114TCGA-E1-5307-D162029a84e651-ef5f-4428-9a41-9abe3f200b09180mg110mg/m21313351ChemotherapyCCNUADJUVANTPONO12820113TCGA-E1-5307-D16201c8dca0fe-e3b8-4666-9e57-0bf36edf52191675mg200mg/m21260285ChemotherapyTemodarADJUVANTPONO12820119TCGA-E1-5307-D1620766c28e64-827c-4f8c-9f50-10830898b4366000mg175mg/m2415991720ChemotherapyTemodarPROGRESSIONPONO12820117TCGA-E1-5307-D16205d7f710d5-d665-4d0c-9092-28c16ca3cd4745920mg400mg415601453Other, specify in notesAntiongiogenicCelebrexADJUVANTPONO1282011",TCGA-E1-5307-R16208bf92da20-f3a8-4d87-86b0-181369e7893d4391EXTERNAL BEAMPrimary Tumor FieldADJUVANTNO11282011,TCGA-E1-5307-F16198c558db33-9c3f-4440-853e-a2bd6ea06a6bDeadStable Disease1762YES1452NOWITH TUMORYESYES128201180Pre-Adjuvant TherapyProgressive DiseaseYESYESNO
Central nervous system,Oligodendroglioma,No,MALE,Dead,-11332,,4084,,WHITE,TCGA-E1-5311,E1,5311,0061e9ef-df6a-414e-af64-c88f8192e2d3,No,YES,C71.9,Mar-51,C71.9,NO,YES,0,31,1994,NO,WITH TUMOR,25,1,2011,NOT HISPANIC OR LATINO,Pre-Adjuvant Therapy,,"Supratentorial, Temporal Lobe",G3,Not listed in Medical Record,NO,Right,YES,NO,NO,NO,NO,Headaches,> 181 Days,NO,NO,NO,NO,,NO,,,NO,,,YES,YES,NO,NO,,,,,,100,,-8,,,,"2TCGA-E1-5311-D760530aab203-831a-45a5-a8bb-a12345ebb0fb13200mg200mg/m2626152799ChemotherapyTemozolomidePROGRESSIONPONO25120116TCGA-E1-5311-D761123ccb473-f54d-4bbd-a42f-5a08ba5eb8e3425600mg400mg1932823868Other, specify in notesNSAIDCelebrexPROGRESSIONPONO25120111TCGA-E1-5311-D76049c1483be-c582-4e5c-8521-bff2d3373ffa40mCi40mCi12020Other, specify in notesBrachytherpyMAGI131-81c6ADJUVANTINTUMNO25120115TCGA-E1-5311-D7609093fbbe5-b3b5-4b77-aae3-1290f4970a0a2000mg110mg/m2829253282ChemotherapyCCNUPROGRESSIONPONO25120118TCGA-E1-5311-D76133b12c8ac-446c-48f9-83c7-b47fd19228076930mg50mg/m2339964084ChemotherapyVP-16PROGRESSIONPONO25120113TCGA-E1-5311-D7606d0f8800f-d92b-4fef-9e99-4ed9b6730e9b11mg2.2mg128252848ChemotherapyKarerltecinPROGRESSIONIVNO25120117TCGA-E1-5311-D761209853759-bc18-4985-a43b-250c564855282040mg300mg/m2338683996ChemotherapyCloretazinePROGRESSIONIVNO25120116TCGA-E1-5311-D7610ab0c2859-49f7-44b4-95c2-cd241ada23fc84000mg100mg1532823749Hormone TherapyTamoxifenPROGRESSIONPONO2512011",TCGA-E1-5311-R760375d929c6-2695-4464-9fa1-76c7fc75190c28712919EXTERNAL BEAM6000cGy30Primary Tumor FieldPROGRESSIONNO42512011,TCGA-E1-5311-F76000874a41d-64ee-423d-a9ca-36d6969cb583DeadStable Disease4084YES2602YES2602WITH TUMORYESYES2512011100Pre-Adjuvant TherapyProgressive DiseaseYESYES-8NO
Central nervous system,Oligodendroglioma,No,FEMALE,Dead,-15372,,2379,2379,WHITE,TCGA-E1-5318,E1,5318,400b2fa3-baf7-4baa-99b4-88b9f25b5049,No,YES,C71.9,Mar-50,C71.9,NO,YES,0,42,1997,NO,WITH TUMOR,26,1,2011,NOT HISPANIC OR LATINO,Pre-Adjuvant Therapy,,"Supratentorial, Frontal Lobe",G2,Not listed in Medical Record,NO,Left,YES,NO,NO,NO,NO,Headaches,31 - 90 Days,NO,NO,NO,NO,,NO,,,NO,,,YES,YES,YES,NO,,,,,,100,,362,,,,"7TCGA-E1-5318-D76290b29e6cd-3baa-44d6-8169-0fdb64b67e0e540mg110mg/m2316551904ChemotherapyCCNUPROGRESSIONPONO26120114TCGA-E1-5318-D7623d27f585c-53c0-431f-ab79-d54b772620ce8{Wafer}8{Wafer}110431231ChemotherapyGliadel WafersPROGRESSIONINTUMNO261201111TCGA-E1-5318-D7636feb703c5-9c8f-4b8f-8353-1131d01355ee3400mg260mg/m2221272211ChemotherapyCPT-11ADJUVANTIVNO261201110TCGA-E1-5318-D763540ce51f2-557a-411e-b618-642259b5929d1710mg350mg/m2120232127ChemotherapyCPT-11PROGRESSIONIVNO26120118TCGA-E1-5318-D7630b198aef2-c997-4ab1-b5a8-b44b8baca604280mg82.5mg/m2219041971ChemotherapyCCNUADJUVANTPONO261201112TCGA-E1-5318-D76387969fe3e-4682-4dee-bff6-7132ab8e916c6720mg75mg/m2222112267ChemotherapyProcarbazinePROGRESSIONPONO261201113TCGA-E1-5318-D7645ead855f0-e402-4be5-b160-3036d37fb8ed280mg82.5mg/m2222682335ChemotherapyCCNUPROGRESSIONPONO26120112TCGA-E1-5318-D7620c339ebe1-aa49-47c8-8088-5428d4e2f3b21650mg200mg/m21781824ChemotherapyTemazolomideADJUVANTPONO26120119TCGA-E1-5318-D76314fbbc709-b41c-4ba8-ac98-21ead1ae43cf5600mg100mg219802043ChemotherapyCytoxanADJUVANTPONO26120113TCGA-E1-5318-D762274468cb9-fcf4-4b97-a28f-164a5d94f9348400mg150mg/m278241026ChemotherapyTemozolomideADJUVANTPONO26120111TCGA-E1-5318-D7619c5a29f35-97d1-47f2-87fb-afa2b3ce97e56507mg560mg/m211385781ChemotherapyCarboplatinPROGRESSIONIVNO26120119TCGA-E1-5318-D7633bf3b38cc-7ed0-4a72-a3ff-78ce8f74548744800mg400mg219802043Other, specify in notesNSAIDsCelebrexPROGRESSIONPONO26120119TCGA-E1-5318-D7628ed6e5212-874d-425d-8a55-fc01a6fe72103000mg50mg/m2215901652ChemotherapyVP-16PROGRESSIONPONO261201112TCGA-E1-5318-D7641f3a68eda-ff46-4f81-a053-350e269044ed4480mg80mg222112267Hormone TherapyTamoxitenPROGRESSIONPONO2612011",TCGA-E1-5318-R7618398860f3-e1c8-4e8a-bc60-f5e65d14afb112581301EXTERNAL BEAM5400cGy30Primary Tumor FieldPROGRESSIONNO52612011,TCGA-E1-5318-F761651a8dea9-1657-4ee3-9300-98ee3478d4efDeadProgressive Disease23792379YES362YES362WITH TUMORYESYES2612011100Pre-Adjuvant TherapyStable DiseaseYESYES362NO
Central nervous system,Oligodendroglioma,No,FEMALE,Dead,-17612,,2907,,WHITE,TCGA-E1-5319,E1,5319,84569c1a-6baa-4380-ae3c-707df1be4618,No,YES,C71.9,Mar-50,C71.9,NO,YES,0,48,1998,NO,WITH TUMOR,17,8,2011,NOT HISPANIC OR LATINO,Pre-Adjuvant Therapy,,"Supratentorial, Frontal Lobe",G2,Not listed in Medical Record,NO,Right,NO,NO,YES,NO,NO,Visual Changes,0 - 30 Days,NO,NO,NO,,,,,,,,,YES,YES,YES,,,,,,,100,,936,,,,"1TCGA-E1-5319-D161746d31737d-4921-402e-bc85-10d762ed793226650mg200mg/m2139521385ChemotherapyTemodarPROGRESSIONPONO18820112TCGA-E1-5319-D16175d27d6d3e-f1bc-4afe-80ec-a894e4d7309195200mg800mg413851511Other, specify in notesAntiongigenicCelebrexADJUVANTPONO19820114TCGA-E1-5319-D1617704a91ee2-d48f-4bdd-b621-ddab8425a59a50400mg450mg/m2219331993ChemotherapyCarboplatinPROGRESSIONPONO19820113TCGA-E1-5319-D16176b869d193-25b4-4aae-beaa-6f44acda704a94920mg560mg/m2318261933ChemotherapyCarboplatinPROGRESSIONPONO19820116TCGA-E1-5319-D16179d5514219-5b0e-482f-a2af-027c0ba5427b240mg110mg/m2123222364ChemotherapyCCNUPROGRESSIONPONO22820115TCGA-E1-5319-D1617890657aae-3bf5-4ed4-9b0b-9588f876b7504000mg200mg/m2220292121ChemotherapyTemodarPROGRESSIONPONO22820117TCGA-E1-5319-D16180561946e1-a96c-47aa-ae5f-3f1dd8684ea5180mg82.5mg/m2123642433ChemotherapyCCNUPROGRESSIONPONO23820118TCGA-E1-5319-D16181da80b4cc-3bf5-4b0b-8f98-d2fb84c559736300mg50mg/m2324332587ChemotherapyVP-16PROGRESSIONPONO23820119TCGA-E1-5319-D161821e479794-aec8-4230-b7e8-f00f75cf7bf96300mg25mg/m2625872818ChemotherapyVP-16ADJUVANTPONO2482011",TCGA-E1-5319-R16183c6470616-fb03-4678-bf8c-3a3183e301f522432304EXTERNAL BEAM6000cGyPrimary Tumor FieldPROGRESSIONNO51882011,TCGA-E1-5319-F161730d246892-36a7-42d9-a474-590ba523e9a8DeadStable Disease2907YES923YES923WITH TUMORYESYES1782011100Pre-Adjuvant TherapyStable DiseaseNONO952NO
Central nervous system,Oligoastrocytoma,No,FEMALE,Dead,-13903,,3978,,WHITE,TCGA-E1-5322,E1,5322,5ea230a6-77aa-4aa5-867c-09651d481d8b,No,YES,C71.9,Mar-82,C71.9,NO,YES,0,38,1999,NO,,27,1,2011,NOT HISPANIC OR LATINO,Post-Adjuvant Therapy,,"Supratentorial, Temporal Lobe",G2,Not listed in Medical Record,YES,Right,,,,,,Seizures,,,,,,,,,,,,,YES,YES,NO,NO,,,,,,90,,3305,,,,1TCGA-E1-5322-D74675f1f8156-edae-4626-873b-b85e38a002d48{Wafer}8{Wafer}710851109ChemotherapyGliadel WaferADJUVANTINTUMNO2712011,TCGA-E1-5322-R7465f25a2818-3389-4735-bd85-78dfa9fde81311091150EXTERNAL BEAM6000cGy32Primary Tumor FieldADJUVANTNO22712011,TCGA-E1-5322-F74648f4b12a5-81a3-43a1-8f09-c09988dd0bb2DeadStable Disease3978YES1085YES1085YESYES271201190Post-Adjuvant TherapyStable Disease3305NO
Central nervous system,Astrocytoma,No,MALE,Dead,-21020,,435,,WHITE,TCGA-E1-A7YD,E1,A7YD,457EC7F6-8612-4641-AAEF-8A7F2C44C30C,No,YES,C71.0,Mar-01,C71.0,NO,YES,0,57,1998,NO,WITH TUMOR,12,5,2014,NOT HISPANIC OR LATINO,,YES,"Supratentorial, Temporal Lobe",G3,Not listed in Medical Record,YES,Left,YES,NO,NO,NO,NO,Headaches,0 - 30 Days,NO,NO,,,,,,,,,,,YES,NO,NO,NO,,,NO,,,,,YES,Stable Disease,YES284NONOYES,NOTCGA-E1-A7YD-D611593901572E-7813-4FBB-8E34-1C99B7646119111285ChemotherapyCCNUNOClinical Progressive Disease1482014NOTCGA-E1-A7YD-D61160DDC53550-72CF-4515-9AAB-013E69C0E58E314ChemotherapyTemodarYES1482014,TCGA-E1-A7YD-R6115890AF3A20-81FB-4C54-A239-A15C62CA4EAB3481External5400cGy30Primary Tumor FieldNOStable Disease1482014,
Central nervous system,Astrocytoma,No,FEMALE,Dead,-11971,,886,,WHITE,TCGA-E1-A7YE,E1,A7YE,F842F756-CE78-4C99-BCF8-3BCE18A4D9EF,No,YES,C71.0,Mar-01,C71.0,NO,YES,0,32,2001,NO,WITH TUMOR,12,5,2014,NOT HISPANIC OR LATINO,Post-Adjuvant Therapy,YES,"Supratentorial, Frontal Lobe",G3,Not listed in Medical Record,YES,Left,NO,NO,NO,YES,NO,Seizures,0 - 30 Days,NO,NO,NO,NO,,NO,,,NO,,,NO,YES,NO,NO,NO,,,,,90,,81,YES,Stable Disease,YES188YES237YES237YES,NOTCGA-E1-A7YE-D61167FEC71CDC-DE35-494B-98CD-D6220CBB39BD81185ChemotherapyCCNUNOClinical Progressive Disease1482014NOTCGA-E1-A7YE-D61171749626B5-D27B-4310-97E3-98021E6D8405378468ChemotherapyCCNUNOClinical Progressive Disease1482014NOTCGA-E1-A7YE-D61176B567E6D2-B15B-4B4B-A61F-3D3DF2F38AE4237237ChemotherapyGliadel wafersNOStable Disease1482014NOTCGA-E1-A7YE-D611828A4C234D-7FE4-4E07-9CD1-2A9F114D0155482695TemodarNOClinical Progressive Disease1482014NOTCGA-E1-A7YE-D6118349132B44-9583-4FFA-B258-1E1AB02D5463469703AncillaryCelebrexNOClinical Progressive Disease1482014NOTCGA-E1-A7YE-D61185FC58BB6D-E623-4730-A2E4-6E20F62D0660704731ChemotherapyTemodarNOClinical Progressive Disease1482014YESTCGA-E1-A7YE-D6118616DD15B7-73A8-4C14-A3DA-44798CC4F85B704731Targeted Molecular therapyBenzylguanineNOClinical Progressive Disease1482014YESTCGA-E1-A7YE-D61190D184A86B-A497-489C-B3A2-942FA29B3C16715787ChemotherapyKarenitecinNOClinical Progressive Disease1482014NOTCGA-E1-A7YE-D61221F26BB5B1-A15D-4B38-9446-7F43647D04B8790845ChemotherapyVP-16NOClinical Progressive Disease1482014,TCGA-E1-A7YE-R611620E8C3FE3-EA21-4F32-AC99-07F57773235F1473External5940cGy33Primary Tumor FieldNOStable Disease1482014,TCGA-E1-A7YE-F61181506DB1D9-781D-4EB4-9F12-61653CC2DFEFNODeadStable Disease886YES466NOWITH TUMORYESNO1482014Additional New Tumor EventProgressive DiseaseYESYESNOTCGA-E1-A7YE-F611842BBDD640-B6A1-4138-A77B-F97E6AB61CD3NODeadStable Disease886YES694NOWITH TUMORYESNO1482014Additional New Tumor EventProgressive DiseaseYESYESNOTCGA-E1-A7YE-F611879E8FBFC3-393C-428B-9C14-B57861F80314NODeadStable Disease886YES725NOWITH TUMORYESNO1482014Additional New Tumor EventProgressive DiseaseYESYESNOTCGA-E1-A7YE-F61191A4F44093-AC77-4B2C-9A41-73C8CDC928D0NODeadStable Disease886YES783NOWITH TUMORYESNO1482014Additional New Tumor EventProgressive DiseaseYESYESNOTCGA-E1-A7YE-F61220CADFFFAB-D13B-4F47-83EF-347F81FD2399NODeadStable Disease886YES846NOWITH TUMORNONO1482014Additional New Tumor EventProgressive DiseaseYESYESNO
Central nervous system,Astrocytoma,No,FEMALE,Dead,-17465,,2835,,WHITE,TCGA-E1-A7YH,E1,A7YH,9F469EDB-6B12-4EAB-BD6F-9C10034D4CB7,No,YES,C71.0,Mar-01,C71.0,NO,YES,0,47,2005,NO,WITH TUMOR,12,5,2014,NOT HISPANIC OR LATINO,Pre-Adjuvant Therapy,YES,"Supratentorial, Temporal Lobe",G3,White Matter,YES,Right,NO,NO,NO,NO,NO,Seizures,> 181 Days,NO,NO,,,,,,,,,,NO,YES,YES,NO,NO,,,NO,,80,,17,YES,Stable Disease,YES689NONONOYES,NOTCGA-E1-A7YH-D61224C3FB6DAF-CC6E-4337-A4D9-428A04D885F14587ChemotherapyTemodarNOStable Disease1482014NOTCGA-E1-A7YH-D612255ABFE853-898E-4AE7-B004-84BA9C9F538A117216ChemotherapyCCNUNOStable Disease1482014NOTCGA-E1-A7YH-D61226497713B5-E927-49B8-BCDF-987ED2BD152D222537ChemotherapyTemodarNO1482014NOTCGA-E1-A7YH-D61228AED54027-D9B2-47BF-A61C-FE8F7F7A96CD706752ChemotherapyTemodarNOClinical Progressive Disease1482014NOTCGA-E1-A7YH-D612310E15F21A-0740-4CEA-8117-F322CA019484775835ChemotherapyTemodarNOClinical Progressive Disease1482014YESTCGA-E1-A7YH-D612344C28D915-D694-4549-BDCD-78BB263BA5358671223ChemotherapyErlotinibNOStable Disease1482014YESTCGA-E1-A7YH-D612359D2F071F-A519-4608-8897-8CB965C09A4C8671223AvastinNOStable Disease1482014NOTCGA-E1-A7YH-D612367CAE29FD-FD85-47BA-B60F-BBE33F7D49FF12241328AvastinNOClinical Progressive Disease1482014NOTCGA-E1-A7YH-D612389CEF76EB-E81C-4496-A154-0999F535C7E913451627ChemotherapyVP-16NOClinical Progressive Disease1482014,TCGA-E1-A7YH-R61223EA0D0243-27C5-4974-9909-D9CAB3558D7F4587External6000cGy30NOStable Disease1482014,TCGA-E1-A7YH-F6122958B46977-C71C-4636-8A6D-6C2CDF578F85NODeadStable Disease2835YES752NOWITH TUMORYESNO1482014Additional New Tumor EventProgressive DiseaseYESYESNOTCGA-E1-A7YH-F61233DDBAF497-C9B3-496E-9B1A-943D6589F588NODeadStable Disease2835YES840NOWITH TUMORYESNO1482014Additional New Tumor EventProgressive DiseaseYESYESNOTCGA-E1-A7YH-F61237E924E65F-EADC-4F15-B4D0-F3980FA6DDF6NODeadStable Disease2835YES2789NOWITH TUMORYESNO1482014Additional New Tumor EventProgressive DiseaseYESYESNOTCGA-E1-A7YH-F612393A536445-56BA-4449-8C43-0A86AA7239D0NODeadStable Disease2835YES1629NOWITH TUMORNONO1482014Additional New Tumor EventProgressive DiseaseYESYESNO
Central nervous system,Astrocytoma,No,FEMALE,Dead,-12229,,111,,WHITE,TCGA-E1-A7YI,E1,A7YI,5795A884-B62A-46A9-81D6-F24058424660,No,YES,C71.0,Mar-01,C71.0,NO,YES,0,33,2008,NO,WITH TUMOR,12,5,2014,NOT HISPANIC OR LATINO,Pre-Adjuvant Therapy,NO,"Supratentorial, Occipital Lobe",G3,Not listed in Medical Record,NO,Right,NO,NO,YES,YES,YES,Motor/Movement Changes,31 - 90 Days,NO,NO,,,,,,,,,,,YES,YES,NO,NO,,,NO,,80,,11,NO,,YES56NONONONO,,,
Central nervous system,Astrocytoma,No,MALE,Dead,-20180,,592,,WHITE,TCGA-E1-A7YJ,E1,A7YJ,BC6FBB3C-870D-40B5-983B-7C88705E020D,No,YES,C71.0,Mar-01,C71.0,NO,YES,0,55,2008,NO,WITH TUMOR,12,5,2014,NOT HISPANIC OR LATINO,Pre-Adjuvant Therapy,YES,"Supratentorial, Frontal Lobe",G3,White Matter,NO,Right,YES,NO,NO,NO,YES,Motor/Movement Changes,0 - 30 Days,NO,NO,,,,,,,,,,YES,YES,NO,NO,NO,,,NO,,80,,12,YES,Stable Disease,YES516NONOYES,NOTCGA-E1-A7YJ-D61250B7766092-014A-4022-B955-64E79DCB5CF63984ChemotherapyTemodarNOStable Disease1582014NOTCGA-E1-A7YJ-D61252BC5EE672-52C4-4BF2-B34C-19B1F8E3EB2E96144ChemotherapyCPT-11NOStable Disease1582014NOTCGA-E1-A7YJ-D6125354D88AA0-390E-4D3F-ABF4-A143045CF5F696504ImmunotherapyAvastinNOClinical Progressive Disease1582014NOTCGA-E1-A7YJ-D61254E73CAFDA-7537-40C4-96BB-C655A0C4577096518ChemotherapyTemodarNOClinical Progressive Disease1582014YESTCGA-E1-A7YJ-D61258FC1FB192-BAC6-4038-87DE-C3EA5C46495F537541ImmunotherapyMR1-1NOClinical Progressive Disease1582014,TCGA-E1-A7YJ-R61249A3D1F515-CAAD-42EA-937A-B95C9350B91E3984External5940cGy33Primary Tumor FieldNOStable Disease1582014,TCGA-E1-A7YJ-F612594E8E539B-5CB1-438B-A49D-733DAB7F089FNODeadStable Disease592YES573NOWITH TUMORNONO1582014Additional New Tumor EventProgressive DiseaseYESYESNO
Central nervous system,Astrocytoma,No,MALE,Dead,-19236,,378,,WHITE,TCGA-E1-A7YK,E1,A7YK,BB4A30D5-4EBA-45DB-B05A-BD843044D508,No,YES,C71.0,Mar-01,C71.0,NO,YES,0,52,2009,NO,,12,5,2014,NOT HISPANIC OR LATINO,Pre-Adjuvant Therapy,YES,"Supratentorial, Temporal Lobe",G3,Cerebral Cortex,YES,Left,NO,NO,NO,NO,NO,Seizures,0 - 30 Days,NO,NO,,,,,,,,,,YES,YES,NO,NO,NO,,,,,90,,6,YES,Stable Disease,NO,NOTCGA-E1-A7YK-D6128404EACA74-1CCC-4875-BDC6-D7D6849194E72768ChemotherapyTemodarNOStable Disease1582014NOTCGA-E1-A7YK-D6128621B1EFC1-D066-448B-862F-6CE7E60C579090ChemotherapyTemodarNO1582014,TCGA-E1-A7YK-R612830EB07C68-8D89-424F-9E9D-98CE6E32EC2F2768NOStable Disease1582014,TCGA-E1-A7YK-F61287D4C0543D-9C55-4B7C-875E-48141874E51DDeadStable Disease3781582014YESYES
Central nervous system,Astrocytoma,No,MALE,Dead,-16982,,492,,WHITE,TCGA-E1-A7YL,E1,A7YL,96D9249E-501C-49E0-9559-01DA978A9CA6,No,YES,C71.0,Mar-01,C71.0,NO,YES,0,46,2009,NO,WITH TUMOR,12,5,2014,NOT HISPANIC OR LATINO,Pre-Adjuvant Therapy,YES,"Supratentorial, Frontal Lobe",G3,Not listed in Medical Record,NO,Right,YES,NO,YES,YES,NO,Headaches,31 - 90 Days,NO,NO,NO,NO,,NO,,,NO,,,YES,YES,YES,YES,YES,IHC,NO,NO,,80,,14,YES,Progressive Disease,YES91NONONOYES,NOTCGA-E1-A7YL-D612914317867D-7C62-469A-95AA-747361F744133678ChemotherapyTemodarNOClinical Progressive Disease1582014NOTCGA-E1-A7YL-D61294C0F27550-D2A5-4841-9DB5-5F2E51B66CB1103289ImmunotherapyAvastinNOClinical Progressive Disease1582014NOTCGA-E1-A7YL-D61295381F4079-84C8-43DF-9231-EB5855F3D737103263ChemotherapyCarboplatinNOClinical Progressive Disease1582014NOTCGA-E1-A7YL-D612963FCCA485-3EB4-434A-8384-FEB790C031C9103249ChemotherapyCPT-11NOClinical Progressive Disease1582014NOTCGA-E1-A7YL-D6129851D62C27-BDAA-41CB-8E94-6D04F00C02D2298336ImmunotherapyAvastinNOClinical Progressive Disease1582014NOTCGA-E1-A7YL-D612996D0E7573-4BF2-4CFF-A210-88ADE42D77F3298325ChemotherapyVP-16NOClinical Progressive Disease1582014,TCGA-E1-A7YL-R6129021D4C661-F1AC-483A-BD90-43E6487C45D43678External6000cGy30Primary Tumor FieldNORadiographic Progressive Disease1582014,TCGA-E1-A7YL-F61297F735D699-ED76-4205-8144-14C9F12CC1E1NODeadProgressive Disease492YES289NOWITH TUMORYESNO1582014Additional New Tumor EventProgressive DiseaseYESYESNOTCGA-E1-A7YL-F613024D3F9102-D698-4946-BB09-D5EEAE3F350CNODeadProgressive Disease492YES329NOWITH TUMORNONO1582014Additional New Tumor EventProgressive DiseaseYESYESNO
Central nervous system,Astrocytoma,No,MALE,Dead,-23263,,648,,WHITE,TCGA-E1-A7YM,E1,A7YM,4250AC3C-C8B0-46CE-B9C8-7963BC386041,No,YES,C71.0,Mar-01,C71.0,NO,YES,0,63,2010,NO,WITH TUMOR,12,5,2014,NOT HISPANIC OR LATINO,Pre-Adjuvant Therapy,YES,"Supratentorial, Temporal Lobe",G3,Not listed in Medical Record,YES,Left,YES,YES,NO,NO,NO,Headaches,> 181 Days,NO,NO,NO,NO,,NO,,,NO,,,YES,NO,YES,NO,YES,IHC,YES,NO,,80,,11,YES,Progressive Disease,YES88NONONOYES,NOTCGA-E1-A7YM-D61418D12571FF-CF1C-4376-8885-5B7847CBE49D2775ChemotherapyTemodarNOClinical Progressive Disease1582014NOTCGA-E1-A7YM-D61420C19BA868-82B4-412A-8743-11B35002A24A90137ImmunotherapyAvastinNOStable Disease1582014NOTCGA-E1-A7YM-D61421D5FB8A4A-6DF7-4FF6-8385-7687062849D390137ChemotherapyCPT-11NOStable Disease1582014NOTCGA-E1-A7YM-D6142263EF275B-6B0B-4476-B394-82070A5BCCB8137174ImmunotherapyAvastinNOStable Disease1582014NOTCGA-E1-A7YM-D61423B35CE46A-7BDC-4879-A729-1EAE5D2F1392137164ChemotherapyVP-16NOStable Disease1582014NOTCGA-E1-A7YM-D6142453B68102-4413-48E8-9C09-F96B6B18859E174497ImmunotherapyAvastinNOClinical Progressive Disease1582014NOTCGA-E1-A7YM-D61426CB216B91-BE59-4485-99E3-A36277377673501593ImmunotherapyAvastinNOStable Disease1582014NOTCGA-E1-A7YM-D61427229207F3-DA7E-413B-A97B-B2FB4D0A291E501593ChemotherapyCarboplatinNOStable Disease1582014,TCGA-E1-A7YM-R6141714F232AE-B60B-4BDA-A806-B4D47D5113B42775External5940cGyPrimary Tumor FieldNORadiographic Progressive Disease1582014,TCGA-E1-A7YM-F6142529BD014B-CD03-43CE-BFD1-13D9283FD4DCNODeadProgressive Disease648YES497NOWITH TUMORYESNO1582014Additional New Tumor EventProgressive DiseaseYESYESNO
Central nervous system,Astrocytoma,"Yes, History of Prior Malignancy",FEMALE,Dead,-23180,,727,,WHITE,TCGA-E1-A7YN,E1,A7YN,BCC17E9A-6FE3-44FF-963C-D2D850A431F1,No,YES,C71.0,Mar-01,C71.0,NO,YES,0,63,2010,NO,WITH TUMOR,9,6,2014,NOT HISPANIC OR LATINO,Pre-Adjuvant Therapy,YES,"Supratentorial, Temporal Lobe",G3,Not listed in Medical Record,NO,Right,NO,NO,YES,YES,NO,Visual Changes,0 - 30 Days,NO,NO,NO,NO,,NO,,,NO,,,YES,YES,YES,NO,YES,IHC,NO,NO,,80,,20,YES,Stable Disease,YES420NONONONO,NOTCGA-E1-A7YN-D614371A1B6155-B8EB-4E11-BA47-F01D0C6670DD3590ChemotherapyTemodarNOStable Disease1582014NOTCGA-E1-A7YN-D6143874ABFEC7-A861-4AD2-B928-6152BE300B73124369ChemotherapyTemodarNOClinical Progressive Disease1582014NOTCGA-E1-A7YN-D61442C21303E5-B241-4D5B-875A-8A02CA330EDB429484ImmunotherapyAvastinNOClinical Progressive Disease1582014NOTCGA-E1-A7YN-D6144474A352D0-4BEB-482A-8997-1116C31AD09A429484ChemotherapyTemodarNOClinical Progressive Disease1582014NOTCGA-E1-A7YN-D614508ED4B60C-CE8A-4638-830F-83A98961CAFD491553ImmunotherapyAvastinNOClinical Progressive Disease1582014NOTCGA-E1-A7YN-D614516BAB6C63-2436-4CC9-B2C8-01B94C4FEF9F506632ChemotherapyCCNUNOClinical Progressive Disease1582014,TCGA-E1-A7YN-R614354447146D-70CD-4CBC-A04C-B171C3B8270C3590External6000cGy30NOStable Disease1582014TCGA-E1-A7YN-R61449E49737E7-90BA-454F-8357-17C3C2345BA9495499External2500cGy5NORadiographic Progressive Disease1582014,TCGA-E1-A7YN-F61441DCDF39DE-1439-4319-9DBC-9FF5E51E74F5NODeadStable Disease727YES420NOWITH TUMORYESNO1582014Additional New Tumor EventProgressive DiseaseYESYESNOTCGA-E1-A7YN-F61445318B70C2-3AFA-496E-9A43-8A5B00F31DAANODeadStable Disease727YES485NOWITH TUMORYESYES1582014Additional New Tumor EventProgressive DiseaseYESYESNO
Central nervous system,Oligodendroglioma,No,MALE,Dead,-16770,,2282,,WHITE,TCGA-E1-A7YO,E1,A7YO,992452EE-8D9F-406B-9708-7BCB60062743,No,YES,C71.0,Mar-51,C71.0,NO,YES,0,45,1995,NO,WITH TUMOR,19,6,2014,NOT HISPANIC OR LATINO,Post-Adjuvant Therapy,NO,"Supratentorial, Frontal Lobe",G3,Not listed in Medical Record,YES,Right,NO,NO,NO,NO,NO,Seizures,0 - 30 Days,NO,NO,NO,NO,,NO,,,NO,,,,YES,,,NO,,,NO,,100,,1408,YES,Stable Disease,YES1977NOYES,YESTCGA-E1-A7YO-D614539D9F9B77-FDFB-420E-B458-FD367D8B72312323ImmunotherapyI131-81C6NOStable Disease1582014,,TCGA-E1-A7YO-F6145569737E95-FCF5-44D8-8CF7-D931A480A4BBNODeadStable Disease2282YES2192NOWITH TUMORNONO1582014Additional New Tumor EventProgressive DiseaseYESNONO
Central nervous system,Oligodendroglioma,No,FEMALE,Dead,-21341,,1578,,BLACK OR AFRICAN AMERICAN,TCGA-E1-A7YQ,E1,A7YQ,75DBC8FB-4DB8-4764-824C-ECCF3A223884,No,YES,C71.0,Mar-51,C71.0,NO,YES,0,58,2000,NO,WITH TUMOR,19,6,2014,NOT HISPANIC OR LATINO,Post-Adjuvant Therapy,YES,"Supratentorial, Temporal Lobe",G3,White Matter,NO,Right,YES,NO,YES,NO,NO,Headaches,91 - 180 Days,NO,NO,NO,NO,,NO,,,NO,,,YES,YES,,,NO,,,NO,,60,,346,YES,Stable Disease,YES580NONONONO,NOTCGA-E1-A7YQ-D6153990634921-7D21-4FA2-A5F5-727E4AACF439346396ChemotherapyTemodarNOStable Disease1582014NOTCGA-E1-A7YQ-D6154052EA3236-D091-43D8-B6B4-E9F026FFD823429512ChemotherapyCCNUNOStable Disease1582014NOTCGA-E1-A7YQ-D615417A823A25-5BF8-44D6-95B4-4EE024A299B2532559ChemotherapyTemodarNOClinical Progressive Disease1582014,TCGA-E1-A7YQ-R615384719F477-586A-4B29-B269-81F7EFB1565392184ExternalNOStable Disease1582014,TCGA-E1-A7YQ-F61543619FD566-C9F3-4B08-AE43-260B227F61B9NODeadStable Disease1578YES1149NOWITH TUMORNONO1582014Additional New Tumor EventProgressive DiseaseYESYESNO
Central nervous system,Oligodendroglioma,No,MALE,Dead,-26159,,466,,BLACK OR AFRICAN AMERICAN,TCGA-E1-A7YS,E1,A7YS,5E2539E0-2088-43DF-AD2A-F854D8BB6D30,No,YES,C71.0,Mar-51,C71.0,NO,YES,0,71,2007,NO,WITH TUMOR,11,8,2014,NOT HISPANIC OR LATINO,Pre-Adjuvant Therapy,YES,"Supratentorial, Temporal Lobe",G3,Not listed in Medical Record,NO,Left,NO,YES,NO,NO,,Mental Status Changes,0 - 30 Days,NO,NO,NO,NO,,NO,,,NO,,,YES,YES,NO,NO,NO,,,NO,,80,,16,YES,Stable Disease,NO,NOTCGA-E1-A7YS-D615592E2BE95F-A48A-4AA6-A723-E3789B943E9F67106ChemotherapyTemodarNOStable Disease1582014NOTCGA-E1-A7YS-D61560C5132DE8-7AA1-4C48-A553-400452DEB9CB127365ChemotherapyTemodarNOStable Disease1582014,TCGA-E1-A7YS-R61558C0C156D5-4F9A-468A-96EB-DFFFF02F431667106ExternalNOStable Disease1582014,TCGA-E1-A7YS-F61561957D7062-3ECD-4B67-B413-E807263BA805NODeadStable Disease466NOWITH TUMOR1582014Stable DiseaseYESYES
Central nervous system,Oligoastrocytoma,No,MALE,Dead,-15345,,23,,WHITE,TCGA-E1-A7YU,E1,A7YU,FC3948FB-DF27-4149-BBFB-04443DFECC19,No,YES,C71.0,Mar-82,C71.0,NO,YES,0,42,1996,NO,WITH TUMOR,11,8,2014,NOT HISPANIC OR LATINO,,NO,"Supratentorial, Frontal Lobe",G3,Not listed in Medical Record,,,YES,NO,NO,YES,NO,Headaches,31 - 90 Days,NO,NO,,,,,,,,,,,YES,YES,YES,NO,,,NO,,,,,YES,,,YESTCGA-E1-A7YU-D6157744D3E63F-E995-4857-8B11-4B9AA355DA5F66ImmunotherapyI 131 81C6NO1582014,,
Central nervous system,Oligoastrocytoma,No,FEMALE,Dead,-9546,,987,,WHITE,TCGA-E1-A7YV,E1,A7YV,23C335F6-5749-4443-8AE8-61CCCBB137CB,No,YES,C71.0,Mar-82,C71.0,NO,YES,0,26,2010,NO,WITH TUMOR,11,8,2014,NOT HISPANIC OR LATINO,Pre-Adjuvant Therapy,YES,"Supratentorial, Frontal Lobe",G3,Not listed in Medical Record,NO,Left,YES,NO,NO,NO,NO,Headaches,0 - 30 Days,NO,NO,NO,NO,,NO,,,NO,,,YES,NO,NO,NO,YES,IHC,YES,YES,3 X chromosomes (super female) Osler-Weber-Rendu syndrome,90,,6,YES,Progressive Disease,YES97NONONOYES,NOTCGA-E1-A7YV-D615807AD57CF9-00E2-4559-B7AD-40FBEAA4326E3882ChemotherapyTemodarNOClinical Progressive Disease1582014NOTCGA-E1-A7YV-D615810506D544-A5D6-4023-BAD1-370DFC75744D70156ChemotherapyTemodarNOClinical Progressive Disease1582014NOTCGA-E1-A7YV-D615834926D47F-2BAD-4C57-B6E8-73C812870A88195507ImmunotherapyAvastinNOClinical Progressive Disease1582014NOTCGA-E1-A7YV-D615856D3239C8-3331-4030-847F-FE7FC26AB248507674ImmunotherapyAvastinNOStable Disease1582014NOTCGA-E1-A7YV-D6158653943E9C-9ABE-4A2C-9110-866DAE738672507674ChemotherapyGleevecNOStable Disease1582014NOTCGA-E1-A7YV-D61587B074897E-18F6-4840-80E1-526B6416343C678824ChemotherapyGleevecNOClinical Progressive Disease1582014NOTCGA-E1-A7YV-D615890E78805C-5BFF-477A-8883-3F6CED061FCC846887ImmunotherapyAvastinNOClinical Progressive Disease1582014NOTCGA-E1-A7YV-D61590DE30E03E-61B6-444E-9F9D-1141A44FEBE9832887ChemotherapyGleevecNOClinical Progressive Disease1582014NOTCGA-E1-A7YV-D615923DB2CB93-6AFA-4E43-9799-B5F624044D7B888948ImmunotherapyAvastinNOClinical Progressive Disease1582014NOTCGA-E1-A7YV-D61593420D4CD3-B59D-4097-8180-B35DD38C51FA888948ChemotherapyCPT-11NOClinical Progressive Disease1582014,TCGA-E1-A7YV-R6157990EC69B2-7310-4215-8320-F33FE6832F6A3882External5940cGy33Primary Tumor FieldNORadiographic Progressive Disease1582014,TCGA-E1-A7YV-F61582643F9F6C-C7A6-451C-BEEC-701528EB2EF9NODeadProgressive Disease987YES164NOWITH TUMORYESNO1582014Additional New Tumor EventProgressive DiseaseYESYESNOTCGA-E1-A7YV-F615842B2BF0C6-0775-4EA6-953F-1D460F858486NODeadProgressive Disease987YES507NOWITH TUMORYESNO1582014Additional New Tumor EventProgressive DiseaseYESYESNOTCGA-E1-A7YV-F61588D949EF3B-1F7C-4134-9C06-BB4FAB3BB937NODeadProgressive Disease987YES832NOWITH TUMORYESNO1582014Additional New Tumor EventProgressive DiseaseYESYESNOTCGA-E1-A7YV-F6159136203C12-FB1F-4FC3-BBE2-98A33274C325NODeadProgressive Disease987YES888NOWITH TUMORYESNO1582014Additional New Tumor EventProgressive DiseaseYESYESNOTCGA-E1-A7YV-F615940C7350AA-C3EA-406C-9F2F-573EA87198CDNODeadProgressive Disease987YES948NOWITH TUMORNONO1582014Additional New Tumor EventProgressive DiseaseYESYESNO
Central nervous system,Oligoastrocytoma,No,MALE,Dead,-10571,,1120,,WHITE,TCGA-E1-A7YW,E1,A7YW,5EEF573E-6A44-4DC7-8AA7-B136863CE910,No,YES,C71.0,Mar-82,C71.0,NO,YES,0,28,2002,NO,WITH TUMOR,11,8,2014,NOT HISPANIC OR LATINO,Pre-Adjuvant Therapy,NO,"Supratentorial, Parietal Lobe",G2,Cerebral Cortex,YES,Left,NO,NO,NO,NO,NO,Seizures,91 - 180 Days,NO,NO,NO,NO,,NO,,,NO,,,,YES,NO,NO,NO,,,NO,,90,,13,NO,Progressive Disease,YES409NONONOYES,NOTCGA-E1-A7YW-D61606C6A6B183-A122-4AC1-B392-64D8EC4ED163711978ChemotherapyCCNUNOClinical Progressive Disease1582014YESTCGA-E1-A7YW-D61608E95A013A-8E18-4D40-8DC6-F34CA45CFE049991025ImmunotherapyAvastinNOStable Disease1582014YESTCGA-E1-A7YW-D61609EF7E27E9-3B2E-43DF-8540-076341AD98359991025ChemotherapyCPT-11NOStable Disease1582014NOTCGA-E1-A7YW-D6161020DC6FA9-757C-4537-902C-7A29D6290FCF10401095ChemotherapyVP-16NOClinical Progressive Disease1582014NOTCGA-E1-A7YW-D6161260C2DD63-0669-444B-8104-3CDBD15271F6418608ChemotherapyTemodarNOClinical Progressive Disease1582014,TCGA-E1-A7YW-R61605CFA814D9-FD27-4189-B7E7-4ACF7BCD7B87641686External5940cGy33Primary Tumor FieldNOStable Disease1582014,TCGA-E1-A7YW-F616073A051725-ABC7-4A86-8712-034FEDE85000NODeadProgressive Disease1120YES980NOWITH TUMORYESNO1582014Additional New Tumor EventProgressive DiseaseYESYESNOTCGA-E1-A7YW-F616114CFD30D7-0351-465E-BE73-B9B9C1C5551DNODeadProgressive Disease1120YES1085NOWITH TUMORNONO1582014Additional New Tumor EventProgressive DiseaseYESYESNOTCGA-E1-A7YW-F616133494EE98-57A6-4AD5-869C-51E3A70195C8NODeadProgressive Disease1120YES613NOWITH TUMORNOYES1582014Additional New Tumor EventProgressive DiseaseYESYESNO
Central nervous system,Oligodendroglioma,No,FEMALE,Dead,-9867,,4445,,WHITE,TCGA-E1-A7YY,E1,A7YY,722C172F-46E6-47A1-82E5-3207278DF89B,No,YES,C71.0,Mar-50,C71.0,NO,YES,0,27,1998,NO,WITH TUMOR,11,8,2014,NOT HISPANIC OR LATINO,Pre-Adjuvant Therapy,NO,"Supratentorial, Frontal Lobe",G2,Not listed in Medical Record,YES,Right,NO,NO,NO,NO,NO,Seizures,0 - 30 Days,YES,NO,NO,NO,,NO,,,NO,,,YES,YES,,,NO,,,NO,,100,,428,NO,Stable Disease,YES958NONOYES,YESTCGA-E1-A7YY-D616264A36C2BC-E737-4A26-912B-61212551557A9821351ChemotherapyTemodarNOStable Disease1582014NOTCGA-E1-A7YY-D61629F865A9A1-5405-4ED7-8982-32BE7D40551823782470ChemotherapyTemodarNOClinical Progressive Disease1582014NOTCGA-E1-A7YY-D61631B46C8F8D-1DE0-4243-90D2-896143B8DB3824652590ChemotherapyCCNUNOStable Disease1582014NOTCGA-E1-A7YY-D616339F5DC724-EF96-4637-8F7A-54D2380DEE1735014152ChemotherapyTemodarNOClinical Progressive Disease1582014NOTCGA-E1-A7YY-D616359CDFAC52-BFDF-45CC-9806-B36B7A01516141524207ChemotherapyVP-16NOClinical Progressive Disease1582014NOTCGA-E1-A7YY-D61638918DD13E-DDC7-4DB8-8A7D-E2C12D364BFB42894418ImmunotherapyAvastinNO1582014,TCGA-E1-A7YY-R61622360D11A2-43C8-439E-B6EC-FB186F12126A21432184External5400cGyPrimary Tumor FieldNOStable Disease1582014,TCGA-E1-A7YY-F61627DF5886B5-A4D8-4A5A-AF4F-8261839A8CCBNODeadStable Disease4445YES2121NOWITH TUMORNOYES1582014Additional New Tumor EventProgressive DiseaseYESYESNOTCGA-E1-A7YY-F616286547A344-3ACF-4D74-8098-876AFDFDBD25NODeadStable Disease4445YES2380NOWITH TUMORYESNO1582014Additional New Tumor EventProgressive DiseaseYESYESNOTCGA-E1-A7YY-F616300C0555D4-D87B-477D-9187-DF6CA3F14391NODeadStable Disease4445YES2464NOWITH TUMORYESNO1582014Additional New Tumor EventProgressive DiseaseYESYESNOTCGA-E1-A7YY-F61632876426C0-2C74-4646-82B9-96DB2F459442NODeadStable Disease4445YES3500NOWITH TUMORYESNO1582014Additional New Tumor EventProgressive DiseaseYESYESNOTCGA-E1-A7YY-F616346464AE58-0611-4391-A819-0430E4A684D6NODeadStable Disease4445YES4143NOWITH TUMORYESNO1582014Additional New Tumor EventProgressive DiseaseYESYESNOTCGA-E1-A7YY-F616373504AEFD-39BA-4F92-AED7-227C3617D0A9NODeadStable Disease4445YES4266NOWITH TUMORYESNO1582014Additional New Tumor EventProgressive DiseaseYESYESNO
Central nervous system,Oligodendroglioma,No,FEMALE,Dead,-21341,,398,,WHITE,TCGA-E1-A7Z2,E1,A7Z2,97FFBE14-9070-4A5A-8760-225A88834B40,No,YES,C71.0,Mar-50,C71.0,NO,YES,0,58,2012,NO,WITH TUMOR,11,8,2014,NOT HISPANIC OR LATINO,Pre-Adjuvant Therapy,NO,"Supratentorial, Frontal Lobe",G2,Cerebral Cortex,YES,Left,NO,NO,NO,NO,NO,Seizures,31 - 90 Days,NO,NO,NO,NO,,YES,clams,,NO,,,YES,YES,YES,NO,YES,IHC,NO,NO,,80,,39,YES,Progressive Disease,YES213YES215NONOYES,NOTCGA-E1-A7Z2-D61676E49A4E1A-2003-4C46-9203-C77957172ECB102213ChemotherapyTemodarNOClinical Progressive Disease1582014NOTCGA-E1-A7Z2-D616793BBF97E6-A99D-4729-9DC4-0D5682FAAD0E230270ChemotherapyTemodarNOClinical Progressive Disease1582014NOTCGA-E1-A7Z2-D61684D7ACEF48-175D-4009-89E8-CBB102479177286328ChemotherapyTemodarNOStable Disease1582014NOTCGA-E1-A7Z2-D61685577CE699-A162-4B2B-A02B-2DCD62513704293334ImmunotherapyAvastinNOStable Disease1582014NOTCGA-E1-A7Z2-D616865EF5B9BF-0974-44F1-BB04-29581A402B1A356383ChemotherapyTemodarNOStable Disease1582014NOTCGA-E1-A7Z2-D6168793A4F821-08F8-4977-82FE-6034DCC8A9D2356369ImmunotherapyAvastinNOStable Disease1582014,TCGA-E1-A7Z2-R61681FD6CC079-89C7-4D6C-81C2-77F264E1C97A286328External6000cGy30Primary Tumor FieldNOStable Disease1582014,TCGA-E1-A7Z2-F61680878CFBAC-CA8A-41F6-968C-B0236CF5143BNODeadProgressive Disease398YES269NOWITH TUMORYESYES1582014Additional New Tumor EventProgressive DiseaseYESNONO
Central nervous system,Astrocytoma,No,FEMALE,Dead,-11330,,2235,,BLACK OR AFRICAN AMERICAN,TCGA-E1-A7Z3,E1,A7Z3,3AC41CC6-5DFB-40A1-BD13-5DC7CA2BB6F3,No,YES,C71.0,Mar-00,C71.0,NO,YES,0,31,1992,NO,WITH TUMOR,11,8,2014,NOT HISPANIC OR LATINO,,NO,"Supratentorial, Parietal Lobe",G2,Cerebral Cortex,YES,Right,NO,NO,NO,NO,NO,Seizures,0 - 30 Days,NO,NO,,,,,,,,,,,YES,,,NO,,,NO,,,,,NO,Progressive Disease,YES1569YES1656NONOYES,YESTCGA-E1-A7Z3-D61695AF4DC37C-985A-4BF2-A364-273564BB866F17091709ImmunotherapyI131-81C6NOClinical Progressive Disease1882014YESTCGA-E1-A7Z3-D61698DDFEF29C-B6DB-49E6-AC99-A2F93816731A19111921ChemotherapyCCNUNOClinical Progressive Disease1882014YESTCGA-E1-A7Z3-D616993A267015-FFC3-4370-860D-AAB135DB3C2B19111921ChemotherapyProcarbazineNOClinical Progressive Disease1882014YESTCGA-E1-A7Z3-D617007C353942-BAB3-43B8-8530-CFCA1CB6318D19111921ChemotherapyVincristineNOClinical Progressive Disease1882014YESTCGA-E1-A7Z3-D6170235FBE083-45A7-43C7-BDC0-0CF019A52F5A19952072ChemotherapyCPT-11NOClinical Progressive Disease1882014,TCGA-E1-A7Z3-R6169770B41891-B39D-480C-8FC8-E1CA96F92F0118211866External5600cGyPrimary Tumor FieldNOStable Disease1882014,TCGA-E1-A7Z3-F61696C0A6C1C2-247A-4C11-B7C3-E029EDB6AA1BNODeadProgressive Disease2235YES1810NOWITH TUMORNOYES1882014Additional New Tumor EventProgressive DiseaseYESYESNOTCGA-E1-A7Z3-F617018FF5D128-F31B-4C74-8CAF-C746F71968BCNODeadProgressive Disease2235YES1921NOWITH TUMORYESNO1882014Additional New Tumor EventProgressive DiseaseYESYESNOTCGA-E1-A7Z3-F617036AE510DA-136A-4246-91B5-29C641A8380BNODeadProgressive Disease2235YES2072NOWITH TUMORNO1882014Additional New Tumor EventProgressive DiseaseYESYESNO
Central nervous system,Astrocytoma,No,MALE,Dead,-12849,,4412,,WHITE,TCGA-E1-A7Z4,E1,A7Z4,975E17C2-B93C-4D45-8A85-786F365E4A93,No,YES,C71.0,Mar-00,C71.0,NO,YES,0,35,1999,NO,WITH TUMOR,11,8,2014,NOT HISPANIC OR LATINO,Post-Adjuvant Therapy,NO,"Supratentorial, Frontal Lobe",G2,Not listed in Medical Record,NO,Left,YES,NO,YES,NO,NO,Headaches,31 - 90 Days,NO,NO,NO,NO,,NO,,,NO,,,YES,YES,YES,NO,YES,IHC,YES,NO,,90,,974,NO,Progressive Disease,YES846YES883NONOYES,NOTCGA-E1-A7Z4-D6174245034EE3-2514-4F2E-BDAC-DA0F43B0E592883883ChemotherapyGliadelNOStable Disease1982014NOTCGA-E1-A7Z4-D61744DAC8BC69-6B96-4C72-8F2A-081329407FC3896952ChemotherapyTemodarNOClinical Progressive Disease1982014NOTCGA-E1-A7Z4-D61746C4B86A27-716A-4EB9-9857-868CEBF922A09741100ChemotherapyCCNUNOClinical Progressive Disease1982014YESTCGA-E1-A7Z4-D61748B907B025-FF2B-4F61-8A78-B413C29B882611011176ThalidomideNOClinical Progressive Disease1982014YESTCGA-E1-A7Z4-D61749C99CD020-7894-4F1F-A627-78E331F2638911011176ChemotherapyCyclophosphamideNOClinical Progressive Disease1982014YESTCGA-E1-A7Z4-D61751799AA848-1E30-4DC7-8CAA-B6F0AF17B2D811821249ChemotherapyKarenitecinNOClinical Progressive Disease1982014NOTCGA-E1-A7Z4-D617539DF62BE0-F268-4DE1-8030-57475AC58C1612661834ChemotherapyTemodarNOStable Disease1982014NOTCGA-E1-A7Z4-D617540282393A-FCBA-4D4A-AC74-B0D9C5C6603212661834Hormone TherapyTamoxifenNOStable Disease1982014NOTCGA-E1-A7Z4-D61756A7B85916-1068-405F-B574-5D1E8807337B35453888ImmunotherapyAvastinNOStable Disease1982014NOTCGA-E1-A7Z4-D617580161FE00-CD4D-47E4-879C-208B19B2958B40814124ImmunotherapyAvastinNOClinical Progressive Disease1982014NOTCGA-E1-A7Z4-D617597964078B-3059-4440-8855-5ADA2090CFE040814137ChemotherapyTemodarNOClinical Progressive Disease1982014NOTCGA-E1-A7Z4-D6176198E606FE-D8E2-423E-A0EF-C9F8D553ED9C41384336ImmunotherapyAvastinNOClinical Progressive Disease1982014NOTCGA-E1-A7Z4-D617625CD187C5-7576-451C-B84D-341B29CC273241384308ChemotherapyCarboplatinNOClinical Progressive Disease1982014,TCGA-E1-A7Z4-R61743DDFB9FB0-158C-4625-9A5B-FF945C2680C8916961External5940cGy33Primary Tumor FieldNORadiographic Progressive Disease1982014TCGA-E1-A7Z4-R61764030FEBDD-AB25-4DF7-86D1-5BE05AE2FE4C41524152External2000cGyPrimary Tumor FieldNORadiographic Progressive Disease1982014,TCGA-E1-A7Z4-F61745E8590421-9023-43E7-95BF-B1ABE453A53BNODeadProgressive Disease4412YES973NOWITH TUMORYESNO1882014Additional New Tumor EventProgressive DiseaseYESYESTCGA-E1-A7Z4-F61747F7738E55-C329-4EC0-BDBA-76CC64C0E8A0NODeadProgressive Disease4412YES1099NOWITH TUMORYESNO1882014Additional New Tumor EventProgressive DiseaseYESYESNOTCGA-E1-A7Z4-F61750E0E8D78B-9BC8-4429-BD02-28CB3A7AC1C5NODeadProgressive Disease4412YES1169NOWITH TUMORYESNO1882014Additional New Tumor EventProgressive DiseaseYESYESNOTCGA-E1-A7Z4-F6175245D130FD-979A-4A46-905B-9886A3DAD26DNODeadProgressive Disease4412YES1262NOWITH TUMORYESNO1882014Additional New Tumor EventProgressive DiseaseYESYESNOTCGA-E1-A7Z4-F6175581FB6004-B172-4336-89B4-96229C2FF220NODeadProgressive Disease4412YES3485NOWITH TUMORYESNO1882014Additional New Tumor EventProgressive DiseaseYESYESNOTCGA-E1-A7Z4-F61757FEF02454-9AA5-4331-9677-685208DAEB8DNODeadProgressive Disease4412YES4047NOWITH TUMORYESNO1882014Additional New Tumor EventProgressive DiseaseYESYESNOTCGA-E1-A7Z4-F61760B13971D1-089B-4932-8927-3841C5C6D801NODeadProgressive Disease4412YES4138NOWITH TUMORYESYES1882014Additional New Tumor EventProgressive DiseaseYESYESNOTCGA-E1-A7Z4-F61765E2E2D852-98D1-4DE3-B9C2-6C7E3C958A95NODeadProgressive Disease4412YES4339NOWITH TUMORNONO1882014Additional New Tumor EventProgressive DiseaseYESYESNO
Central nervous system,Astrocytoma,No,FEMALE,Dead,-14985,,984,,WHITE,TCGA-E1-A7Z6,E1,A7Z6,8B10F00F-FDE6-423D-BC36-027931359A5A,No,YES,C71.0,Mar-00,C71.0,NO,YES,0,41,2009,NO,WITH TUMOR,11,8,2014,NOT HISPANIC OR LATINO,Pre-Adjuvant Therapy,NO,"Supratentorial, Frontal Lobe",G2,Not listed in Medical Record,NO,Right,YES,NO,NO,NO,NO,Headaches,> 181 Days,NO,NO,NO,NO,,NO,,,NO,,,YES,NO,YES,NO,YES,IHC,YES,NO,,90,,19,NO,Progressive Disease,YES294NONONOYES,NOTCGA-E1-A7Z6-D617685E182D11-B082-4B6B-893A-51EA9ABE7041356705ChemotherapyTemodarNOStable Disease1982014NOTCGA-E1-A7Z6-D61773E16FBDC2-F705-40B9-AAF1-4597CD3CACF3907964ChemotherapyTemodarNOClinical Progressive Disease1982014NOTCGA-E1-A7Z6-D6177486902F7A-58BF-43A9-A43C-9FF453EAC8B3901966ImmunotherapyAvastinNOClinical Progressive Disease1982014,TCGA-E1-A7Z6-R617700824E9EE-E409-4708-ACB9-A48080A0F8DB907964External5580cGy31Primary Tumor FieldNORadiographic Progressive Disease1982014,TCGA-E1-A7Z6-F6176931873296-B979-4568-B1AF-A6EF6D2DE01BNODeadProgressive Disease984YES872NOWITH TUMORYESYES1982014Additional New Tumor EventProgressive DiseaseYESYESNOTCGA-E1-A7Z6-F61776B1286E73-5C72-4144-914D-479CF8F2ADF8NODeadProgressive Disease984YES971NOWITH TUMORNONO1982014Additional New Tumor EventProgressive DiseaseYESYESNO
Central nervous system,Oligodendroglioma,No,FEMALE,Alive,-17432,,,160,WHITE,TCGA-EZ-7264,EZ,7264,fc3b7596-f515-446f-81db-fed0154ca2c5,No,YES,C71.0,Mar-50,C71.0,YES,NO,0,47,2011,NO,WITH TUMOR,10,11,2011,NOT HISPANIC OR LATINO,,,"Supratentorial, Frontal Lobe",G2,White Matter,YES,Right,NO,YES,NO,NO,NO,Mental Status Changes,0 - 30 Days,NO,NO,NO,NO,,NO,,,NO,,,YES,YES,NO,NO,,,,,,,,,,,,,,TCGA-EZ-7264-F34555E28C6322-8BA1-4C6E-856C-923588E4766ANOAliveStable Disease436NOWITH TUMOR2282012Scheduled Follow-up SubmissionStable DiseaseNONOTCGA-EZ-7264-F66594EE8FB968-30C3-4F87-8D30-7ACCEB586649NOAliveStable Disease1201NOWITH TUMOR21102014Scheduled Follow-up SubmissionStable DiseaseNONO
Central nervous system,Oligodendroglioma,No,MALE,Alive,-12578,,,7,ASIAN,TCGA-F6-A8O3,F6,A8O3,784ECAA5-7FB8-402A-8240-396AAD96BE83,No,YES,C71.0,Mar-50,C71.0,YES,NO,0,34,2013,NO,TUMOR FREE,12,2,2014,NOT HISPANIC OR LATINO,,,"Supratentorial, Frontal Lobe",G2,Not listed in Medical Record,NO,,YES,NO,NO,NO,NO,Headaches,,NO,NO,NO,NO,,NO,,,NO,,,NO,NO,NO,NO,NO,,,NO,,,,,,Complete Remission/Response,NO,,,TCGA-F6-A8O3-F671553B48D414-1DE9-49F6-8FB6-41883992302DYES24112014Scheduled Follow-up Submission
Central nervous system,Astrocytoma,No,MALE,Alive,-16202,,,6,ASIAN,TCGA-F6-A8O4,F6,A8O4,735B1100-07F6-43D4-B29C-46D0F025573F,No,YES,C71.9,Mar-00,C71.9,YES,NO,0,44,2013,NO,TUMOR FREE,13,2,2014,NOT HISPANIC OR LATINO,,,"Supratentorial, Frontal Lobe",G2,Not listed in Medical Record,NO,Left,YES,NO,NO,NO,NO,Headaches,,NO,NO,NO,NO,,NO,,,NO,,,NO,NO,NO,NO,NO,,,NO,,,,,,Complete Remission/Response,NO,,,TCGA-F6-A8O4-F671561282C066-4D84-4ACB-A244-E2021A82547BYES24112014Scheduled Follow-up Submission
Central nervous system,Oligodendroglioma,No,MALE,Alive,-19818,,,787,WHITE,TCGA-FG-5962,FG,5962,e09f93e1-1649-48fa-9e2e-d13ac6d50b97,No,YES,C71.0,Mar-51,C71.0,NO,YES,0,54,2009,NO,WITH TUMOR,21,7,2011,NOT HISPANIC OR LATINO,,,"Supratentorial, Occipital Lobe",G3,White Matter,NO,Left,NO,NO,YES,NO,NO,Visual Changes,> 181 Days,NO,NO,YES,NO,> 20 Years,NO,,,NO,,,NO,NO,YES,NO,NO,,,NO,,,,,,,,2TCGA-FG-5962-D1411108349992-366b-42ba-8cb9-e93b7b02492310800mg320-400mg6112258ChemotherapyTemodarADJUVANTPONO21720111TCGA-FG-5962-D14107310362a0-7d4a-4042-beec-96856efdea8a6720mg160mg12879ChemotherapyTemodarADJUVANTPONO2172011,TCGA-FG-5962-R159114018f116-3ae6-4525-89f3-f904829111372879EXTERNAL BEAMcGyPrimary Tumor FieldADJUVANTNO1692011,TCGA-FG-5962-F14101a3f8fb99-0444-42b4-a650-05e6287c2d00AliveStable Disease787NOWITH TUMOR2172011Scheduled Follow-up Submission1Post-Adjuvant TherapyStable DiseaseYESYES386TCGA-FG-5962-F3279469588F28-C267-4B27-B101-8CBBFB2DCE39AliveStable Disease1099NOWITH TUMOR1262012Scheduled Follow-up Submission1Post-Adjuvant TherapyStable DiseaseYESYES1099TCGA-FG-5962-F43040AAC87B50-E045-4A2F-BD54-0035DF5825C5NOAliveStable Disease1453NOWITH TUMOR952013Scheduled Follow-up SubmissionStable DiseaseYESYES
Central nervous system,Astrocytoma,No,MALE,Alive,-8571,,,547,WHITE,TCGA-FG-5963,FG,5963,68f550ca-3a33-45e4-b1c9-14f99e543263,No,YES,C71.0,Mar-01,C71.0,NO,YES,0,23,2009,NO,WITH TUMOR,30,3,2011,NOT HISPANIC OR LATINO,Post-Adjuvant Therapy,,"Supratentorial, Frontal Lobe",G3,White Matter,YES,Right,NO,YES,NO,NO,NO,Seizures,0 - 30 Days,NO,NO,NO,YES,12 - 20 Years,NO,,,YES,,12 - 20 Years,,YES,YES,NO,NO,,,NO,,90,,0,,,,1TCGA-FG-5963-D9984cfce2c0b-61d3-452b-ba97-2eed34aca74b5880mg140mg1428471ChemotherapyTemodarPROGRESSIONPONO1342011NOTCGA-FG-5963-D42999B2B918A8-6647-4CAA-A5BA-E962B2ED4CD1517690ChemotherapyTemodarNOClinical Progressive Disease752013NOTCGA-FG-5963-D43000CC00B63C-9810-4ADC-A195-77E5574FD002511727ChemotherapyAvastinNOClinical Progressive Disease752013NOTCGA-FG-5963-D430157A6CD594-2F09-408B-BD86-DA385019EF0D699700ChemotherapyBCNUNOClinical Progressive Disease852013,TCGA-FG-5963-R99810e06b514-749a-421f-aa84-10748dd034a63776EXTERNAL BEAM6000cGy30Primary Tumor FieldADJUVANTNO1442011TCGA-FG-5963-R1048589e458be-bbf0-4f1c-8b7b-620408928df3437471EXTERNAL BEAM6000cGy30Local RecurrencePROGRESSIONNO21942011,TCGA-FG-5963-F9672a711d2ed-a41e-479f-94fe-a18948de3473AliveProgressive Disease547YES395YES395WITH TUMORYESYES303201190Post-Adjuvant TherapyProgressive DiseaseNOYES106NOTCGA-FG-5963-F42259E8210AB9-765A-4A6D-9E68-6E0965C8DB94NODeadProgressive Disease775YES497NOWITH TUMORYESNO752013Scheduled Follow-up SubmissionProgressive DiseaseYESYES
Central nervous system,Oligodendroglioma,No,MALE,Alive,-22735,,,378,WHITE,TCGA-FG-5964,FG,5964,648252da-dd86-48d1-ae75-4257e3142b0b,No,YES,C71.0,Mar-50,C71.0,NO,YES,0,62,2010,NO,WITH TUMOR,13,4,2011,NOT HISPANIC OR LATINO,,,"Supratentorial, Parietal Lobe",G2,White Matter,YES,Left,NO,NO,NO,NO,NO,Seizures,0 - 30 Days,NO,NO,NO,YES,> 20 Years,YES,Processed food,> 20 Years,NO,,,YES,YES,YES,NO,NO,,,NO,,,,,,,,,TCGA-FG-5964-R10288c6507bfb-908f-4971-bfbd-bb47ea283435172213EXTERNAL BEAM5040cGy28Primary Tumor FieldADJUVANTNO11342011,TCGA-FG-5964-F10287187830c2-5141-4767-8b5e-345de67ed2faAliveStable Disease378NOWITH TUMOR1342011Stable DiseaseNOYESTCGA-FG-5964-F4157603FDBD86-641E-4DBE-8250-E16CFD2B3654NOAliveStable Disease1045NOWITH TUMOR2132013Scheduled Follow-up SubmissionStable DiseaseNOYESTCGA-FG-5964-F6373693D99133-DD56-4FBF-A68D-2FDFC1A37683NOAliveStable Disease1588NOWITH TUMOR1582014Scheduled Follow-up SubmissionStable DiseaseNOYES
Central nervous system,Oligoastrocytoma,No,FEMALE,Alive,-14249,,,979,WHITE,TCGA-FG-5965,FG,5965,2cfc07f3-a31c-41a2-a9e3-b708d2421a78,No,YES,C71.0,Mar-82,C71.0,NO,YES,0,39,2008,NO,WITH TUMOR,22,7,2011,NOT HISPANIC OR LATINO,Post-Adjuvant Therapy,,"Supratentorial, Frontal Lobe",G2,White Matter,YES,Right,YES,NO,YES,NO,NO,Seizures,0 - 30 Days,NO,NO,NO,NO,,NO,,,NO,,,NO,NO,YES,NO,NO,,,NO,,90,,259,,,,1TCGA-FG-5965-D14155dfd47724-148f-4d6f-8e91-8eb96911e9439500mg300-320mg6790ChemotherapyTemodarPROGRESSIONPOYES2272011,TCGA-FG-5965-R1415441f1a2e8-c1f7-42cd-9bc6-22030912d3dd89133EXTERNAL BEAM5400cGy30Primary Tumor FieldADJUVANTNO12272010,TCGA-FG-5965-F141536c1ab603-cefb-44f7-bafb-48e43040b60dAliveStable Disease979YES715YES765WITH TUMORYESNO2272011Scheduled Follow-up Submission1Pre-Adjuvant TherapyStable DiseaseNOYES460NOTCGA-FG-5965-F3283739110350-93C7-456E-A8FE-73F98DB91C9CDeadProgressive Disease1120YES1035YES1069WITH TUMORYESNO1362012Additional New Tumor EventProgressive DiseaseYESNONO
Central nervous system,Astrocytoma,No,FEMALE,Alive,-21745,,,221,BLACK OR AFRICAN AMERICAN,TCGA-FG-6688,FG,6688,dadd7428-9e4d-4652-9469-ab521b88d529,No,YES,C71.0,Mar-01,C71.0,YES,NO,0,59,2010,NO,WITH TUMOR,25,7,2011,NOT HISPANIC OR LATINO,Pre-Adjuvant Therapy,,"Supratentorial, Parietal Lobe",G3,Not listed in Medical Record,YES,Left,NO,NO,YES,YES,NO,Seizures,0 - 30 Days,NO,NO,NO,NO,,NO,,,NO,,,YES,YES,YES,NO,NO,,,NO,,80,,60,,,,1TCGA-FG-6688-D146443882f392-f750-4236-adc1-8196e3e64b745750mg345-460mg3159ChemotherapyTemodarADJUVANTPOYES582011NOTCGA-FG-6688-D32792112A79D4-BB4F-4DDC-B489-5234CE6720FA483ChemotherapyAvastinYESStable Disease1262012,TCGA-FG-6688-R14643d07e978d-2448-4725-b88d-8570fbf340f682124EXTERNAL BEAM6000cGy30Primary Tumor FieldADJUVANTNO1582011,TCGA-FG-6688-F14222142ba9f8-8153-4f6c-9d29-d39f1ce2162cAliveProgressive Disease221NOWITH TUMOR2572011Scheduled Follow-up Submission80Pre-Adjuvant TherapyStable DiseaseYESYES60TCGA-FG-6688-F327912551C7FD-64C6-4688-A4C0-136A81A6A265AliveProgressive Disease571YES405NOWITH TUMORYESNO1262012Additional New Tumor Event50Post-Adjuvant TherapyStable DiseaseYESYES405NO
Central nervous system,Astrocytoma,No,MALE,Alive,-11312,,,190,WHITE,TCGA-FG-6689,FG,6689,8d07b1e8-5d1d-4a43-b616-d29dd58ce5fe,No,YES,C71.0,Mar-00,C71.0,YES,NO,0,30,2011,NO,WITH TUMOR,8,8,2011,NOT HISPANIC OR LATINO,Preoperative,,"Supratentorial, Frontal Lobe",G2,Not listed in Medical Record,NO,Right,YES,YES,YES,NO,NO,Headaches,31 - 90 Days,NO,NO,YES,YES,< 12 Years,NO,,,YES,cats,> 20 Years,YES,NO,YES,NO,NO,,,NO,,70,,-10,,,,NOTCGA-FG-6689-D328567EDCB89C-DE05-43F5-BFB5-03D43EB7FA16267424ChemotherapyTemodarNOStable Disease1462012,TCGA-FG-6689-R14672741f9809-4511-43c4-a677-ced9ae76243b139188EXTERNAL BEAM5040cGy30Primary Tumor FieldADJUVANTNO1882011,TCGA-FG-6689-F1467184016ac2-b58a-4b81-8150-d6ddf3aeb1e8AliveProgressive Disease190YES119NOWITH TUMORNONO882011Scheduled Follow-up Submission90Post-Adjuvant TherapyProgressive DiseaseNOYES190TCGA-FG-6689-F32855ACDB5A78-4A6F-4382-BFBA-BDFC64006D08AliveProgressive Disease454YES218NOWITH TUMORYESNO1462012Additional New Tumor EventStable DiseaseNOYESNOTCGA-FG-6689-F43039BF44E681-26E7-48E7-A3DE-351897A9F644YESProgressive DiseaseYES218NOWITH TUMOR2052013Scheduled Follow-up SubmissionNOYES
Central nervous system,Oligodendroglioma,No,MALE,Alive,-25667,,,143,WHITE,TCGA-FG-6690,FG,6690,ad202887-88b3-4e0f-a4c3-7e135d4cb258,No,YES,C71.0,Mar-50,C71.0,YES,NO,0,70,2011,NO,WITH TUMOR,22,8,2011,NOT HISPANIC OR LATINO,Preoperative,,"Supratentorial, Frontal Lobe",G2,Not listed in Medical Record,YES,Left,NO,NO,NO,NO,NO,Seizures,0 - 30 Days,NO,NO,NO,NO,,NO,,,NO,,,YES,YES,NO,NO,NO,,,NO,,90,,-23,,,,,TCGA-FG-6690-R15476c72cae0d-d191-4c25-82d4-4d1c1d7c772373111EXTERNAL BEAM5040cGy28Primary Tumor FieldADJUVANTNO12282011,TCGA-FG-6690-F154742da98bec-a2b3-4e27-8f10-cd1d23205528AliveStable Disease143NOWITH TUMOR2282011Scheduled Follow-up Submission90PreoperativeStable DiseaseNOYES-23TCGA-FG-6690-F32857282419D8-096B-4594-9188-959D226B53A6AliveStable Disease391NOWITH TUMOR1462012Scheduled Follow-up SubmissionStable DiseaseNOYESTCGA-FG-6690-F415673E399F42-4524-4AED-895A-0BE23E9EFD88NOAliveStable Disease760NOWITH TUMOR2132013Scheduled Follow-up SubmissionStable DiseaseNOYESTCGA-FG-6690-F6374251D994FD-83FF-4B58-A03E-F9F378DAB196NOAliveStable Disease1294NOWITH TUMOR1582014Scheduled Follow-up SubmissionStable DiseaseNOYES
Central nervous system,Astrocytoma,No,FEMALE,Alive,-8403,,,103,WHITE,TCGA-FG-6691,FG,6691,e4d9b696-3311-44e7-9191-fde56c080a00,No,YES,C71.0,Mar-00,C71.0,YES,NO,0,23,2011,NO,TUMOR FREE,8,8,2011,NOT HISPANIC OR LATINO,Preoperative,,"Supratentorial, Temporal Lobe",G2,White Matter,NO,Right,YES,NO,NO,NO,NO,Headaches,0 - 30 Days,NO,NO,NO,NO,,NO,,,NO,,,NO,NO,NO,NO,NO,,,NO,,100,,-9,,,,NOTCGA-FG-6691-D637463B2BB044-E4EE-47E4-96F2-8D84AB7943C31135ChemotherapyTemodarYES1582014,TCGA-FG-6691-R63745166D0E63-CA7C-4B7A-81C1-D7E28F654CE410201058External45Gy25Local RecurrenceNOStable Disease1582014,TCGA-FG-6691-F146746be6d043-d678-4396-b912-b64cbd2f3870AliveComplete Remission/Response103NOTUMOR FREE882011Scheduled Follow-up Submission90Adjuvant therapyComplete Remission/ResponseNONO103TCGA-FG-6691-F3285851A532EE-7CB4-4A3E-90EE-5001BF7C6E85AliveComplete Remission/Response382NOTUMOR FREE1462012Scheduled Follow-up Submission80Adjuvant therapyComplete Remission/ResponseNONO235TCGA-FG-6691-F41568006941F5-55E9-4B42-BB1B-A9AED40CC7BDNOAliveComplete Remission/Response729NOTUMOR FREE2132013Scheduled Follow-up SubmissionComplete Remission/ResponseNONOTCGA-FG-6691-F637446547A7FC-CD36-46B1-9A5B-3504969EE398NOAliveComplete Remission/Response1257YES913YES984WITH TUMORYESYES1582014Scheduled Follow-up SubmissionStable DiseaseNONO
Central nervous system,Oligodendroglioma,No,MALE,Alive,-23374,,,126,WHITE,TCGA-FG-6692,FG,6692,5f10cd91-1e03-4016-b35a-8629a1a8fcc9,No,YES,C71.0,Mar-51,C71.0,YES,NO,0,63,2011,NO,WITH TUMOR,9,8,2011,NOT HISPANIC OR LATINO,Pre-Adjuvant Therapy,,"Supratentorial, Frontal Lobe",G3,Not listed in Medical Record,YES,Right,NO,YES,NO,NO,NO,Seizures,0 - 30 Days,,,,,,,,,,,,NO,YES,YES,NO,NO,,,NO,,,1,42,,,,NOTCGA-FG-6692-D32839CCA2C4C1-27B5-4165-8E5D-3FCAFA02E0A2149ChemotherapyTemodarYES1362012,TCGA-FG-6692-R14737499c1eda-6e90-4cd3-9911-bfd7cb82670b68116EXTERNAL BEAM5940cGy33Primary Tumor FieldADJUVANTNO1982011,TCGA-FG-6692-F32838A9CF8A04-87B0-4216-85B8-65F8E08C1D20AliveStable Disease413NOWITH TUMOR1362012Scheduled Follow-up Submission1Adjuvant therapyStable DiseaseYESYES413TCGA-FG-6692-F415693299F933-61B1-4CCC-8ECF-67E937CAFB99NODeadStable Disease5612132013Scheduled Follow-up SubmissionYESYES
Central nervous system,Oligodendroglioma,No,MALE,Alive,-10476,,,467,WHITE,TCGA-FG-7634,FG,7634,2d860614-b772-46e2-b1cd-43bb3ead7255,No,YES,C71.0,Mar-50,C71.0,YES,NO,0,28,2008,NO,WITH TUMOR,15,12,2011,NOT HISPANIC OR LATINO,,,"Supratentorial, Frontal Lobe",G2,Not listed in Medical Record,YES,Left,NO,NO,NO,NO,NO,Seizures,0 - 30 Days,NO,NO,NO,NO,,NO,,,NO,,,NO,YES,YES,NO,NO,,,NO,,,,,,,,,,TCGA-FG-7634-F32955E3D42E54-5519-4759-8312-7962366E7B78AliveStable Disease467NOWITH TUMOR1862012Scheduled Follow-up SubmissionStable DiseaseNONOTCGA-FG-7634-F4158057A86EA2-9217-487A-8EA2-094C2C3EA4A5YESAliveStable Disease4672132013Scheduled Follow-up Submission
Central nervous system,Astrocytoma,No,MALE,Alive,-17843,,,124,WHITE,TCGA-FG-7636,FG,7636,b342e980-8383-4f1b-bf57-4098c37a536c,No,YES,C71.0,Mar-01,C71.0,YES,NO,0,48,2011,NO,TUMOR FREE,29,12,2011,NOT HISPANIC OR LATINO,Preoperative,,"Supratentorial, Frontal Lobe",G3,Not listed in Medical Record,YES,Left,YES,YES,NO,YES,YES,Headaches,> 181 Days,NO,NO,NO,NO,,NO,,,NO,,,YES,YES,NO,NO,NO,,,NO,,90,0,-7,,,,1TCGA-FG-7636-D198507b3133a0-75ec-4ece-b722-8deb8f2823d26300mg150mg13384ChemotherapyTemodarADJUVANTPONO29122011,TCGA-FG-7636-R19849334be0ca-2520-4235-8d59-fd281cca85813384EXTERNAL BEAM5940cGy33Primary Tumor FieldADJUVANTNO129122011,TCGA-FG-7636-F43425DC5BAB9B-1C09-4D17-AB72-09C263DAAD11NOAliveComplete Remission/Response544NOTUMOR FREE2152013Scheduled Follow-up SubmissionComplete Remission/ResponseYESYES
Central nervous system,Oligoastrocytoma,No,MALE,Alive,-18084,,,802,WHITE,TCGA-FG-7637,FG,7637,c40ab957-fe46-43b1-992d-b4e2040a3f57,No,YES,C71.0,Mar-82,C71.0,YES,NO,0,49,2009,NO,WITH TUMOR,6,1,2012,NOT HISPANIC OR LATINO,,,"Supratentorial, Temporal Lobe",G2,Not listed in Medical Record,YES,Right,NO,YES,NO,NO,NO,Seizures,> 181 Days,NO,NO,YES,NO,> 20 Years,NO,,,NO,,,NO,YES,YES,NO,NO,,,NO,,,,,,,,,,TCGA-FG-7637-F3298754453E51-BFD0-4138-BFC1-8B6F90F7CB32AliveStable Disease1020NOWITH TUMOR1862012Scheduled Follow-up SubmissionStable DiseaseNONOTCGA-FG-7637-F4157907AB414A-C552-4199-898A-2279B5E9E8DFNOAliveStable Disease1219NOWITH TUMOR2132013Scheduled Follow-up SubmissionStable DiseaseNONO
Central nervous system,Oligodendroglioma,No,FEMALE,Alive,-11528,,,233,WHITE,TCGA-FG-7638,FG,7638,1f54d21e-752f-496d-8453-4b9b8738cbce,No,YES,C71.0,Mar-51,C71.0,YES,NO,0,31,2011,NO,TUMOR FREE,10,1,2012,NOT HISPANIC OR LATINO,Preoperative,,"Supratentorial, Frontal Lobe",G3,Not listed in Medical Record,YES,Left,YES,NO,NO,NO,YES,Headaches,0 - 30 Days,NO,NO,NO,NO,,NO,,,NO,,,YES,YES,NO,NO,NO,,,NO,,100,0,-13,,,,1TCGA-FG-7638-D20408e75a0f71-b3d0-4896-ad35-9d7062cf4fd76090mg145mg13778ChemotherapyTemodarADJUVANTPONO1112011NOTCGA-FG-7638-D43362E71157DA-8780-4039-A459-78C0B78182C3122336ChemotherapyTemodarNOStable Disease2052013NOTCGA-FG-7638-D433652C840323-3AB9-4788-9A3C-40B8FA3AAD99411595ChemotherapyTemodarNOStable Disease2052013,TCGA-FG-7638-R20405f422d1d9-aa17-41e5-82b0-d7b2e65746a03585EXTERNAL BEAM5940cGy33Primary Tumor FieldADJUVANTNO11112011,TCGA-FG-7638-F433634BA9C02D-9340-448E-8E76-6453BB4EC917NOAliveStable Disease686YES407NOWITH TUMORYESNO2052013Scheduled Follow-up SubmissionStable DiseaseYESYES
Central nervous system,Oligodendroglioma,No,MALE,Alive,-11357,,,283,WHITE,TCGA-FG-7641,FG,7641,0f0d9a7f-dd85-48aa-b5b2-deff5bb6bdeb,No,YES,C71.0,Mar-50,C71.0,YES,NO,0,31,2011,NO,TUMOR FREE,5,6,2012,NOT HISPANIC OR LATINO,,,"Supratentorial, Frontal Lobe",G2,Not listed in Medical Record,NO,Left,YES,NO,YES,NO,NO,Headaches,> 181 Days,NO,NO,NO,NO,,NO,,,NO,,,YES,NO,NO,NO,NO,,,NO,,,,,,,,,,TCGA-FG-7641-F329939F7E7DAF-DC0D-4794-9511-19AD6B873E1CAliveComplete Remission/Response313NOTUMOR FREE1862012Scheduled Follow-up SubmissionStable DiseaseNONOTCGA-FG-7641-F43341406DB64F-89A9-450A-8BA3-CEB89A2DF64ENOAliveComplete Remission/Response627NOTUMOR FREE1752013Scheduled Follow-up SubmissionStable DiseaseNONO
Central nervous system,Oligoastrocytoma,No,FEMALE,Alive,-18206,,,27,WHITE,TCGA-FG-7643,FG,7643,b6f13250-31b3-46ad-b514-5a684f1094a9,No,YES,C71.0,Mar-82,C71.0,YES,NO,0,49,2011,NO,WITH TUMOR,6,1,2012,NOT HISPANIC OR LATINO,,,"Supratentorial, Frontal Lobe",G2,Cerebral Cortex,YES,Right,NO,NO,NO,NO,NO,Seizures,91 - 180 Days,NO,NO,YES,YES,> 20 Years,NO,,,YES,Cats,> 20 Years,NO,YES,YES,NO,NO,,,NO,,,,,,,,,,TCGA-FG-7643-F32953481FF79C-513F-442B-A8B9-7E32C5D51C0DAliveStable Disease293YES254YES286WITH TUMORNONO1862012Additional New Tumor EventProgressive DiseaseNONONOTCGA-FG-7643-F451561D1C9240-EA03-4F9A-8EEA-C96C482FBF72NOAliveProgressive Disease611YES254YES286WITH TUMORNONO1072013Scheduled Follow-up SubmissionStable DiseaseNONO
Central nervous system,Oligoastrocytoma,No,MALE,Alive,-8642,,,106,WHITE,TCGA-FG-8181,FG,8181,1159c88c-39d0-4c03-9c66-36af5340a67a,No,YES,C71.0,Mar-82,C71.0,YES,NO,0,23,2012,NO,WITH TUMOR,7,6,2012,NOT HISPANIC OR LATINO,Preoperative,,"Supratentorial, Frontal Lobe",G3,Not listed in Medical Record,,Left,,,,,,,,,,,,,,,,,,,,,,,NO,,,NO,,90,,-13,,,,NOTCGA-FG-8181-D644202D62A107-8CCE-489F-92A4-C38E2B1ACA7F64105ChemotherapyTemodarNOStable Disease292014,TCGA-FG-8181-R3272276E8A43D-2250-4284-BBC2-9A8F2283114164ExternalYES762012,TCGA-FG-8181-F433980678B69F-E4D4-49C4-AE92-E5A6003302C0NOAliveStable Disease394NOWITH TUMOR2052013Scheduled Follow-up SubmissionStable DiseaseYESYESTCGA-FG-8181-F644216C9E9000-C343-4750-AB64-17DB935BD178NOAliveStable Disease862NOWITH TUMOR292014Scheduled Follow-up SubmissionStable DiseaseYESYES
Central nervous system,Oligodendroglioma,No,MALE,Alive,-12972,,,101,WHITE,TCGA-FG-8182,FG,8182,6a0bcf0c-fa4c-4119-99d2-f722b781d20f,No,YES,C71.0,Mar-50,C71.0,YES,NO,0,35,2012,NO,WITH TUMOR,7,6,2012,NOT HISPANIC OR LATINO,,,"Supratentorial, Frontal Lobe",G2,Not listed in Medical Record,YES,Left,NO,NO,NO,NO,NO,Seizures,0 - 30 Days,NO,NO,NO,NO,,NO,,,NO,,,,,NO,NO,NO,,,NO,,,,,,,,,,TCGA-FG-8182-F433991BCD2558-21E9-4CBB-9EF5-E7C9AA44457BNOAliveStable Disease416NOWITH TUMOR2052013Scheduled Follow-up SubmissionStable DiseaseNONO
Central nervous system,Astrocytoma,No,MALE,Alive,-13621,,,70,WHITE,TCGA-FG-8185,FG,8185,fb3884df-3680-4c5b-8092-981007aeba03,No,YES,C71.0,Mar-01,C71.0,YES,NO,0,37,2012,NO,TUMOR FREE,31,5,2012,NOT HISPANIC OR LATINO,Pre-Adjuvant Therapy,,"Supratentorial, Frontal Lobe",G3,White Matter,NO,Right,YES,NO,YES,NO,NO,Headaches,91 - 180 Days,NO,NO,NO,NO,,YES,,> 20 Years,NO,,,,,NO,NO,,,,NO,,90,,21,,,,NOTCGA-FG-8185-D32545CE3F4131-147E-44A0-A306-3F54F2F9BDFE2170ChemotherapyTemodarNOStable Disease3152012NOTCGA-FG-8185-D43369CDCD9C6D-0CD2-4E48-B07E-DBC61F09EE3A97412ChemotherapyTemodarNOComplete Response2052013,TCGA-FG-8185-R3254255D1CA41-996F-49CA-A286-0C458F58BC542670External5940cGy33Primary Tumor FieldNOStable Disease3152012,TCGA-FG-8185-F4336632BB4429-3BDE-4A73-AA05-F3C427B314E6NOAliveComplete Remission/Response433NOTUMOR FREE2052013Scheduled Follow-up SubmissionComplete Remission/ResponseYESYES
Central nervous system,Oligoastrocytoma,No,FEMALE,Alive,-15431,,,121,WHITE,TCGA-FG-8186,FG,8186,dcd45077-f068-490b-bdcc-4d4a62285116,No,YES,C71.0,Mar-82,C71.0,YES,NO,0,42,2011,NO,WITH TUMOR,31,5,2012,HISPANIC OR LATINO,Pre-Adjuvant Therapy,,"Supratentorial, Frontal Lobe",G3,Not listed in Medical Record,YES,Right,YES,NO,NO,NO,NO,Seizures,0 - 30 Days,NO,NO,NO,NO,,NO,,,NO,,,NO,YES,YES,NO,NO,,,NO,,70,,13,,,,,TCGA-FG-8186-R32567C97E8B71-D5DB-4343-8674-174A5A7E9B0860105External5450cGy31Primary Tumor FieldNOStable Disease162012,TCGA-FG-8186-F42521334FE4DD-8288-4A57-8DEA-11089B240612NOAliveStable Disease487NOWITH TUMOR2342013Scheduled Follow-up SubmissionStable DiseaseNOYES
Central nervous system,Oligoastrocytoma,Yes,MALE,Alive,-11684,,,215,WHITE,TCGA-FG-8187,FG,8187,0df37550-9421-4571-9844-51b457d7cb2b,No,YES,C71.0,Mar-82,C71.0,YES,NO,0,31,2011,NO,TUMOR FREE,31,5,2012,NOT HISPANIC OR LATINO,Other,,"Supratentorial, Frontal Lobe",G2,Not listed in Medical Record,,Right,,,,,,,,,,,,,,,,,,,,,,,NO,,,NO,,90,,0,,,,,,TCGA-FG-8187-F4345629942C78-1077-4C04-98F2-C6CCD707C9D6NOAliveComplete Remission/Response611NOTUMOR FREE2252013Scheduled Follow-up SubmissionStable DiseaseNONO
Central nervous system,Oligoastrocytoma,No,MALE,Alive,-15051,,,97,WHITE,TCGA-FG-8188,FG,8188,106709ec-72df-44f0-8c71-87b7c755f8f0,No,YES,C71.0,Mar-82,C71.0,YES,NO,0,41,2012,NO,WITH TUMOR,31,5,2012,NOT HISPANIC OR LATINO,Preoperative,,"Supratentorial, Temporal Lobe",G2,Not listed in Medical Record,NO,Left,NO,YES,NO,NO,NO,Mental Status Changes,0 - 30 Days,NO,NO,NO,NO,,NO,,,NO,,,,YES,NO,NO,NO,,,NO,,90,,-15,,,,,TCGA-FG-8188-R43455719F96FC-3B45-4CAE-927C-97B6F05CAEFA418455External5040cGy28Primary Tumor FieldNO2252013,TCGA-FG-8188-F43454E831A388-07D2-48D2-B7F5-C4605C7513CCNOAliveStable Disease455YES384NOWITH TUMORNOYES2252013Scheduled Follow-up SubmissionNONO
Central nervous system,Oligodendroglioma,No,FEMALE,Alive,-12384,,,361,WHITE,TCGA-FG-8189,FG,8189,5469c0e8-0c58-4870-b897-8fa0704599a7,No,YES,C71.0,Mar-50,C71.0,YES,NO,0,33,2012,NO,WITH TUMOR,9,5,2013,NOT HISPANIC OR LATINO,Pre-Adjuvant Therapy,YES,"Supratentorial, Temporal Lobe",G2,Not listed in Medical Record,YES,Right,NO,NO,NO,NO,NO,Seizures,> 181 Days,YES,YES,YES,NO,> 20 Years,NO,,,NO,,,NO,YES,NO,NO,NO,,,NO,,70,,83,YES,Stable Disease,NO,YESTCGA-FG-8189-D422519A6538E8-AB2B-44EF-A0F5-1AA3B71111EF105159ChemotherapyTemodarChemotherapyNOStable Disease1542013YESTCGA-FG-8189-D422556AD8B764-E9BA-499F-9D06-724575C8DBA0190221ChemotherapyTemodarChemotherapyNOStable Disease1542013,TCGA-FG-8189-R4224959127A65-B6ED-4457-9346-017C275407A9105159External5040cGy28Primary Tumor FieldNOStable Disease1542013,TCGA-FG-8189-F585039F37B92F-EFA9-424C-9FB8-FFDE8BE5A452NOAliveStable Disease685NOWITH TUMOR1142014Scheduled Follow-up SubmissionStable DiseaseYESYES
Central nervous system,Oligodendroglioma,No,MALE,Alive,-11252,,,199,WHITE,TCGA-FG-8191,FG,8191,029b33b1-7ea9-4b77-a615-7eb0e3ebd5e7,No,YES,C71.0,Mar-51,C71.0,YES,NO,0,30,2011,NO,WITH TUMOR,7,6,2012,NOT HISPANIC OR LATINO,,,"Supratentorial, Frontal Lobe",G3,Not listed in Medical Record,NO,Right,NO,NO,NO,YES,NO,Sensory Changes,> 181 Days,NO,NO,NO,NO,,NO,,,NO,,,,,NO,NO,NO,,,NO,,,,,,,,NOTCGA-FG-8191-D327163AD13E50-1087-452C-ACA6-CF2E3EFFED203176ChemotherapyTemodarNOStable Disease2062012NOTCGA-FG-8191-D43400EE6C5FFC-7ABE-44E6-BBE6-EFC24033B9A9122448ChemotherapyTemodarNOStable Disease2052013,TCGA-FG-8191-R327154D84320E-AF88-4BE0-9F49-3C363AC48A193176External5700cGy30Primary Tumor FieldNOStable Disease762012,TCGA-FG-8191-F43401CF41150A-13E4-4A10-A9C7-101098FE37A4NOAliveStable Disease472NOWITH TUMOR2052013Scheduled Follow-up SubmissionStable DiseaseYESYESTCGA-FG-8191-F66698391D5E18-E90E-40C5-8B31-10ADE0A7B74ENOAliveStable Disease992NOWITH TUMOR22102014Scheduled Follow-up SubmissionStable DiseaseYESYES
Central nervous system,Oligodendroglioma,No,FEMALE,Alive,-10082,,,744,WHITE,TCGA-FG-A4MT,FG,A4MT,E30F1994-3622-43D0-BEC2-6D7E2D9881D2,No,YES,C71.2,Mar-50,C71.2,YES,NO,0,27,2010,NO,TUMOR FREE,7,1,2013,NOT HISPANIC OR LATINO,Pre-Adjuvant Therapy,NO,"Supratentorial, Temporal Lobe",G2,Not listed in Medical Record,YES,Left,YES,NO,NO,NO,NO,Seizures,0 - 30 Days,NO,NO,NO,NO,,NO,,,NO,,,YES,YES,NO,NO,NO,,,NO,,100,,499,NO,Complete Remission/Response,YES499YES637YESNO,,TCGA-FG-A4MT-R389717045531A-AB48-444B-9849-D8CA948F9F0B686731External5940cGy33Local RecurrenceNOComplete Response712013,TCGA-FG-A4MT-F56666DB10AE49-6308-48A2-B191-C910D14CD1B1NOAliveComplete Remission/Response1164YES499YES647TUMOR FREENOYES1722014Scheduled Follow-up SubmissionComplete Remission/ResponseNONO
Central nervous system,Oligoastrocytoma,No,MALE,Alive,-21450,,,18,WHITE,TCGA-FG-A4MU,FG,A4MU,7662940A-22DE-44D8-B59A-2F2B090EA6D5,No,YES,C71.0,Mar-82,C71.0,YES,NO,0,58,2012,NO,WITH TUMOR,18,4,2013,NOT HISPANIC OR LATINO,,,"Supratentorial, Temporal Lobe",G3,Not listed in Medical Record,NO,Right,YES,YES,YES,NO,NO,Headaches,0 - 30 Days,NO,NO,NO,NO,,NO,,,NO,,,YES,NO,NO,NO,YES,IHC,NO,NO,,,,,,,,,,TCGA-FG-A4MU-F63739262ECA62-AC01-45A8-A6A6-B817CC807285NOAlive3261582014Scheduled Follow-up Submission
Central nervous system,Oligoastrocytoma,No,MALE,Alive,-23077,,,160,WHITE,TCGA-FG-A4MW,FG,A4MW,DCE168B1-D2A9-4409-8437-AB382F6D7D31,No,YES,C71.1,Mar-82,C71.1,YES,NO,0,63,2012,NO,TUMOR FREE,29,1,2013,NOT HISPANIC OR LATINO,Post-Adjuvant Therapy,YES,"Supratentorial, Frontal Lobe",G3,Not listed in Medical Record,YES,Right,NO,NO,NO,NO,NO,Seizures,0 - 30 Days,YES,NO,NO,NO,,NO,,,NO,,,YES,YES,YES,NO,YES,IHC,NO,NO,,80,1,141,YES,,NO,NOTCGA-FG-A4MW-D397102B02C0A0-719B-48E1-A7F1-DEB9BC1C4F783271ChemotherapyTemodarNOStable Disease3012013NOTCGA-FG-A4MW-D397125E3E00F7-6C27-42D4-A54F-744510155C02101105ChemotherapyTemodarNOStable Disease3012013NOTCGA-FG-A4MW-D616459B07A59C-3AF4-4CE4-AB86-37E3F96535BA231379AvastinNOClinical Progressive Disease272014,TCGA-FG-A4MW-R397112E2B9EF1-F46E-4C91-8532-63A7C89763F63271External5940cGy33Primary Tumor FieldNOStable Disease3012013,TCGA-FG-A4MW-F61644773B1C98-4D21-44FC-96BF-6BFF866293B4NODeadStable Disease559YES226NOWITH TUMORYESNO272014Scheduled Follow-up SubmissionProgressive DiseaseYESYES
Central nervous system,Astrocytoma,No,MALE,Alive,-17381,,,113,WHITE,TCGA-FG-A4MX,FG,A4MX,AD80A042-C4B4-445C-9678-1C2614422684,No,YES,C71.1,Mar-00,C71.1,YES,NO,0,47,2012,NO,TUMOR FREE,31,1,2013,NOT HISPANIC OR LATINO,Preoperative,YES,"Supratentorial, Frontal Lobe",G2,Not listed in Medical Record,NO,Right,NO,NO,NO,NO,YES,Motor/Movement Changes,0 - 30 Days,NO,NO,NO,NO,,NO,,,NO,,,NO,NO,NO,NO,YES,IHC,NO,NO,,100,0,-23,NO,Complete Remission/Response,NO,,TCGA-FG-A4MX-R3971760498AEB-C00E-48B5-A219-4992C24366A23076External5940cGy33Primary Tumor FieldNOComplete Response3012013,TCGA-FG-A4MX-F57707049E1DFF-D191-4967-9548-3E3B78F87196NOAliveComplete Remission/Response569NOTUMOR FREE2132014Scheduled Follow-up SubmissionComplete Remission/ResponseNOYES
Central nervous system,Oligoastrocytoma,No,FEMALE,Alive,-16310,,,294,WHITE,TCGA-FG-A4MY,FG,A4MY,FEBE2CE5-737B-43B8-BC70-4194FE3ED5FB,No,YES,C71.3,Mar-82,C71.3,YES,NO,0,44,2012,NO,WITH TUMOR,5,2,2013,HISPANIC OR LATINO,,YES,"Supratentorial, Parietal Lobe",G2,Not listed in Medical Record,YES,Right,YES,YES,NO,NO,NO,Seizures,31 - 90 Days,NO,NO,NO,NO,,NO,,,NO,,,,,NO,NO,NO,,,NO,,,,,NO,Stable Disease,NO,,TCGA-FG-A4MY-R39891D8BA1822-6561-40F1-AD8A-927D658F28763677External5700cGy30Primary Tumor FieldNOStable Disease522013,TCGA-FG-A4MY-F585054B881BCA-EEBE-46A9-875B-AD192D8C630ANOAliveStable Disease721NOWITH TUMOR1142014Scheduled Follow-up SubmissionStable DiseaseNOYES
Central nervous system,Oligoastrocytoma,No,FEMALE,Alive,-17339,,,214,WHITE,TCGA-FG-A60J,FG,A60J,C031F2A5-A563-4D5B-BD62-49D4FA5ECA78,No,YES,C71.0,Mar-82,C71.0,YES,NO,0,47,2012,NO,TUMOR FREE,26,6,2013,NOT HISPANIC OR LATINO,Preoperative,NO,"Supratentorial, Frontal Lobe",G2,Not listed in Medical Record,YES,Left,NO,NO,NO,NO,NO,Seizures,31 - 90 Days,NO,NO,NO,NO,,NO,,,NO,,,NO,YES,NO,NO,YES,IHC,YES,NO,,90,1,-18,NO,Complete Remission/Response,NO,,,TCGA-FG-A60J-F61188C8654DD0-C082-469D-9D72-B69021F6242DNOAliveComplete Remission/Response449TUMOR FREE2562014Scheduled Follow-up SubmissionNONOTCGA-FG-A60J-F65604DA1C5F97-85AE-4FE3-BC40-B85D8BD73B7DYESAliveComplete Remission/Response449TUMOR FREE2592014Scheduled Follow-up SubmissionNONO
Central nervous system,Oligoastrocytoma,"Yes, History of Prior Malignancy",FEMALE,Alive,-12445,,,202,WHITE,TCGA-FG-A60K,FG,A60K,A85AEBDA-B182-41BA-815A-3FF055E22829,No,YES,C71.0,Mar-82,C71.0,YES,NO,0,34,2012,NO,WITH TUMOR,8,7,2013,NOT HISPANIC OR LATINO,,NO,"Supratentorial, Frontal Lobe",G2,Not listed in Medical Record,NO,Right,NO,YES,NO,NO,NO,Mental Status Changes,0 - 30 Days,NO,NO,YES,NO,> 20 Years,NO,,,YES,Dogs,> 20 Years,NO,NO,YES,NO,NO,,,NO,,,,,NO,Stable Disease,NO,,,TCGA-FG-A60K-F6118920A6E795-01E4-4DFB-95FB-E30C2CA31502NOAliveStable Disease542NOWITH TUMOR2562014Scheduled Follow-up SubmissionStable DiseaseNONO
Central nervous system,Astrocytoma,No,FEMALE,Alive,-12580,,,214,WHITE,TCGA-FG-A60L,FG,A60L,738F5C96-EE44-4FD7-BB8C-E2B86F8053C8,No,YES,C71.0,Mar-00,C71.0,YES,NO,0,34,2012,NO,TUMOR FREE,26,6,2013,NOT HISPANIC OR LATINO,Other,NO,"Supratentorial, Temporal Lobe",G2,Not listed in Medical Record,YES,Left,NO,NO,NO,NO,NO,Seizures,0 - 30 Days,NO,NO,,,,,,,,,,NO,YES,,NO,NO,,,NO,,100,0,8,NO,Complete Remission/Response,NO,,,TCGA-FG-A60L-F63166F0264CBD-1035-46E1-86AF-C1678AF54ACFNOAliveComplete Remission/Response499NOTUMOR FREE182014Scheduled Follow-up SubmissionComplete Remission/ResponseNONOTCGA-FG-A60L-F65511B1194B59-2D87-422A-83A7-D2BDB36EFFC5NOAliveComplete Remission/Response655NOTUMOR FREE2492014Scheduled Follow-up SubmissionComplete Remission/ResponseNONO
Central nervous system,Oligodendroglioma,No,MALE,Alive,-22275,,,128,WHITE,TCGA-FG-A6IZ,FG,A6IZ,DA13446A-C4DC-4D02-80C8-410273925AC4,No,YES,C71.0,Mar-50,C71.0,YES,NO,0,60,2013,NO,TUMOR FREE,4,9,2013,NOT HISPANIC OR LATINO,,YES,"Supratentorial, Not Otherwise Specified",G2,Cerebral Cortex,YES,Left,NO,NO,NO,NO,YES,Seizures,0 - 30 Days,NO,NO,YES,NO,> 20 Years,NO,,,NO,,,NO,YES,NO,NO,YES,IHC,YES,NO,,,,,NO,Complete Remission/Response,NO,,TCGA-FG-A6IZ-R480338006C123-BCEE-4F88-9213-CC784494C6255493External5400cGy30Primary Tumor FieldNOComplete Response492013,TCGA-FG-A6IZ-F63721D2D7B214-DC45-4A3C-A45B-D5A79E9F6C6FNOAliveComplete Remission/Response457NOTUMOR FREE1582014Scheduled Follow-up SubmissionComplete Remission/ResponseNOYES
Central nervous system,Oligodendroglioma,No,FEMALE,Alive,-16106,,,124,WHITE,TCGA-FG-A6J1,FG,A6J1,EA31C705-4CF8-48F5-8D13-E43563213C91,No,YES,C71.0,Mar-50,C71.0,YES,NO,0,44,2013,NO,WITH TUMOR,21,8,2013,NOT HISPANIC OR LATINO,Pre-Adjuvant Therapy,YES,"Supratentorial, Not Otherwise Specified",G2,Not listed in Medical Record,YES,Left,NO,NO,NO,NO,NO,Seizures,0 - 30 Days,NO,NO,NO,NO,,NO,,,NO,,,NO,NO,YES,NO,YES,IHC,YES,NO,,70,,27,NO,Stable Disease,NO,,TCGA-FG-A6J1-R470344D29F4AB-3B72-4D30-AEC1-489367A6C7CF5595External5040cGy28Primary Tumor FieldNOStable Disease2182013,TCGA-FG-A6J1-F63724F39DBC46-888E-4D01-8286-4B18DC934090NOAliveStable Disease500NOWITH TUMOR1582014Scheduled Follow-up SubmissionStable DiseaseNOYES
Central nervous system,Astrocytoma,No,FEMALE,Alive,-19138,,,322,WHITE,TCGA-FG-A6J3,FG,A6J3,AE4F0714-3B74-46C0-9C1B-F028C7CF2E62,No,YES,C71.0,Mar-01,C71.0,YES,NO,0,52,2012,NO,WITH TUMOR,3,9,2013,NOT HISPANIC OR LATINO,Post-Adjuvant Therapy,YES,"Supratentorial, Frontal Lobe",G3,Cerebral Cortex,NO,Right,NO,NO,NO,YES,NO,Sensory Changes,0 - 30 Days,,NO,NO,NO,,NO,,,NO,,,NO,YES,,,YES,IHC,YES,,,90,1,106,YES,Progressive Disease,YES285YES340NOYES,NOTCGA-FG-A6J3-D482321EB2DA09-3CFC-44F9-B194-06BBE1D6AE9C2774ChemotherapyTemodarNOStable Disease1092013NOTCGA-FG-A6J3-D485019889AC41-FA07-43AF-8AE0-D489D0085685116ChemotherapyTemodarYES1692013,TCGA-FG-A6J3-R4823392FEAF12-7BCE-4750-8F76-E98F04B2086C2774External5940cGy33Primary Tumor FieldNOStable Disease1092013,TCGA-FG-A6J3-F6403253B1E960-0D9E-499F-A118-9E3B068B6EE2NOAliveProgressive Disease677NOWITH TUMOR2582014Scheduled Follow-up SubmissionStable DiseaseYESYES
Central nervous system,Oligodendroglioma,No,FEMALE,Alive,-7421,,,868,WHITE,TCGA-FG-A70Y,FG,A70Y,C6CEB220-282E-4EEF-8D36-4CE0A625CF7E,No,YES,C71.0,Mar-50,C71.0,YES,NO,0,20,2011,NO,WITH TUMOR,17,3,2014,NOT HISPANIC OR LATINO,,NO,"Supratentorial, Temporal Lobe",G2,Not listed in Medical Record,NO,Left,YES,NO,YES,NO,YES,Headaches,0 - 30 Days,NO,NO,,,,,,,,,,NO,NO,NO,NO,NO,,,NO,,,,,NO,Complete Remission/Response,YES490NOYESYES,NOTCGA-FG-A70Y-D57573C7CBCD44-0546-4E1D-A33A-79E3D22C8167515554ChemotherapyTemodarNOStable Disease1732014,TCGA-FG-A70Y-R575727F849699-3B2F-4461-8230-6D315464D688515554External5510cGy29Primary Tumor FieldNOStable Disease1732014,TCGA-FG-A70Y-F575718F1ADBAD-5912-4EB7-91B5-0E9C49AAE28ANOAliveComplete Remission/Response868YES490NOWITH TUMORYESYES2032014Additional New Tumor EventStable DiseaseNONOTCGA-FG-A70Y-F65608004DFC49-ED1E-4D87-95F0-63B7ECE233E6YESAliveComplete Remission/Response868WITH TUMOR2592014Scheduled Follow-up SubmissionNONO
Central nervous system,Oligoastrocytoma,No,FEMALE,Alive,-19717,,,328,BLACK OR AFRICAN AMERICAN,TCGA-FG-A70Z,FG,A70Z,98E82E98-341A-4BCA-92C0-23C65C1BF94F,No,YES,C71.0,Mar-82,C71.0,YES,NO,0,53,2011,NO,WITH TUMOR,2,12,2013,NOT HISPANIC OR LATINO,,YES,"Supratentorial, Temporal Lobe",G3,Not listed in Medical Record,NO,Left,YES,NO,YES,YES,NO,Headaches,31 - 90 Days,NO,NO,,,,,,,,,,YES,NO,YES,,NO,,,NO,,,,,YES,,,NOTCGA-FG-A70Z-D52303BCD4BD78-2CB1-4359-A5B8-C7E9C6ADC425298328ChemotherapyTemodarNO2122013,TCGA-FG-A70Z-R52082FA89AD73-C0DA-4437-8CC1-04A935FA71552870External6000cGy30Primary Tumor FieldNOStable Disease27112013,TCGA-FG-A70Z-F64424B990E668-C29F-47DD-BB18-20831DD22249YESAliveStable Disease328WITH TUMOR292014Scheduled Follow-up SubmissionStable DiseaseYESYES
Central nervous system,Oligodendroglioma,No,FEMALE,Alive,-18415,,,698,WHITE,TCGA-FG-A710,FG,A710,5B199E7E-CC23-4065-88AD-FDFE3D0683D6,No,YES,C71.0,Mar-50,C71.0,YES,NO,0,50,2011,NO,WITH TUMOR,27,11,2013,NOT HISPANIC OR LATINO,,NO,"Supratentorial, Frontal Lobe",G2,Not listed in Medical Record,YES,Left,YES,NO,NO,NO,YES,Headaches,91 - 180 Days,,,,,,,,,,,,NO,YES,NO,NO,NO,,,NO,,,,,YES,Stable Disease,NO,NOTCGA-FG-A710-D5209005A41623-D7F0-4D8E-BE95-99FD6083FAAE18218ChemotherapyTemodarNOStable Disease27112013,,TCGA-FG-A710-F6442334A04B52-5A6A-4F51-87A7-DA7DB2BBDCFDNOAliveStable Disease1115NOWITH TUMOR292014Scheduled Follow-up SubmissionStable DiseaseYESNO
Central nervous system,Oligodendroglioma,No,FEMALE,Alive,-12248,,,1329,WHITE,TCGA-FG-A711,FG,A711,1F5B6B07-45F5-4DA4-932A-DF9665F6C538,No,YES,C71.0,Mar-50,C71.0,YES,NO,0,33,2010,NO,WITH TUMOR,2,12,2013,NOT HISPANIC OR LATINO,Post-Adjuvant Therapy,NO,"Supratentorial, Frontal Lobe",G2,Not listed in Medical Record,YES,Left,NO,YES,NO,YES,NO,Seizures,0 - 30 Days,NO,YES,NO,NO,< 12 Years,NO,,,NO,,,YES,YES,NO,NO,NO,,,NO,,90,,871,NO,Progressive Disease,YES347NONOYES,NOTCGA-FG-A711-D523617EB7A18F-9270-4C94-BC38-F4AD094E0753350673ChemotherapyTemodarNOClinical Progressive Disease2122013NOTCGA-FG-A711-D525810EF92496-C0FB-4C0D-8737-B98B06D1C2FC733774ChemotherapyTemodarNOClinical Progressive Disease4122013NOTCGA-FG-A711-D525952F01441C-80E1-40F1-B28A-BDDDBEF4AC521097ImmunotherapyAvastinYES4122013NOTCGA-FG-A711-D525971285B580-A770-4193-9D6E-721FB74D941B11551195ChemotherapyCCNUNOClinical Progressive Disease4122013NOTCGA-FG-A711-D526006DE43068-EE49-4097-B2FD-A873B0930DA212231277ChemotherapyHydroxyureaNOClinical Progressive Disease4122013NOTCGA-FG-A711-D5260209E1B306-CDD8-4C0E-9B48-B96E9F1CE4BE12231277ChemotherapyImatinibNOClinical Progressive Disease4122013NOTCGA-FG-A711-D65440431B95E5-8501-4D87-9B24-78277A0E9D0912841329ChemotherapyCarboplatin 5 AUCNOClinical Progressive Disease2392014NOTCGA-FG-A711-D654411595ABFC-0102-42B3-B1DD-FE7EA5AC5FAE12841329ChemotherapyEtoposideNOClinical Progressive Disease2392014,TCGA-FG-A711-R52583364761BD-CD03-4DA3-B5B0-B5D3164E116A733774External6000cGy30Primary Tumor FieldNORadiographic Progressive Disease4122013TCGA-FG-A711-R5258701135809-9589-4308-AFE9-9842D54134F7992992External1Primary Tumor FieldNORadiographic Progressive Disease4122013,TCGA-FG-A711-F5258065F9ACB2-922B-4F17-8D92-41AC4F2638DDNOAliveProgressive Disease1329YES712NOWITH TUMORYESYES4122013Additional New Tumor EventProgressive DiseaseNONOTCGA-FG-A711-F52584F5FF9023-9AED-4A96-B07A-2213E7F02391NOAliveProgressive Disease1329YES969NOWITH TUMORNOYES4122013Additional New Tumor EventProgressive DiseaseNONOTCGA-FG-A711-F52590DB9790F4-678A-44FB-8C13-F80DC3C35639NOAliveProgressive Disease1329YES1097NOWITH TUMORYESNO4122013Additional New Tumor EventProgressive DiseaseNONOTCGA-FG-A711-F52596D0A5A970-4556-4EB9-80E2-A8D1CF767ACDNOAliveProgressive Disease1329YES1139NOWITH TUMORYESNO4122013Additional New Tumor EventProgressive DiseaseNONOTCGA-FG-A711-F525992897362E-2AF6-4E60-9000-F70DEB4AA28ENOAliveProgressive Disease1329YES1195NOWITH TUMORYESNO4122013Additional New Tumor EventProgressive DiseaseNONOTCGA-FG-A711-F65436F3E1F0E6-5629-44E0-B482-993E9174A344NODeadProgressive Disease1481YES1277NOWITH TUMORYESNO2392014Scheduled Follow-up SubmissionProgressive DiseaseNONO
Central nervous system,Oligoastrocytoma,"Yes, History of Prior Malignancy",FEMALE,Alive,-27232,,,159,WHITE,TCGA-FG-A713,FG,A713,FA878A23-CD20-44EF-B438-33033B5FB1FE,No,YES,C71.0,Mar-82,C71.0,YES,NO,0,74,2013,NO,TUMOR FREE,4,12,2013,NOT HISPANIC OR LATINO,Pre-Adjuvant Therapy,YES,"Supratentorial, Frontal Lobe",G2,Not listed in Medical Record,NO,Right,YES,YES,NO,NO,NO,Headaches,> 181 Days,NO,YES,YES,YES,> 20 Years,YES,Melon,> 20 Years,NO,,,NO,NO,NO,NO,NO,,,NO,,60,,13,NO,Complete Remission/Response,NO,,,TCGA-FG-A713-F706423E8AE03D-5E91-4545-9FA9-9C3B41E32E74NOAliveComplete Remission/Response622NOTUMOR FREE2722015Scheduled Follow-up SubmissionComplete Remission/ResponseNOYES
Central nervous system,Astrocytoma,"Yes, History of Prior Malignancy",FEMALE,Alive,-13606,,,226,ASIAN,TCGA-FG-A87N,FG,A87N,872A12B4-8CBD-49D2-AC98-D846587F5794,No,YES,C71.0,Mar-01,C71.0,YES,NO,0,37,2013,NO,WITH TUMOR,18,2,2014,NOT HISPANIC OR LATINO,,YES,"Supratentorial, Frontal Lobe",G3,Not listed in Medical Record,YES,Left,YES,,YES,,YES,Seizures,0 - 30 Days,NO,NO,NO,NO,,NO,,,,,,,,NO,NO,YES,IHC,YES,NO,,,,,YES,Stable Disease,NO,NOTCGA-FG-A87N-D56687609B9DC5-249A-4272-B573-15F9B08F416E160ChemotherapyTemodarYES1822014,TCGA-FG-A87N-R5668474F29F70-58CB-4166-91C6-81DA5EC817D34287External5940cGy33Regional siteNOStable Disease1822014,TCGA-FG-A87N-F65757BFD62F6C-E95F-479D-957F-76C96B592D54NOAliveStable Disease413NOWITH TUMOR3092014Scheduled Follow-up SubmissionStable DiseaseYESYESTCGA-FG-A87N-F702553698B490-581C-4BD4-A4F6-FA13F28009AANOAliveStable Disease567NOWITH TUMOR222015Scheduled Follow-up SubmissionStable DiseaseYESYES
Central nervous system,Astrocytoma,No,FEMALE,Alive,-22565,,,174,WHITE,TCGA-FG-A87Q,FG,A87Q,7E17E6FD-ED83-471F-91E3-5934885C8E87,No,YES,C71.0,Mar-01,C71.0,YES,NO,0,61,2013,NO,TUMOR FREE,20,3,2014,NOT HISPANIC OR LATINO,Post-Adjuvant Therapy,YES,"Supratentorial, Parietal Lobe",G3,White Matter,YES,Right,NO,NO,NO,NO,NO,Seizures,0 - 30 Days,NO,NO,NO,NO,,YES,Dairy/lactose,,,,,YES,YES,,,YES,IHC,NO,NO,,80,,174,YES,Complete Remission/Response,NO,NOTCGA-FG-A87Q-D5769557FB4361-A36C-441E-A313-DC2265AD2F8248ChemotherapyTemodarYES2032014,TCGA-FG-A87Q-R576944A9E8788-48BB-4978-9156-49968F1AE67E4888External58Gy29Primary Tumor FieldNOComplete Response2032014,TCGA-FG-A87Q-F726855E8A32C5-C877-4CA1-96BC-11EE08E7C35EYESAliveComplete Remission/Response1743172015Scheduled Follow-up SubmissionYESYES
Central nervous system,Oligoastrocytoma,No,MALE,Alive,-9228,,,4,WHITE,TCGA-FN-7833,FN,7833,5b9d7565-a933-449d-8ffa-ec5f82db2e77,No,YES,C71.0,Mar-82,C71.0,YES,NO,0,25,2011,NO,,9,3,2012,NOT HISPANIC OR LATINO,,,"Supratentorial, Frontal Lobe",G3,Not listed in Medical Record,YES,Midline,NO,YES,NO,NO,YES,Mental Status Changes,,,,,,,,,,,,,,,,,,,,,,,,,,,,NOTCGA-FN-7833-D660027C0713E1-5F69-498C-BE16-D29E53FCFF1D95134ChemotherapyTemozolomideNOComplete Response1102014,TCGA-FN-7833-R66001E021BB81-236B-453D-B1BF-B8EDA44FB3C795120External6000cGy20Primary Tumor FieldNOComplete Response1102014,TCGA-FN-7833-F6600009E158D4-2E7A-4C4F-B593-E2576EF592CCNOAliveComplete Remission/Response837NOTUMOR FREE1102014Scheduled Follow-up SubmissionComplete Remission/ResponseYESYES
Central nervous system,Oligodendroglioma,No,MALE,Alive,-19944,,,3,WHITE,TCGA-HT-7467,HT,7467,f4a1fc14-0d32-4e77-a8a3-fd8fea82188a,No,YES,C71.9,Mar-50,C71.9,NO,YES,0,54,2011,NO,TUMOR FREE,31,1,2012,NOT HISPANIC OR LATINO,,,"Supratentorial, Parietal Lobe",G2,White Matter,NO,Right,NO,NO,YES,YES,YES,Sensory Changes,0 - 30 Days,NO,NO,NO,NO,,NO,,,NO,,,NO,YES,YES,NO,NO,,,NO,,,,,,,,,,TCGA-HT-7467-F28641f8acf925-2905-47a5-94a3-647e7f05c7e5AliveComplete Remission/Response3TUMOR FREE2722012Scheduled Follow-up SubmissionComplete Remission/Response
Central nervous system,Oligodendroglioma,No,MALE,Alive,-11209,,,146,WHITE,TCGA-HT-7468,HT,7468,e6c55ba6-4c8a-4ea4-8dde-74d01915db02,No,YES,C71.0,Mar-51,C71.0,NO,YES,0,30,2011,NO,TUMOR FREE,27,1,2012,NOT HISPANIC OR LATINO,Pre-Adjuvant Therapy,,"Supratentorial, Parietal Lobe",G3,White Matter,YES,Right,YES,NO,NO,NO,NO,Seizures,> 181 Days,NO,NO,NO,NO,,YES,shellfish,,NO,,,NO,YES,NO,NO,NO,,,NO,1p and 19Q deleted,80,,8,,,,1TCGA-HT-7468-D21234639fb2be-a64c-4ee6-baa4-d2381bfbf4931400mg280mg/day535ChemotherapytemodarADJUVANTPOYES722012,,TCGA-HT-7468-F21233f6007a1f-e3eb-427a-8e5b-38048663fb8eAliveStable Disease203NOTUMOR FREE722012Scheduled Follow-up Submission80Post-Adjuvant TherapyStable DiseaseYESNO203
Central nervous system,Oligodendroglioma,No,MALE,Alive,-11097,,,238,WHITE,TCGA-HT-7469,HT,7469,b9e2f4d1-866c-4c62-a9c8-8de7eb364a6e,No,YES,C71.0,Mar-51,C71.0,NO,YES,0,30,2011,NO,WITH TUMOR,29,2,2012,NOT HISPANIC OR LATINO,,,"Supratentorial, Temporal Lobe",G3,Cerebral Cortex,,Left,YES,,,,YES,Motor/Movement Changes,0 - 30 Days,NO,NO,NO,NO,,NO,,,NO,,,NO,NO,YES,NO,NO,,,,,,,,,,,1TCGA-HT-7469-D2878496B1E5CA-DD30-4FE4-B287-100C3F6650C75880mg140mg/day14284ChemotherapyTemodarADJUVANTPONO1320122TCGA-HT-7469-D287859FC120A9-D05E-4824-9EA4-6EA5F6DBCA2D6000mg400mg/day3112179ChemotherapyTemodarPROGRESSIONPONO132012,TCGA-HT-7469-R28783E1D910B5-FF70-4DC2-BF35-65B4D4C716954284EXTERNAL BEAM6000cGy30Primary Tumor FieldADJUVANTNO1132012,TCGA-HT-7469-F28780A446AF91-E15F-4D1C-9A89-064D0E252BD4DeadProgressive Disease351YES92YES92WITH TUMORYESNO642012Additional New Tumor EventProgressive DiseaseYESYESNO
Central nervous system,Oligodendroglioma,No,MALE,Alive,-13611,,,268,WHITE,TCGA-HT-7470,HT,7470,fee2114e-f723-4374-91f8-f1dcc6b3eaee,No,YES,C71.9,Mar-51,C71.9,NO,YES,0,37,2011,NO,TUMOR FREE,7,2,2012,NOT HISPANIC OR LATINO,Post-Adjuvant Therapy,,"Supratentorial, Temporal Lobe",G3,White Matter,YES,Right,YES,NO,YES,YES,NO,Headaches,> 181 Days,NO,NO,NO,NO,,NO,,,NO,,,NO,NO,NO,NO,NO,,,,,90,0,133,,,,1TCGA-HT-7470-D295289d3d68dd-e843-4ebf-9e64-8f8aa2349ac77000mg140mg/day14594ChemotherapyTemodarADJUVANTPONO1632012,TCGA-HT-7470-R29529894e3d22-b58f-468e-a1dc-166d16527ac24594EXTERNAL BEAM5940cGy33Primary Tumor FieldADJUVANTNO11632012,TCGA-HT-7470-F29527d13400b6-100b-45b1-8fdf-1ec11c38cb08AliveComplete Remission/Response268NOTUMOR FREE1632012Scheduled Follow-up Submission90Complete Remission/ResponseYESYES126TCGA-HT-7470-F664131B9B341E-9C63-4BA0-8D2D-DA8E55149B52NODeadProgressive Disease1220NO14102014Scheduled Follow-up SubmissionProgressive DiseaseYESYES
Central nervous system,Oligodendroglioma,No,FEMALE,Alive,-13564,,,4,WHITE,TCGA-HT-7471,HT,7471,48314732-5d1c-43e6-9878-5b58dfaeb06a,No,YES,C71.9,Mar-51,C71.9,NO,YES,0,37,2010,NO,TUMOR FREE,29,2,2012,NOT HISPANIC OR LATINO,,,"Supratentorial, Temporal Lobe",G3,Not listed in Medical Record,YES,Left,NO,NO,NO,NO,YES,Motor/Movement Changes,0 - 30 Days,NO,NO,NO,NO,,NO,,,NO,,,NO,YES,,,,,,,,,,,,,,,,TCGA-HT-7471-F50543A96684B4-01E4-4FB2-8C27-B3851C9FC83EYES24102013Scheduled Follow-up Submission
Central nervous system,Oligodendroglioma,No,MALE,Alive,-13968,,,1,WHITE,TCGA-HT-7472,HT,7472,482d4078-7576-48cf-bf7c-29014935fd47,No,YES,C71.0,Mar-50,C71.0,NO,YES,0,38,2010,NO,,27,1,2012,NOT HISPANIC OR LATINO,,,"Supratentorial, Frontal Lobe",G2,Cerebral Cortex,YES,Right,NO,NO,NO,NO,NO,Seizures,91 - 180 Days,NO,NO,NO,NO,,NO,,,NO,,,NO,YES,NO,NO,NO,,,NO,,,,,,,,,,TCGA-HT-7472-F287742aa3d0e7-1e3a-4ced-b312-87e53c38bfa8AliveStable Disease1NOTUMOR FREE132012Scheduled Follow-up SubmissionStable DiseaseNONO
Central nervous system,Oligoastrocytoma,No,MALE,Alive,-10306,,,503,WHITE,TCGA-HT-7473,HT,7473,dbfaccb0-e8c0-48e8-9aef-570267574822,No,YES,C71.9,Mar-82,C71.9,NO,YES,0,28,2010,NO,,31,1,2012,HISPANIC OR LATINO,,,"Supratentorial, Temporal Lobe",G2,White Matter,NO,Right,YES,NO,NO,NO,YES,Headaches,0 - 30 Days,NO,NO,NO,NO,,NO,,,NO,,,YES,YES,NO,NO,NO,,,,,,,,,,,,TCGA-HT-7473-R295709823d62e-38b2-4299-96e5-a74dda017b6893139EXTERNAL BEAM5400cGy30Primary Tumor FieldADJUVANTNO11932012,TCGA-HT-7473-F29569608746ac-e8a6-4b9f-ab45-bc33ab8c1d1fAliveComplete Remission/Response503NOTUMOR FREE1932012Scheduled Follow-up SubmissionNOYES
Central nervous system,Oligoastrocytoma,No,MALE,Alive,-19149,,,114,WHITE,TCGA-HT-7474,HT,7474,72aa812d-5daa-4bd7-9028-ec541b1f25bd,No,YES,C71.0,Mar-82,C71.0,NO,YES,0,52,2011,NO,,7,2,2012,NOT HISPANIC OR LATINO,,,"Supratentorial, Frontal Lobe",G2,Not listed in Medical Record,YES,Right,NO,NO,NO,NO,YES,Seizures,0 - 30 Days,NO,NO,NO,NO,,NO,,,NO,,,NO,YES,YES,NO,NO,,,NO,,,,,,,,,,TCGA-HT-7474-F287790c1eeecc-366a-4982-923e-0025d0ddc9c5AliveStable Disease114NOTUMOR FREE132012Scheduled Follow-up SubmissionStable DiseaseNONO
Central nervous system,Oligoastrocytoma,No,MALE,Alive,-24686,,,446,WHITE,TCGA-HT-7475,HT,7475,41456932-436e-4cdb-bfe8-97d089656786,No,YES,C71.9,Mar-82,C71.9,NO,YES,0,67,2010,NO,TUMOR FREE,31,1,2012,NOT HISPANIC OR LATINO,Post-Adjuvant Therapy,,"Supratentorial, Frontal Lobe",G3,White Matter,YES,Right,NO,NO,NO,NO,NO,Seizures,0 - 30 Days,NO,NO,NO,NO,,NO,,,NO,,,NO,NO,YES,NO,NO,,,NO,,70,,,,,,1TCGA-HT-7475-D28957e1c1f02b-819c-432b-93a5-4ec7446c64b17840mg160mg/day1393441ChemotherapyTemodarADJUVANTPONO2320122TCGA-HT-7475-D29490ed530a3e-5be2-4690-9291-de69ba2053d62800mg280mg/day2130162ChemotherapyTemodarADJUVANTPONO20320123TCGA-HT-7475-D294916b138f48-1cb5-40ea-a1ea-fc90b93424ab3600mg360mg/day2186218ChemotherapyTemodarADJUVANTPONO2032012,TCGA-HT-7475-R212594f32ad00-d232-4d93-baca-cbd531ab26d72876EXTERNAL BEAM5940cGy33Primary Tumor FieldADJUVANTNO1722012,TCGA-HT-7475-F294110111db17-38a0-4f64-a70d-3b64b9ef196fAliveComplete Remission/Response530NOTUMOR FREE1632012Scheduled Follow-up Submission70Post-Adjuvant TherapyComplete Remission/ResponseYESYES209
Central nervous system,Astrocytoma,No,MALE,Alive,-9614,,,199,WHITE,TCGA-HT-7476,HT,7476,27d0d3cb-16c0-4ba8-9662-95917f665004,No,YES,C71.0,Mar-00,C71.0,NO,YES,0,26,2011,NO,TUMOR FREE,7,2,2012,HISPANIC OR LATINO,,,"Supratentorial, Temporal Lobe",G2,Cerebral Cortex,YES,Left,YES,YES,NO,YES,NO,Seizures,31 - 90 Days,NO,NO,NO,NO,,NO,,,NO,,,NO,YES,YES,NO,NO,,,NO,,,,,,,,2TCGA-HT-7476-D212447b368f14-efc6-449e-a680-2b1dacafae061400mg280mg/day3118ChemotherapytemodarADJUVANTPOYES7220121TCGA-HT-7476-D212431087cef3-36cb-4992-ad47-390efd05380e4200mg140mg/day14180ChemotherapytemodarADJUVANTPONO722012,TCGA-HT-7476-R21241f5197e34-b55f-4791-8416-7861a4b4786c4180EXTERNAL BEAM5400cGy30Primary Tumor FieldADJUVANTNO1722012,TCGA-HT-7476-F21240b458719d-93c2-4787-8cc4-d347621d3f46AliveStable Disease199NOTUMOR FREE722012Scheduled Follow-up SubmissionYESYES
Central nervous system,Astrocytoma,No,MALE,Alive,-22948,,,738,WHITE,TCGA-HT-7477,HT,7477,38f4b9f3-6709-40ff-9a81-5fa2111b1ce6,No,YES,C71.0,Mar-01,C71.0,NO,YES,0,62,2011,NO,TUMOR FREE,24,7,2013,NOT HISPANIC OR LATINO,Post-Adjuvant Therapy,YES,"Supratentorial, Frontal Lobe",G3,Not listed in Medical Record,YES,Left,NO,NO,NO,NO,YES,Motor/Movement Changes,31 - 90 Days,NO,NO,NO,NO,,NO,,,NO,,,,,NO,NO,,,,,,80,,24,YES,Complete Remission/Response,NO,NOTCGA-HT-7477-D494364844019E-25CF-4290-9A62-5187446664FF24428ChemotherapyTemodarNOComplete Response332015,TCGA-HT-7477-R494377922FCA5-01EA-4B3B-800B-74885ABDDD4E2483External5940cGy33Primary Tumor FieldNOComplete Response142015,TCGA-HT-7477-F45880D2B0C5EB-642D-44DA-9710-8F25EF7126C5NOAliveComplete Remission/Response738NOTUMOR FREE2472013Scheduled Follow-up SubmissionComplete Remission/ResponseYESYES
Central nervous system,Astrocytoma,No,MALE,Alive,-13216,,,194,WHITE,TCGA-HT-7478,HT,7478,4c3e709a-fd52-431c-8be5-3d9b1f80ecd2,No,YES,C71.0,Mar-00,C71.0,NO,YES,0,36,2011,NO,TUMOR FREE,6,2,2012,NOT HISPANIC OR LATINO,,,"Supratentorial, Frontal Lobe",G2,White Matter,YES,Left,YES,YES,NO,YES,YES,Seizures,> 181 Days,NO,NO,NO,NO,,NO,,,NO,,,NO,YES,,,NO,,,NO,,,,,,,,,TCGA-HT-7478-R29410c3723572-c9f6-4760-9695-1163360060013474EXTERNAL BEAM5040cGy28Primary Tumor FieldADJUVANTNO11632012,TCGA-HT-7478-F29409f8d38ab2-1114-43d2-8692-afb44a702a69AliveComplete Remission/Response194NOTUMOR FREE1632012Scheduled Follow-up SubmissionComplete Remission/ResponseNOYES
Central nervous system,Astrocytoma,No,MALE,Alive,-16137,,,13,WHITE,TCGA-HT-7479,HT,7479,a96fabfa-e830-476a-b2a1-899689570bd9,No,YES,C71.9,Mar-01,C71.9,NO,YES,0,44,2011,NO,TUMOR FREE,7,2,2012,NOT HISPANIC OR LATINO,,,"Supratentorial, Frontal Lobe",G3,White Matter,NO,Right,YES,NO,NO,NO,NO,Headaches,> 181 Days,NO,NO,YES,NO,,NO,,,NO,,,NO,NO,YES,YES,NO,,,NO,,,,,,,,2TCGA-HT-7479-D2954544160ede-5946-4524-88e3-cd6315f0f7509600mg480mg/day4105200ChemotherapyTemodarADJUVANTPONO19320121TCGA-HT-7479-D2954436fef324-f74a-471a-9682-0843dc229a3f7350mg175mg/day13374ChemotherapyTemodarADJUVANTPONO1932012,,TCGA-HT-7479-F2954386783abf-eb1b-4d30-ad18-dd06802fa521AliveComplete Remission/Response216NOTUMOR FREE1932012Scheduled Follow-up SubmissionComplete Remission/ResponseYESYESTCGA-HT-7479-F664257612BD19-3DFB-431D-BB36-188DBEFFB8CENOAliveComplete Remission/Response1227YES705YES705TUMOR FREENONO14102014Scheduled Follow-up SubmissionComplete Remission/ResponseYESYES
Central nervous system,Oligodendroglioma,No,MALE,Alive,-12291,,,2231,WHITE,TCGA-HT-7480,HT,7480,325138ab-2947-4131-b40e-971f024723cc,No,YES,C71.9,Mar-50,C71.9,NO,YES,0,33,2005,NO,WITH TUMOR,7,2,2012,NOT HISPANIC OR LATINO,,,"Supratentorial, Frontal Lobe",G2,Cerebral Cortex,YES,Right,NO,NO,NO,NO,YES,Seizures,> 181 Days,NO,NO,YES,NO,,NO,,,NO,,,NO,YES,YES,NO,NO,,,NO,,,,,,,,3TCGA-HT-7480-D28792e27b6c8a-0651-4081-a876-55751c96ad053880mg970mg122189Targeted Molecular therapyAvastinRECURRENCEIVYES1320122TCGA-HT-7480-D287918567ce65-3a07-414f-9c6a-576ab9f6392018600mg310mg12103476ChemotherapyTemodarADJUVANTPONO1320121TCGA-HT-7480-D28790fa3e56bc-52f7-485f-80a5-4d516410bc5e7750mg155mg/day12675ChemotherapyTemodarADJUVANTPONO132012,TCGA-HT-7480-R2878891db7a38-5b94-418e-9764-bbc0970515fb2975EXTERNAL BEAM5400cGy30Primary Tumor FieldADJUVANTNO1132012,TCGA-HT-7480-F287875344f449-1933-42d6-965a-bc89183476acAliveStable Disease2287YES1943YES1943WITH TUMORYESNO132012Scheduled Follow-up SubmissionProgressive DiseaseYESYES
Central nervous system,Oligodendroglioma,No,MALE,Alive,-14306,,,1800,WHITE,TCGA-HT-7481,HT,7481,bff37de3-dc68-4e69-bdfc-8b524dd7774f,No,YES,C71.9,Mar-50,C71.9,NO,YES,0,39,2006,NO,TUMOR FREE,7,2,2012,NOT HISPANIC OR LATINO,,,"Supratentorial, Frontal Lobe",G2,White Matter,YES,Right,YES,NO,NO,NO,YES,Seizures,0 - 30 Days,NO,NO,NO,NO,,NO,,,NO,,,YES,YES,NO,NO,NO,,,NO,,,,,,,,,TCGA-HT-7481-R29531adbaf187-5d34-42f5-8efc-d03a9c7b82f215521596EXTERNAL BEAM5940cGy33Primary Tumor FieldPROGRESSIONNO11632012,TCGA-HT-7481-F29530520b18e5-4f56-49dc-8420-77fbba2ef28bAliveStable Disease1800YES880YES880WITH TUMORNOYES1632012Scheduled Follow-up Submission80Pre-Adjuvant TherapyStable DiseaseNONO1524TCGA-HT-7481-F66422535405F9-77D7-4D4C-AD65-9EBCE1216130NOAlivePartial Remission/Response2918YES3071YES3071WITH TUMORNONO14102014Scheduled Follow-up SubmissionPartial Remission/ResponseNOYES
Central nervous system,Oligoastrocytoma,No,FEMALE,Alive,-6857,,,1644,WHITE,TCGA-HT-7482,HT,7482,448d3e3b-622c-4e79-bb1d-b5f2e92970e8,No,YES,C71.9,Mar-82,C71.9,NO,YES,0,18,2005,NO,WITH TUMOR,6,2,2012,NOT HISPANIC OR LATINO,,,"Supratentorial, Frontal Lobe",G2,Not listed in Medical Record,YES,Left,NO,NO,NO,NO,NO,Seizures,0 - 30 Days,NO,NO,NO,NO,,NO,,,NO,,,NO,YES,NO,NO,NO,,,NO,,,,,,,,1TCGA-HT-7482-D295335e15e3a1-af84-4651-a196-a1b6efb3969a18500mg370mg/day10577853ChemotherapyTemodarPROGRESSIONPONO932012,TCGA-HT-7482-R29534e4485cf5-4dbc-4374-8030-989d981cab37405447EXTERNAL BEAM5400cGy30Primary Tumor FieldADJUVANTNO1932012,TCGA-HT-7482-F2953294431290-31f7-4884-adda-8c93aa2cef26AlivePartial Remission/Response1826YES374YES377WITH TUMORYESYES932012Scheduled Follow-up Submission90Post-Adjuvant TherapyPartial Remission/ResponseNOYES388TCGA-HT-7482-F66423A88A864D-8460-42DD-BF38-2303157EB899NOAlivePartial Remission/Response3253YES374YES377TUMOR FREENONO14102014Scheduled Follow-up SubmissionComplete Remission/ResponseYESYES
Central nervous system,Oligoastrocytoma,No,MALE,Alive,-5267,,,4690,WHITE,TCGA-HT-7483,HT,7483,183dd089-e932-4be2-b252-0e8572e7da4e,No,YES,C71.0,Mar-82,C71.0,NO,YES,0,14,1998,NO,TUMOR FREE,31,1,2012,NOT HISPANIC OR LATINO,,,"Supratentorial, Frontal Lobe",G2,White Matter,YES,Right,YES,YES,NO,NO,YES,Seizures,,NO,NO,NO,NO,,NO,,,NO,,,,,YES,NO,NO,,,,,,,,,,,NOTCGA-HT-7483-D70767672863E8-5DFB-4EF4-BA29-D2AD413781A228613287ChemotherapyTemodarNOComplete Response242015,TCGA-HT-7483-R4591861A69B6A-059A-46FD-8CC1-6D96ECFBDEBF28762918External5400cGy30Primary Tumor FieldNOComplete Response242015,TCGA-HT-7483-F45917D6D4A8CD-1727-421D-B42A-F02D776120B7NOAliveComplete Remission/Response5255NOTUMOR FREE2572013Scheduled Follow-up SubmissionComplete Remission/ResponseYESYES
Central nervous system,Astrocytoma,No,MALE,Alive,-15589,,,122,WHITE,TCGA-HT-7485,HT,7485,8d06226e-500b-4172-ae96-c674913909e6,No,YES,C71.9,Mar-00,C71.9,NO,YES,0,42,2006,NO,TUMOR FREE,6,2,2012,NOT HISPANIC OR LATINO,Post-Adjuvant Therapy,,"Supratentorial, Parietal Lobe",G2,White Matter,NO,Right,YES,NO,NO,YES,YES,Headaches,91 - 180 Days,NO,NO,NO,NO,,NO,,,NO,,,NO,NO,NO,NO,NO,,,NO,,100,,24,,,,,,TCGA-HT-7485-F2863983c1c7af-2e20-42e9-83c9-c4d41ccf0e9eAliveComplete Remission/Response122NOTUMOR FREE232012Scheduled Follow-up SubmissionComplete Remission/ResponseNONO
Central nervous system,Astrocytoma,No,FEMALE,Alive,-10989,,,94,WHITE,TCGA-HT-7601,HT,7601,e7fdf164-a85d-4ff5-9676-d2215ca35403,No,YES,C71.9,Mar-01,C71.9,NO,YES,0,30,2008,NO,,6,2,2012,NOT HISPANIC OR LATINO,,,"Supratentorial, Frontal Lobe",G3,White Matter,YES,Left,NO,NO,NO,NO,YES,Seizures,0 - 30 Days,NO,NO,NO,NO,,NO,,,NO,,,NO,YES,NO,NO,NO,,,NO,,,,,,,,1TCGA-HT-7601-D29579e48a697d-7554-4e13-8a74-7217a9307ea25040mg120mg/day12536ChemotherapyTemodarADJUVANTPONO9320123TCGA-HT-7601-D295818cda6fe4-25e5-442c-b5d7-33f8075585413100mg310mg2123157ChemotherapyTemodarADJUVANTPONO9320122TCGA-HT-7601-D2958008d78506-f3de-416d-b43a-155a4da249a01200mg240mg/day18892ChemotherapyTemodarADJUVANTPONO932012,TCGA-HT-7601-R2957880148620-c0f8-4103-967b-5aebc3b972172567EXTERNAL BEAM6000cGy30Primary Tumor FieldADJUVANTNO1932012,TCGA-HT-7601-F295776573ba1b-39b9-48fd-ab97-ec82da48696cAlivePartial Remission/Response153NOTUMOR FREE832012Scheduled Follow-up SubmissionYESYES
Central nervous system,Oligodendroglioma,No,MALE,Alive,-7946,,,908,WHITE,TCGA-HT-7602,HT,7602,799e9106-e62e-4681-8861-137f474ee8b8,No,YES,C71.9,Mar-50,C71.9,NO,YES,0,21,2008,NO,TUMOR FREE,7,2,2012,NOT HISPANIC OR LATINO,,,"Supratentorial, Frontal Lobe",G2,White Matter,NO,Right,YES,NO,NO,NO,NO,Headaches,0 - 30 Days,NO,NO,NO,NO,,NO,,,NO,,,,,NO,NO,NO,,,NO,,,,,,,,,,TCGA-HT-7602-F2957322c14639-d790-4df7-9b57-94252d8621e9Alive9081632012Scheduled Follow-up SubmissionNONO
Central nervous system,Oligodendroglioma,No,MALE,Alive,-10883,,,705,WHITE,TCGA-HT-7603,HT,7603,b435e88b-f105-4c65-b725-126e5a299113,No,YES,C71.9,Mar-50,C71.9,NO,YES,0,29,2008,NO,,6,2,2012,NOT HISPANIC OR LATINO,,,"Supratentorial, Frontal Lobe",G2,White Matter,NO,,YES,NO,YES,NO,NO,Headaches,0 - 30 Days,NO,NO,NO,NO,,NO,,,NO,,,YES,NO,NO,NO,NO,,,NO,,,,,,,,,TCGA-HT-7603-R29572261ce1db-313e-4449-a118-471a2b98719b3476EXTERNAL BEAM5400cGy30Primary Tumor FieldADJUVANTNO1732012,TCGA-HT-7603-F295715037ddb8-5cf9-4ac1-a8fb-dc23e5201edaAliveComplete Remission/Response705NOTUMOR FREE732012Scheduled Follow-up SubmissionNOYES
Central nervous system,Astrocytoma,No,MALE,Alive,-18443,,,3283,BLACK OR AFRICAN AMERICAN,TCGA-HT-7604,HT,7604,019c5de9-74fd-48b7-95a3-227532e16c5a,No,YES,C71.0,Mar-00,C71.0,NO,YES,0,50,2003,NO,TUMOR FREE,1,3,2012,NOT HISPANIC OR LATINO,,,"Supratentorial, Frontal Lobe",G2,Not listed in Medical Record,YES,Left,YES,YES,NO,NO,YES,Headaches,31 - 90 Days,NO,NO,NO,NO,,NO,,,NO,,,YES,YES,NO,NO,NO,,,,,,,,,,,NOTCGA-HT-7604-D48645D1A61351-ABC0-43CF-9D78-2C86D8B5E85B2509ChemotherapyTemodarNOPartial Response1892013,TCGA-HT-7604-R486421F9DEF02-CC00-4609-B319-A753994B925B2183NOPartial Response1892013,TCGA-HT-7604-F486412CE4063A-047F-4426-AE29-A345392E3CC9NOAlivePartial Remission/Response3725NO1892013Scheduled Follow-up SubmissionPartial Remission/ResponseYESYES
Central nervous system,Oligodendroglioma,No,MALE,Alive,-13892,,,139,WHITE,TCGA-HT-7605,HT,7605,6b225409-09c0-4a51-8f42-8fefe3855c4d,No,YES,C71.9,Mar-50,C71.9,NO,YES,0,38,2008,NO,,30,1,2012,NOT HISPANIC OR LATINO,,,"Supratentorial, Frontal Lobe",G2,White Matter,NO,Right,NO,NO,NO,NO,YES,Motor/Movement Changes,,NO,NO,YES,YES,< 12 Years,NO,,,NO,,,,,YES,NO,NO,,,,,,,,,,,,,TCGA-HT-7605-F2960337998990-790a-4fff-b085-411ac31a6810Alive139NO1532012Scheduled Follow-up SubmissionNONO
Central nervous system,Astrocytoma,No,FEMALE,Alive,-11233,,,526,WHITE,TCGA-HT-7606,HT,7606,ffcec8e5-9fd3-4b42-a7cb-74761f713cf4,No,YES,C71.9,Mar-00,C71.9,NO,YES,0,30,2008,NO,,31,1,2012,NOT HISPANIC OR LATINO,,,"Supratentorial, Frontal Lobe",G2,Not listed in Medical Record,NO,Left,YES,NO,NO,NO,NO,Headaches,> 181 Days,,NO,NO,NO,,NO,,,NO,,,,,NO,NO,,,,,,,,,,,,1TCGA-HT-7606-D29686a6fc3d48-fb07-4f09-af63-e2bf104238af5720mg130mg/day12164ChemotherapytemodarADJUVANTPONO19320123TCGA-HT-7606-D296919df05834-b1d3-412b-9b69-0a61dc70e7dc19800mg330mg10163470ChemotherapytemodarADJUVANTPONO27320122TCGA-HT-7606-D296882936878a-df7a-4dee-8fc2-5e319bfdd03d1300mg260mg/day198102ChemotherapytemodarADJUVANTPONO2732012,TCGA-HT-7606-R30717c6e2e388-5a2c-4288-931b-884e397bcade2164EXTERNAL BEAM5940cGy33Primary Tumor FieldADJUVANTNO11642012,TCGA-HT-7606-F29692abf3564f-8e72-4574-9fea-72c10581af01AliveComplete Remission/Response526NOTUMOR FREE2732012Scheduled Follow-up SubmissionYESYES
Central nervous system,Astrocytoma,No,FEMALE,Dead,-22585,,96,,WHITE,TCGA-HT-7607,HT,7607,24ebd152-f8d7-44eb-af7f-8ee7f2e458e4,No,YES,C71.0,Mar-00,C71.0,NO,YES,0,61,2008,NO,WITH TUMOR,27,1,2012,NOT HISPANIC OR LATINO,Pre-Adjuvant Therapy,,"Supratentorial, Frontal Lobe",G2,White Matter,YES,Left,YES,YES,NO,NO,NO,Seizures,31 - 90 Days,NO,NO,YES,NO,,NO,,,NO,,,NO,YES,NO,NO,NO,,,NO,1p19q codeleted,70,,8,,,,,,TCGA-HT-7607-F3500331E26DF5-C3E7-42FF-B16F-7CD61A7F386FNODeadProgressive Disease96NOWITH TUMOR1292012Scheduled Follow-up SubmissionProgressive DiseaseNONO
Central nervous system,Oligoastrocytoma,No,MALE,Alive,-22302,,,671,BLACK OR AFRICAN AMERICAN,TCGA-HT-7608,HT,7608,45b6d41b-3a1b-47e9-80e4-59355170aee7,No,YES,C71.0,Mar-82,C71.0,NO,YES,0,61,2007,NO,TUMOR FREE,27,1,2012,NOT HISPANIC OR LATINO,,,"Supratentorial, Temporal Lobe",G2,White Matter,YES,Right,NO,NO,NO,NO,YES,Motor/Movement Changes,0 - 30 Days,NO,NO,NO,NO,,NO,,,NO,,,NO,NO,NO,NO,NO,,,NO,1p19q deletion,,,,,,,,,TCGA-HT-7608-F288032d43bc08-7f22-44da-be6a-63ec6d06c6abAliveStable Disease671NOTUMOR FREE132012Scheduled Follow-up SubmissionStable DiseaseNONO
Central nervous system,Oligoastrocytoma,No,MALE,Alive,-12607,,,1399,WHITE,TCGA-HT-7609,HT,7609,bfbc0d1e-2a0b-4c60-8a37-91e3ce4b79ee,No,YES,C71.0,Mar-82,C71.0,NO,YES,0,34,2007,NO,TUMOR FREE,27,1,2012,NOT HISPANIC OR LATINO,Pre-Adjuvant Therapy,,"Supratentorial, Frontal Lobe",G3,White Matter,NO,Right,YES,YES,NO,NO,NO,Headaches,31 - 90 Days,YES,NO,NO,NO,,NO,,,NO,,,NO,NO,NO,NO,NO,,,NO,,90,,1,,,,2TCGA-HT-7609-D288363eecb529-e763-469f-967e-ccf4df7f927e16800mg280mg/day12111484ChemotherapytemodarADJUVANTPONO1320121TCGA-HT-7609-D288325f8b5235-08c0-4073-b842-31c4320b68096860mg140mg/day12875ChemotherapyTemodarADJUVANTPONO132012,TCGA-HT-7609-R28828bfc4a9a9-fdc0-482d-b1b2-5379e3791a342875EXTERNAL BEAM5940cGy33Primary Tumor FieldADJUVANTNO1132012,TCGA-HT-7609-F28823b2709844-e682-4a18-ba98-90a7901fcaa1AliveStable Disease1399NOTUMOR FREE132012Scheduled Follow-up SubmissionStable DiseaseYESYES
Central nervous system,Oligoastrocytoma,No,FEMALE,Alive,-9447,,,1706,WHITE,TCGA-HT-7610,HT,7610,4839a058-fbca-44c7-bd61-81943b4d45d5,No,YES,C71.0,Mar-82,C71.0,NO,YES,0,25,2007,NO,TUMOR FREE,7,2,2012,NOT HISPANIC OR LATINO,,,"Supratentorial, Temporal Lobe",G2,White Matter,YES,Left,YES,NO,NO,NO,NO,Seizures,> 181 Days,NO,NO,NO,NO,,NO,,,NO,,,NO,YES,NO,NO,NO,,,NO,,,,,,,,,,TCGA-HT-7610-F289442b9085e1-8d09-4e4f-bb50-9b41abc637d1AliveStable Disease1706YES1205YES1205TUMOR FREENOYES232012Scheduled Follow-up SubmissionStable DiseaseNONO
Central nervous system,Oligoastrocytoma,No,MALE,Alive,-13314,,,1752,WHITE,TCGA-HT-7611,HT,7611,0ce8d92b-54e2-45d4-a551-0faf94a27d46,No,YES,C71.0,Mar-82,C71.0,NO,YES,0,36,2007,NO,TUMOR FREE,16,7,2013,NOT HISPANIC OR LATINO,Other,NO,"Supratentorial, Frontal Lobe",G2,Not listed in Medical Record,NO,Right,NO,NO,NO,NO,NO,,,NO,NO,NO,NO,,NO,,,NO,,,,,NO,NO,,,,,,90,,,NO,Complete Remission/Response,NO,,,TCGA-HT-7611-F510268818A585-8B73-4738-878E-8133AE74B098YESAlive1752TUMOR FREE5112013Scheduled Follow-up Submission
Central nervous system,Oligodendroglioma,No,MALE,Dead,-27685,,7,,WHITE,TCGA-HT-7616,HT,7616,ab24cdc3-74a1-443f-831f-b7fb3821de6a,No,YES,C71.9,Mar-51,C71.9,NO,YES,0,75,2007,NO,WITH TUMOR,30,1,2012,NOT HISPANIC OR LATINO,,,"Supratentorial, Frontal Lobe",G3,Not listed in Medical Record,YES,Right,NO,YES,NO,NO,YES,Seizures,0 - 30 Days,NO,NO,NO,NO,,,,,NO,,,NO,NO,NO,NO,NO,,,NO,,,,,,,,,,TCGA-HT-7616-F28640e5ca9901-4486-4be5-ad14-7964a482beaaDeadProgressive Disease7NOWITH TUMOR2722012Scheduled Follow-up SubmissionProgressive DiseaseNONO
Central nervous system,Oligodendroglioma,No,MALE,Alive,-14659,,,434,WHITE,TCGA-HT-7620,HT,7620,0d61bdbd-24b1-4885-a099-9e42ca7eedcd,No,YES,C71.9,Mar-51,C71.9,NO,YES,0,40,2007,NO,TUMOR FREE,31,1,2012,NOT HISPANIC OR LATINO,,,"Supratentorial, Frontal Lobe",G3,White Matter,NO,Left,YES,NO,YES,YES,YES,Headaches,0 - 30 Days,NO,NO,YES,NO,,NO,,,NO,,,YES,YES,NO,NO,NO,,,NO,,,,,,,,1TCGA-HT-7620-D29128610c74ab-459c-4a79-a763-41468eb2c258150mg/m21126ChemotherapyTemodarADJUVANTPONO8320123TCGA-HT-7620-D294734db359b9-40ba-487f-9e64-03906a939784285ChemotherapyIrinotecanPROGRESSION19320122TCGA-HT-7620-D294723b4d9fc5-cb4c-4599-8b89-1b6e329774b91250mg250mg/day1195199ChemotherapyTemodarADJUVANTPONO19320124TCGA-HT-7620-D2955376638084-d5cc-494f-b4a2-ff3ab6966527285ChemotherapyAvastinPROGRESSION2232012,TCGA-HT-7620-R29127efdcbc13-09c7-4e1f-acaa-dee1a505b9674070EXTERNAL BEAM60cGyPrimary Tumor FieldADJUVANTNO1832012,TCGA-HT-7620-F291258457027b-0643-4217-b0b8-49e4befa4ddfAliveComplete Remission/Response434YES280NOYESNO832012Scheduled Follow-up SubmissionProgressive DiseaseYESYES
Central nervous system,Oligodendroglioma,No,MALE,Alive,-9667,,,5,WHITE,TCGA-HT-7676,HT,7676,9ee268a7-fa71-4f3f-919f-cf4ee1de2658,No,YES,C71.0,Mar-50,C71.0,NO,YES,0,26,2009,NO,TUMOR FREE,16,7,2013,NOT HISPANIC OR LATINO,,,"Supratentorial, Frontal Lobe",G2,Not listed in Medical Record,YES,Left,YES,NO,NO,NO,NO,Headaches,0 - 30 Days,,,,,,,,,,,,,,,,,,,,,,,,,,,,,TCGA-HT-7676-F510231F76DF32-DF78-4FC4-AF9E-A95739C9A4C6YESAlive5TUMOR FREE5112013Scheduled Follow-up Submission
Central nervous system,Oligodendroglioma,No,MALE,Alive,-19610,,,494,WHITE,TCGA-HT-7677,HT,7677,00b18ad6-ff70-41fe-8f4d-0763ac8f28b9,No,YES,C71.0,Mar-51,C71.0,NO,YES,0,53,2009,NO,,27,1,2012,NOT HISPANIC OR LATINO,,,"Supratentorial, Frontal Lobe",G3,White Matter,NO,Left,NO,YES,NO,NO,YES,Motor/Movement Changes,> 181 Days,NO,NO,NO,NO,,NO,,,NO,,,NO,NO,NO,NO,NO,,,NO,,,,,,,,2TCGA-HT-7677-D289481c6de7b4-f6d8-4a65-85db-4b8a8668e65a9000mg300.0mg/day698ChemotherapytemodarADJUVANTPOYES2320121TCGA-HT-7677-D2894707093cd9-38cc-401b-8d81-d005b4cfa6b36020mg140mg/day13173ChemotherapytemodarADJUVANTPONO232012,TCGA-HT-7677-R28946ae25ee1d-1a3b-4941-9c5d-79a4f138c1463173EXTERNAL BEAM6000cGy30Primary Tumor FieldADJUVANTNO1232012,TCGA-HT-7677-F28945baa7ce11-be55-4690-a2e2-f95b312a2797AliveStable Disease494NO232012Scheduled Follow-up SubmissionStable DiseaseYESYES
Central nervous system,Astrocytoma,No,FEMALE,Alive,-11970,,,23,WHITE,TCGA-HT-7680,HT,7680,62e27075-7ddc-4f15-ac21-0a8244abb12d,No,YES,C71.9,Mar-00,C71.9,NO,YES,0,32,2010,NO,TUMOR FREE,7,2,2012,HISPANIC OR LATINO,,,"Posterior Fossa, Cerebellum",G2,White Matter,NO,Midline,YES,NO,NO,NO,YES,Headaches,> 181 Days,NO,NO,NO,NO,,NO,,,NO,,,NO,NO,NO,NO,NO,,,NO,,,,,,,,,,TCGA-HT-7680-F289496dbf58fb-bcc0-4b60-9447-efeeb1edbf97AliveStable Disease23NOTUMOR FREENONO232012Scheduled Follow-up SubmissionStable DiseaseNONO
Central nervous system,Oligoastrocytoma,No,FEMALE,Alive,-10790,,,1359,WHITE,TCGA-HT-7681,HT,7681,fbe32b94-b3ba-4a56-aeba-4cffe8de2da4,No,YES,C71.0,Mar-82,C71.0,NO,YES,0,29,2009,NO,TUMOR FREE,16,7,2013,NOT HISPANIC OR LATINO,,NO,"Supratentorial, Frontal Lobe",G2,Not listed in Medical Record,,Right,,,,,,,,,,,,,,,,,,,,,,,,,,,,,,,NO,Complete Remission/Response,NO,,,TCGA-HT-7681-F4588290270A0E-EF04-4A7A-B25A-97BE90821D62NOAliveComplete Remission/Response1359NOTUMOR FREE2472013Scheduled Follow-up SubmissionComplete Remission/ResponseNONO
Central nervous system,Oligoastrocytoma,No,MALE,Alive,-21352,,,184,WHITE,TCGA-HT-7684,HT,7684,b027ab77-70eb-4877-91a3-702064d9cc8b,No,YES,C71.0,Mar-82,C71.0,NO,YES,0,58,2008,NO,TUMOR FREE,15,2,2012,NOT HISPANIC OR LATINO,,,"Supratentorial, Frontal Lobe",G3,White Matter,NO,Left,YES,YES,NO,YES,NO,Headaches,0 - 30 Days,NO,NO,NO,NO,,NO,,,NO,,,NO,NO,NO,NO,NO,,,NO,,,,,,,,,,TCGA-HT-7684-F2941201dfde1e-7373-4623-8db9-1c166eee0241AliveComplete Remission/Response184NOTUMOR FREE1632012Scheduled Follow-up SubmissionComplete Remission/ResponseNONO
Central nervous system,Astrocytoma,No,FEMALE,Alive,-10724,,,1300,WHITE,TCGA-HT-7686,HT,7686,3d58ded1-b7cf-420c-ba59-5b424683f0df,No,YES,C71.0,Mar-01,C71.0,NO,YES,0,29,2008,NO,TUMOR FREE,15,2,2012,NOT HISPANIC OR LATINO,,,"Supratentorial, Parietal Lobe",G3,Not listed in Medical Record,NO,Left,YES,NO,YES,NO,NO,Headaches,> 181 Days,NO,NO,NO,NO,,NO,,,NO,,,YES,YES,,,NO,,,NO,,,,,,,,2TCGA-HT-7686-D2941866ee4c20-c346-4423-a222-2a1d1f49b1d36000mg300mg/day4145239ChemotherapyTemodarADJUVANTPONO16320121TCGA-HT-7686-D29417866496de-3a98-4e61-95e6-7523222fd8d16110mg130mg/day12673ChemotherapyTemodarADJUVANTPONO1632012,TCGA-HT-7686-R29416d4c40ef7-39c9-4560-a6d8-493e80ccebd62774EXTERNAL BEAM5940cGy33Primary Tumor FieldADJUVANTNO11632012,TCGA-HT-7686-F29415417e0d62-a9b6-4c84-ab1e-cf8d83f8ea92AliveComplete Remission/Response1300NOTUMOR FREE1632012Scheduled Follow-up Submission90Post-Adjuvant TherapyComplete Remission/ResponseYESYES231
Central nervous system,Oligodendroglioma,No,MALE,Alive,-27186,,,0,WHITE,TCGA-HT-7687,HT,7687,3f36cd97-eb22-47de-b447-5c96378e4a2b,No,YES,C71.0,Mar-51,C71.0,NO,YES,0,74,2010,NO,TUMOR FREE,15,2,2012,NOT HISPANIC OR LATINO,,,"Supratentorial, Frontal Lobe",G3,Not listed in Medical Record,NO,Right,NO,NO,YES,YES,NO,Visual Changes,> 181 Days,,,,,,,,,,,,NO,NO,YES,NO,NO,,,NO,,,,,,,,,,TCGA-HT-7687-F28642331d5336-e632-48fa-afa7-637ce629b7c1AliveStable Disease3TUMOR FREE2722012Scheduled Follow-up Submission
Central nervous system,Oligodendroglioma,No,MALE,Alive,-21844,,,964,WHITE,TCGA-HT-7688,HT,7688,7740824e-905f-47a0-b235-54561ef58ba3,No,YES,C71.0,Mar-51,C71.0,NO,YES,0,59,2009,NO,TUMOR FREE,15,2,2012,NOT HISPANIC OR LATINO,,,"Supratentorial, Frontal Lobe",G3,White Matter,YES,Left,YES,NO,YES,NO,YES,Headaches,> 181 Days,NO,NO,YES,NO,,NO,,,NO,,,YES,YES,YES,NO,NO,,,NO,,,,,,,,3TCGA-HT-7688-D2950101e3c417-2bac-43f6-8ece-15f0183282c222000mg400mg/day11132475ChemotherapyTemodarADJUVANTPONO20320121TCGA-HT-7688-D2949945a8a109-14b4-4843-b1e3-645e23dd4a116300mg150mg/day12859ChemotherapyTemodarADJUVANTPONO20320122TCGA-HT-7688-D295003f4b71ea-7a01-44c5-a14a-99fdccb4484e1500mg300mg1101105ChemotherapyTemodarADJUVANTPONO2032012,TCGA-HT-7688-R2941406a1bca9-78a6-4220-95a7-7a755d863e9a3565EXTERNAL BEAM6000cGy30Primary Tumor FieldADJUVANTNO11632012,TCGA-HT-7688-F29413f6df6624-9873-4c36-a266-7828e85bf759AliveComplete Remission/Response964NOTUMOR FREE1632012Scheduled Follow-up SubmissionComplete Remission/ResponseYESYES
Central nervous system,Oligodendroglioma,No,FEMALE,Alive,-21331,,,125,WHITE,TCGA-HT-7689,HT,7689,d58b535a-6c95-43bb-ad88-0600e6447537,No,YES,C71.0,Mar-50,C71.0,NO,YES,0,58,2009,NO,TUMOR FREE,1,3,2012,NOT HISPANIC OR LATINO,Pre-Adjuvant Therapy,,"Supratentorial, Frontal Lobe",G2,Not listed in Medical Record,NO,Left,NO,YES,NO,NO,YES,Mental Status Changes,0 - 30 Days,NO,NO,NO,NO,,NO,,,NO,,,,,NO,NO,,,,,,60,,8,,,,1TCGA-HT-7689-D29658fd8e3b77-837a-4fdb-a3eb-02ef6930f2f85880mg140mg15394ChemotherapyTemodarADJUVANTPONO15320122TCGA-HT-7689-D296618ea0838b-141f-4bbe-87c7-1d89688e3ce76500mg260mg/day5126334ChemotherapyTemodarADJUVANTPONO1532012,TCGA-HT-7689-R296628cfd51a1-deb2-44e5-84a5-92385d6d30ba5392EXTERNAL BEAM5400cGy30Primary Tumor FieldADJUVANTNO11532009,TCGA-HT-7689-F29648e51861b5-7796-429e-83f5-55591edfe09fAliveComplete Remission/Response455NOTUMOR FREE2732012Scheduled Follow-up Submission70Post-Adjuvant TherapyYESYES455
Central nervous system,Oligoastrocytoma,No,MALE,Alive,-10673,,,3,WHITE,TCGA-HT-7690,HT,7690,e78e8845-9fba-48ba-8cf3-418429ea5f56,No,YES,C71.0,Mar-82,C71.0,NO,YES,0,29,2009,NO,,1,3,2012,NOT HISPANIC OR LATINO,,,"Supratentorial, Frontal Lobe",G3,White Matter,NO,Right,YES,YES,NO,NO,NO,Headaches,31 - 90 Days,NO,NO,NO,NO,,NO,,,NO,,,,,NO,NO,NO,,,,,,,,,,,,,TCGA-HT-7690-F29644d0bfb7f9-e4a9-4094-9459-0e4f45e3a891Alive3NOTUMOR FREE1532012Scheduled Follow-up SubmissionNONO
Central nervous system,Astrocytoma,No,FEMALE,Alive,-11465,,,3,WHITE,TCGA-HT-7691,HT,7691,6a3e577a-4e07-4468-857a-79edbe6833cd,No,YES,C71.0,Mar-00,C71.0,NO,YES,0,31,2008,NO,TUMOR FREE,27,3,2012,NOT HISPANIC OR LATINO,,,"Supratentorial, Not Otherwise Specified",G2,Not listed in Medical Record,NO,Right,YES,NO,YES,NO,NO,Headaches,> 181 Days,NO,NO,NO,NO,,NO,,,NO,,,NO,NO,NO,NO,NO,,,,,,,,,,,,,TCGA-HT-7691-F296418faf3fd5-8d8f-4c08-bbf6-ea39d6da13f9Alive3NOTUMOR FREE2732012Scheduled Follow-up SubmissionNONO
Central nervous system,Oligoastrocytoma,No,MALE,Alive,-15727,,,90,WHITE,TCGA-HT-7692,HT,7692,6a0b306b-f73d-45b2-93a6-b9bd625644a3,No,YES,C71.0,Mar-82,C71.0,NO,YES,0,43,2009,NO,,1,3,2012,NOT HISPANIC OR LATINO,Pre-Adjuvant Therapy,,"Supratentorial, Frontal Lobe",G2,,YES,Left,YES,YES,NO,NO,NO,Seizures,0 - 30 Days,NO,NO,NO,NO,,NO,,,NO,,,YES,YES,YES,YES,,,,,,100,,29,,,,,TCGA-HT-7692-R29617d80f0d6d-6af2-4524-bd0b-893d962194384690EXTERNAL BEAM5940cGy33Primary Tumor FieldADJUVANTNO11632012,TCGA-HT-7692-F296165cbaf3dd-0e68-4a8e-b1cf-3eacbb8d5a7cAliveComplete Remission/Response90NOTUMOR FREE1632012Scheduled Follow-up Submission100YESYES29
Central nervous system,Oligodendroglioma,No,FEMALE,Alive,-18956,,,533,WHITE,TCGA-HT-7693,HT,7693,491ea65b-86c8-4686-99cf-f09505e20183,No,YES,C71.0,Mar-50,C71.0,NO,YES,0,51,2008,NO,,1,3,2012,NOT HISPANIC OR LATINO,Post-Adjuvant Therapy,,"Supratentorial, Frontal Lobe",G2,,YES,Right,YES,NO,NO,NO,YES,Seizures,0 - 30 Days,YES,NO,NO,NO,,NO,,,NO,,,,,YES,NO,,,,,,90,,200,,,,2TCGA-HT-7693-D29613a6443c66-e7a4-4edb-87ab-02d7667a845220350mg370mg/day02102440ChemotherapyTemodarADJUVANTPONO16320121TCGA-HT-7693-D2961241536fee-095b-4da9-afaf-2643af23e7bc5880mg140mg/day12263ChemotherapyTemodarADJUVANTPONO1632012,TCGA-HT-7693-R296114558f4fa-776e-4522-b2a7-cbcb8ebb312a1760EXTERNAL BEAM5580cGy31Primary Tumor FieldADJUVANTNO11632012,TCGA-HT-7693-F29610ec5c9624-543a-4497-9f96-2ddd8e899a06AlivePartial Remission/Response533NOTUMOR FREE1632012Scheduled Follow-up Submission90Post-Adjuvant TherapyYESYES472
Central nervous system,Oligodendroglioma,No,MALE,Alive,-21930,,,210,WHITE,TCGA-HT-7694,HT,7694,49a87025-d0a4-44b3-b6ad-563bf9651093,No,YES,C71.0,Mar-51,C71.0,NO,YES,0,60,2008,NO,,1,3,2012,NOT HISPANIC OR LATINO,,,"Supratentorial, Frontal Lobe",G3,White Matter,NO,Right,NO,YES,NO,NO,YES,Motor/Movement Changes,0 - 30 Days,NO,NO,NO,NO,,NO,,,NO,,,YES,NO,YES,NO,NO,,,,,90,,182,,,,,TCGA-HT-7694-R296080032f995-f852-4ecc-bd33-e0fc70e6a4f02066EXTERNAL BEAM5940cGy33Primary Tumor FieldADJUVANTNO1832012,TCGA-HT-7694-F296075863990b-5374-4937-9010-a68122866939AliveComplete Remission/Response210NOTUMOR FREE932012Scheduled Follow-up Submission90Post-Adjuvant TherapyYESYES210
Central nervous system,Oligodendroglioma,No,FEMALE,Alive,-10827,,,442,WHITE,TCGA-HT-7695,HT,7695,5017c115-39b8-4c5c-8be6-2cb298d7c641,No,YES,C71.0,Mar-50,C71.0,NO,YES,0,29,2009,NO,,25,3,2009,NOT HISPANIC OR LATINO,,,"Supratentorial, Frontal Lobe",G2,White Matter,YES,Left,NO,NO,NO,NO,NO,Seizures,31 - 90 Days,NO,NO,NO,NO,,NO,,,NO,,,,,YES,NO,NO,,,,,,,,,,,1TCGA-HT-7695-D29606fae54b60-4659-442e-b848-217b8e9713564950mg150mg/day178110ChemotherapyTemodarADJUVANTPONO1632012,TCGA-HT-7695-R2960560874d2b-9b1f-47c7-bb40-37091a8cde5a52125EXTERNAL BEAM5400cGy30Primary Tumor FieldADJUVANTNO11632012,TCGA-HT-7695-F29604e79d4ac0-3668-4fde-91e0-684c587f2d21AliveComplete Remission/Response442NOTUMOR FREE1632012Scheduled Follow-up SubmissionYESYES
Central nervous system,Astrocytoma,No,MALE,Alive,-22738,,,292,WHITE,TCGA-HT-7854,HT,7854,4a7d4805-09e3-4044-9800-73239f4d66d4,No,YES,C71.0,Mar-00,C71.0,NO,YES,0,62,2010,NO,TUMOR FREE,7,2,2012,NOT HISPANIC OR LATINO,Post-Adjuvant Therapy,,"Supratentorial, Temporal Lobe",G2,White Matter,NO,Left,YES,YES,YES,NO,NO,Visual Changes,31 - 90 Days,NO,NO,NO,NO,,NO,,,NO,,,YES,YES,NO,NO,NO,,,NO,,100,,208,,,,,TCGA-HT-7854-R212559E9ED397-8067-4585-8115-99897216474D138176EXTERNAL BEAM5040cGy28Primary Tumor FieldADJUVANTNO1722012,TCGA-HT-7854-F2125438A5E370-2CA1-4709-AEF9-8C78F3A3AACFAliveStable Disease292NOTUMOR FREE722012Scheduled Follow-up Submission100Post-Adjuvant TherapyStable DiseaseNOYES208TCGA-HT-7854-F48001D6E6FF39-FFE2-4774-AFD7-EDDC9E622283NOAlive1201YES1147NONO392013Scheduled Follow-up SubmissionNOYESYES1191
Central nervous system,Astrocytoma,No,MALE,Alive,-14496,,,118,WHITE,TCGA-HT-7855,HT,7855,40343ebd-0d62-401e-83a4-6cdb57662ec0,No,YES,C71.0,Mar-01,C71.0,NO,YES,0,39,2008,NO,TUMOR FREE,15,2,2012,NOT HISPANIC OR LATINO,,,"Supratentorial, Parietal Lobe",G3,Cerebral Cortex,NO,Left,YES,YES,NO,NO,YES,Headaches,91 - 180 Days,NO,NO,NO,NO,,NO,,,NO,,,YES,NO,NO,NO,NO,,,NO,,,,,,,,2TCGA-HT-7855-D294945c82c2f1-819d-4077-ba03-c4f7981fbb6c4000mg400mg/day2131157ChemotherapyTemodarADJUVANTPONO20320121TCGA-HT-7855-D29493b4b955cc-a927-42b7-8a44-67a49a0784566880mg160mg/day12567ChemotherapyTemodarADJUVANTPONO2032012,TCGA-HT-7855-R29421bbb66954-97a9-4d56-abd1-3d54d79976722073EXTERNAL BEAM5940cGy33Primary Tumor FieldADJUVANTNO11632012,TCGA-HT-7855-F2942015b69158-73b3-46d0-b878-05fde8a7f1c4AliveComplete Remission/Response585NOTUMOR FREE1632012Scheduled Follow-up Submission80Post-Adjuvant TherapyComplete Remission/ResponseYESYES151
Central nervous system,Oligodendroglioma,No,MALE,Alive,-13145,,,1189,WHITE,TCGA-HT-7856,HT,7856,c2c16878-b615-496c-8fcb-d49c97e15551,No,YES,C71.0,Mar-51,C71.0,NO,YES,0,35,2008,NO,TUMOR FREE,15,2,2012,NOT HISPANIC OR LATINO,,,"Supratentorial, Frontal Lobe",G3,White Matter,NO,Left,YES,YES,NO,NO,YES,Mental Status Changes,> 181 Days,NO,NO,NO,NO,,NO,,,NO,,,YES,YES,NO,NO,NO,,,NO,,,,,,,,1TCGA-HT-7856-D294253d00d873-e11b-4a5a-bd53-06a8739ef4f06240mg160mg/day13271ChemotherapyTemodarADJUVANTPONO1632012,TCGA-HT-7856-R29424b14ca12a-47ed-4e32-b5bc-ffc9976344473271EXTERNAL BEAM6000cGy30Primary Tumor FieldADJUVANTNO11632012,TCGA-HT-7856-F294235d02bdc1-f460-4039-a270-6a7101a977b9AliveComplete Remission/Response1189NOTUMOR FREE1632012Scheduled Follow-up Submission80Adjuvant therapyComplete Remission/ResponseYESYES383
Central nervous system,Astrocytoma,No,FEMALE,Alive,-8912,,,7,WHITE,TCGA-HT-7857,HT,7857,4e1606e5-f4c1-41a2-9f2c-ad0d02650070,No,YES,C71.0,Mar-01,C71.0,,,0,24,2006,NO,TUMOR FREE,27,3,2012,NOT HISPANIC OR LATINO,,,"Supratentorial, Not Otherwise Specified",G3,Not listed in Medical Record,NO,Left,YES,NO,YES,NO,YES,Motor/Movement Changes,0 - 30 Days,NO,NO,NO,NO,,NO,,,NO,,,YES,YES,,,,,,,,,,,,,,,,TCGA-HT-7857-F29669baad7653-c89d-474a-95fe-3de3bd1cdaf3Alive7NOTUMOR FREE1532012Scheduled Follow-up SubmissionNONO
Central nervous system,Astrocytoma,No,MALE,Alive,-10422,,,1540,WHITE,TCGA-HT-7858,HT,7858,b6951c37-377e-49b9-862c-968082e8682f,No,YES,C71.0,Mar-00,C71.0,NO,YES,0,28,2007,NO,TUMOR FREE,2,3,2012,NOT HISPANIC OR LATINO,,,"Supratentorial, Frontal Lobe",G2,White Matter,NO,Right,YES,NO,NO,NO,NO,Headaches,> 181 Days,NO,NO,NO,NO,,NO,,,NO,,,,,NO,NO,NO,,,NO,,,,,,,,,TCGA-HT-7858-R2942711ca6be9-f6f0-443d-af7a-8737d54167522069EXTERNAL BEAM5940cGy33Primary Tumor FieldADJUVANTNO11632012,TCGA-HT-7858-F2942601d9aa5e-a5f0-4f07-b38e-fa1d6d242cfeAliveComplete Remission/Response1540NOTUMOR FREE1632012Scheduled Follow-up Submission90Post-Adjuvant TherapyComplete Remission/ResponseNOYES673
Central nervous system,Astrocytoma,No,FEMALE,Alive,-22034,,,15,WHITE,TCGA-HT-7860,HT,7860,fea46eef-6b7f-44c3-93bf-2dec16bdeb79,No,YES,C71.0,Mar-01,C71.0,NO,YES,0,60,2009,NO,TUMOR FREE,15,2,2012,NOT HISPANIC OR LATINO,,,"Supratentorial, Frontal Lobe",G3,White Matter,YES,Left,NO,NO,NO,NO,YES,Seizures,> 181 Days,NO,NO,NO,NO,,NO,,,NO,,,YES,YES,,,NO,,,NO,,,,,,,,,,TCGA-HT-7860-F286431e6c9731-d20b-4753-b7d3-01ddfacc210bAlive15TUMOR FREE2722012Scheduled Follow-up Submission
Central nervous system,Oligoastrocytoma,No,MALE,Alive,-10805,,,298,WHITE,TCGA-HT-7873,HT,7873,c371e2b4-209f-40f3-a30c-51df8270b5de,No,YES,C71.0,Mar-82,C71.0,NO,YES,0,29,2011,NO,WITH TUMOR,12,9,2012,NOT HISPANIC OR LATINO,,,"Supratentorial, Frontal Lobe",G2,White Matter,NO,Right,YES,YES,YES,NO,YES,Headaches,> 181 Days,NO,NO,NO,NO,,,,,NO,,,NO,NO,NO,NO,NO,,,NO,,,,,,,,,TCGA-HT-7873-R3501177A044C3-FBD4-4E99-8D90-6920D2F777CA80122External5400cGy30Primary Tumor FieldNOStable Disease1292012,TCGA-HT-7873-F350107B5DA072-E9BC-4FBF-868B-68C84B21905CNOAliveStable Disease298NOWITH TUMOR1292012Scheduled Follow-up SubmissionStable DiseaseNOYESTCGA-HT-7873-F480047A1048C0-8594-48A5-AD64-0FBE19EEC940NOAliveStable Disease718NOWITH TUMORNONO392013Scheduled Follow-up SubmissionNOYES
Central nervous system,Oligodendroglioma,No,FEMALE,Alive,-15045,,,1130,WHITE,TCGA-HT-7874,HT,7874,775c04e6-a02d-44a4-86f7-496056edd249,No,YES,C71.0,Mar-51,C71.0,NO,YES,0,41,2008,NO,TUMOR FREE,15,2,2012,NOT HISPANIC OR LATINO,,,"Supratentorial, Frontal Lobe",G3,Not listed in Medical Record,YES,Right,YES,YES,NO,NO,NO,Headaches,> 181 Days,NO,NO,NO,NO,,NO,,,NO,,,YES,YES,YES,NO,NO,,,NO,,,,,,,,1TCGA-HT-7874-D28709162b36dc-0c84-4e5c-a93b-2f28f7bb96824200mg100mg/day14287ChemotherapyTemodarADJUVANTPONO28220122TCGA-HT-7874-D2881747e68bc1-347b-402b-9c84-d26927dd3b661200mg240mg/day1136140ChemotherapyTemodarADJUVANTPONO1320123TCGA-HT-7874-D28820547b1cf3-8792-494e-b3cf-f5cc70be2a5117325mg315mg/day11171549ChemotherapyTemodarADJUVANTPONO132012,TCGA-HT-7874-R28708062f27e1-d889-4572-a93b-0a26b184d3644287EXTERNAL BEAM5940cGy33Primary Tumor FieldADJUVANTNO2822012,TCGA-HT-7874-F29422e4694c1f-7591-4db8-aade-67d4600bc5d0AliveComplete Remission/Response1130NOTUMOR FREE1632012Scheduled Follow-up SubmissionComplete Remission/ResponseYESYES
Central nervous system,Oligodendroglioma,No,MALE,Alive,-20613,,,10,WHITE,TCGA-HT-7875,HT,7875,40ae8507-c08a-45d5-9bbb-65d236c82319,No,YES,C71.0,Mar-50,C71.0,NO,YES,0,56,2008,NO,TUMOR FREE,7,2,2012,NOT HISPANIC OR LATINO,Pre-Adjuvant Therapy,,"Supratentorial, Frontal Lobe",G2,White Matter,YES,Left,NO,NO,NO,NO,NO,Seizures,91 - 180 Days,NO,NO,NO,NO,,NO,,,NO,,,NO,YES,YES,NO,NO,,,NO,,80,,0,,,,,,TCGA-HT-7875-F28953cb96a53d-ffed-4904-8bf2-8a744902dcdaAliveStable Disease10NOTUMOR FREE232012Scheduled Follow-up SubmissionStable DiseaseNOYES
Central nervous system,Oligodendroglioma,No,FEMALE,Alive,-7581,,,4,WHITE,TCGA-HT-7877,HT,7877,ea7f3ed6-e44b-49a1-8b5c-ce35539e7bdf,No,YES,C71.0,Mar-50,C71.0,NO,YES,0,20,2011,NO,,1,3,2012,NOT HISPANIC OR LATINO,,,"Supratentorial, Frontal Lobe",G2,White Matter,NO,Left,YES,NO,NO,NO,YES,Headaches,> 181 Days,NO,NO,YES,NO,,NO,,,NO,,,NO,NO,NO,NO,,,,,,,,,,,,,,TCGA-HT-7877-F296723ccd7a35-bec1-4c9d-90eb-27253a3deb4fAlive4NOTUMOR FREE1932012Scheduled Follow-up SubmissionNONO
Central nervous system,Oligoastrocytoma,No,MALE,Alive,-11622,,,98,WHITE,TCGA-HT-7879,HT,7879,c916b9a4-008e-4d79-a50c-f15c3549fcf6,No,YES,C71.0,Mar-82,C71.0,NO,YES,0,31,2011,NO,TUMOR FREE,1,3,2012,NOT HISPANIC OR LATINO,,,"Supratentorial, Temporal Lobe",G3,,YES,Right,YES,NO,YES,NO,NO,Seizures,0 - 30 Days,NO,NO,NO,NO,,NO,,,NO,,,NO,YES,NO,NO,,,,,,,,,,,,1TCGA-HT-7879-D296753a2e7d41-80ef-4a00-91c0-ed73bca1c3ff7000mg140mg/day12878ChemotherapyTemodarADJUVANTPONO19320122TCGA-HT-7879-D29676c67036e4-e84e-453f-88e4-393a46c1ab59250mg/day2112ChemotherapyTemodarADJUVANTPOYES1932012,TCGA-HT-7879-R2967492476855-3269-42f5-91d8-3834b9d3ce2f2877EXTERNAL BEAM5940cGy33Primary Tumor FieldADJUVANTNO11932012,TCGA-HT-7879-F29673e2c73c00-8b17-4843-8269-721c0642001eAliveComplete Remission/Response112NOTUMOR FREE1932012Scheduled Follow-up SubmissionYESYES
Central nervous system,Oligoastrocytoma,No,MALE,Alive,-11043,,,162,WHITE,TCGA-HT-7880,HT,7880,4240c137-ee3a-474c-9426-470380cb41a2,No,YES,C71.0,Mar-82,C71.0,NO,YES,0,30,2011,NO,TUMOR FREE,27,3,2012,NOT HISPANIC OR LATINO,,,"Supratentorial, Parietal Lobe",G2,White Matter,YES,Right,YES,NO,NO,YES,NO,Seizures,31 - 90 Days,NO,NO,NO,NO,,YES,peanuts,,NO,,,YES,YES,NO,NO,,,,,,,,,,,,,,TCGA-HT-7880-F29680929d8093-71d5-4f99-9a28-59beb307023fAlive162NOTUMOR FREE1932012Scheduled Follow-up SubmissionNONO
Central nervous system,Oligodendroglioma,No,MALE,Alive,-14171,,,89,BLACK OR AFRICAN AMERICAN,TCGA-HT-7881,HT,7881,275cb949-2f61-48c9-84f0-ba8ae4fa35c4,No,YES,C71.0,Mar-50,C71.0,NO,YES,0,38,2011,NO,TUMOR FREE,1,3,2012,NOT HISPANIC OR LATINO,,,"Supratentorial, Temporal Lobe",G2,Not listed in Medical Record,YES,Left,NO,NO,NO,NO,NO,Seizures,> 181 Days,NO,NO,NO,NO,,,,,NO,,,YES,YES,YES,NO,,,,,,,,,,,,,TCGA-HT-7881-R29665cec4b1bd-cb35-4ce3-8640-fd95aa9d2fb64683EXTERNAL BEAM5580cGy31Primary Tumor FieldADJUVANTNO11532012,TCGA-HT-7881-F29663b6ac4bd8-6b05-4761-9d82-82c6716cca2aAliveComplete Remission/Response89NOTUMOR FREE1932012Scheduled Follow-up SubmissionComplete Remission/ResponseNOYESTCGA-HT-7881-F6642616C8114E-7798-4D8D-A4D3-83C0D4B99A57NOAliveComplete Remission/Response1079NOTUMOR FREE14102014Scheduled Follow-up SubmissionComplete Remission/ResponseYESYES
Central nervous system,Oligodendroglioma,No,MALE,Alive,-24450,,,52,WHITE,TCGA-HT-7882,HT,7882,912d6455-0a50-4fde-b785-f6c09b00b7e4,No,YES,C71.0,Mar-51,C71.0,NO,YES,0,66,2010,NO,TUMOR FREE,7,2,2012,HISPANIC OR LATINO,,,"Supratentorial, Frontal Lobe",G3,Not listed in Medical Record,YES,Left,NO,YES,NO,NO,YES,Seizures,> 181 Days,NO,NO,NO,NO,,NO,,,NO,,,NO,YES,NO,NO,NO,,,NO,,,,,,,,,,TCGA-HT-7882-F28952af823bb6-e3bb-4b79-bde0-aa8fe642fb18DeadProgressive Disease113NOWITH TUMOR232012Scheduled Follow-up SubmissionProgressive DiseaseNONO
Central nervous system,Astrocytoma,No,FEMALE,Alive,-16280,,,343,WHITE,TCGA-HT-7884,HT,7884,86aa5790-9afd-4653-926a-625516df1f56,No,YES,C71.0,Mar-00,C71.0,NO,YES,0,44,2011,NO,,12,9,2012,NOT HISPANIC OR LATINO,Post-Adjuvant Therapy,YES,"Supratentorial, Frontal Lobe",G2,White Matter,YES,Left,YES,YES,YES,NO,NO,Mental Status Changes,0 - 30 Days,YES,NO,NO,NO,< 12 Years,NO,,,NO,,,NO,YES,NO,NO,NO,,,NO,,80,,112,YES,Stable Disease,NO,YESTCGA-HT-7884-D35007B10095BE-6E20-46D6-92AD-0C978F3ED0624484ChemotherapyTemodarNOStable Disease1292012YESTCGA-HT-7884-D350089460EED9-0696-49E1-846F-0C0B13665B01112ChemotherapyTemodarYES1292012,TCGA-HT-7884-R350067D183F05-47EA-4BD2-ADDF-1967C989AB0C4484External5040cGy28Primary Tumor FieldNOStable Disease1292012,TCGA-HT-7884-F35005AB65BCB6-8C94-4A94-A114-43967C477ACENOAliveStable Disease343NO1292012Scheduled Follow-up SubmissionStable DiseaseYESYES
Central nervous system,Oligoastrocytoma,No,FEMALE,Alive,-11118,,,955,WHITE,TCGA-HT-7902,HT,7902,02194c0c-e2c1-4ea7-994a-07b61b2575e2,No,YES,C71.0,Mar-82,C71.0,NO,YES,0,30,2009,NO,TUMOR FREE,7,2,2012,NOT HISPANIC OR LATINO,,,"Supratentorial, Frontal Lobe",G2,Cerebral Cortex,NO,Right,YES,NO,YES,NO,NO,Visual Changes,31 - 90 Days,YES,NO,NO,NO,,NO,,,NO,,,NO,NO,YES,YES,NO,,,NO,,,,,,,,,,TCGA-HT-7902-F28951d028b4d0-1ca7-4f1d-818e-72dbef6901b8AliveStable Disease956NOTUMOR FREE232012Scheduled Follow-up SubmissionStable DiseaseNONO
Central nervous system,Oligodendroglioma,No,FEMALE,Alive,-23680,,,50,WHITE,TCGA-HT-8010,HT,8010,114902c7-77b2-42ca-926b-6895e6db5e36,No,YES,C71.0,Mar-50,C71.0,NO,YES,0,64,2011,NO,,2,5,2012,HISPANIC OR LATINO,,,"Supratentorial, Frontal Lobe",G2,Not listed in Medical Record,NO,Right,YES,NO,NO,NO,YES,Motor/Movement Changes,> 181 Days,NO,NO,NO,NO,,NO,,,NO,,,NO,NO,YES,NO,NO,,,NO,,,,,,,,,,TCGA-HT-8010-F32622a50e614c-a87f-48d3-8084-96a63a9ea0f8AliveStable Disease50NOTUMOR FREE462012Scheduled Follow-up SubmissionStable DiseaseNONO
Central nervous system,Astrocytoma,No,MALE,Alive,-20175,,,469,WHITE,TCGA-HT-8011,HT,8011,58de25d5-8a32-4412-866b-acac2e321bfa,No,YES,C71.0,Mar-01,C71.0,NO,YES,0,55,2009,NO,,2,5,2012,NOT HISPANIC OR LATINO,,,"Supratentorial, Temporal Lobe",G3,Not listed in Medical Record,YES,Right,YES,NO,NO,NO,NO,Seizures,0 - 30 Days,NO,NO,NO,NO,,NO,,,NO,,,NO,YES,YES,YES,NO,,,NO,,,,,,,,NOTCGA-HT-8011-D333423218f23a-a617-4724-80a9-5973642659fa1469ChemotherapyTemodarNOStable Disease2862012NOTCGA-HT-8011-D3334353ff0b18-267b-4a80-bfa6-ec2a9fea7d27115242ChemotherapytemodarNOClinical Progressive Disease2862012,TCGA-HT-8011-R33341e9c37c4a-83df-4426-a6c7-713da3eee3f31469External6185cGy32Primary Tumor FieldNOStable Disease2862012,TCGA-HT-8011-F3262378774b1f-2940-4bc7-af52-293e1f0d6a33AliveStable Disease494YES278YES278WITH TUMORNONO462012Scheduled Follow-up SubmissionProgressive DiseaseYESYESNO
Central nervous system,Oligodendroglioma,No,FEMALE,Alive,-11295,,,286,WHITE,TCGA-HT-8012,HT,8012,9351b1ae-89e6-4091-934f-d50da06cd01d,No,YES,C71.0,Mar-50,C71.0,NO,YES,0,30,2010,NO,,3,5,2012,NOT HISPANIC OR LATINO,,,"Supratentorial, Temporal Lobe",G2,Not listed in Medical Record,YES,Right,NO,NO,NO,NO,NO,Seizures,0 - 30 Days,NO,NO,NO,NO,,NO,,,NO,,,NO,YES,NO,NO,NO,,,NO,,,,,,,,,,TCGA-HT-8012-F32626fcdd61d8-65f9-4e94-afee-8d6a1fa757d2AliveStable Disease286YES133YES133WITH TUMORNONO462012Scheduled Follow-up SubmissionStable DiseaseNONONO
Central nervous system,Oligoastrocytoma,No,FEMALE,Dead,-13753,,1933,,WHITE,TCGA-HT-8013,HT,8013,e669a4b7-a494-490a-b78c-e664c59d0697,No,YES,C71.0,Mar-82,C71.0,NO,YES,0,37,2005,NO,WITH TUMOR,3,5,2012,NOT HISPANIC OR LATINO,,,"Supratentorial, Frontal Lobe",G2,Cerebral Cortex,YES,Left,NO,YES,NO,NO,NO,Seizures,0 - 30 Days,NO,NO,NO,NO,,NO,,,NO,,,NO,YES,NO,NO,NO,,,NO,,,,,,,,NOTCGA-HT-8013-D32630b4d2d8dd-f207-479c-b56d-c7881078d4e513341742ChemotherapyTemodarNOClinical Progressive Disease462012NOTCGA-HT-8013-D326314645a0aa-b790-479c-8477-eee9994bbcd116101693Targeted Molecular therapyAvastinNOClinical Progressive Disease462012,TCGA-HT-8013-R32628211a631b-c473-423b-8b72-649303a3fe21103146External5400cGy30Primary Tumor FieldNOStable Disease462012TCGA-HT-8013-R32629f6a91e32-77c9-4af8-917f-3490225a1c6017261743External3900cGy13Primary Tumor FieldNOStable Disease462012,TCGA-HT-8013-F326276ead80d0-4cf8-4010-ba95-6213237a3bc3DeadStable Disease1933YES1306YES1306WITH TUMORYESYES462012Scheduled Follow-up Submission70Post-Adjuvant TherapyYESYES1587NO
Central nervous system,Astrocytoma,No,MALE,Alive,-7760,,,3,WHITE,TCGA-HT-8015,HT,8015,81076cfb-f9d7-4add-b696-6eab0bad7945,No,YES,C71.0,Mar-00,C71.0,NO,YES,0,21,2008,NO,TUMOR FREE,12,9,2013,NOT HISPANIC OR LATINO,,,"Supratentorial, Temporal Lobe",G2,"Deep Gray (e.g.basal ganglia, thalamus)",,Left,,,,,,,,,,,,,,,,,,,,,,,,,,,,,,,,Complete Remission/Response,,,,
Central nervous system,Oligoastrocytoma,No,FEMALE,Alive,-14910,,,654,WHITE,TCGA-HT-8018,HT,8018,80db28ec-ab3d-42a7-af88-b60fe8acb5b5,No,YES,C71.0,Mar-82,C71.0,NO,YES,0,40,2010,NO,TUMOR FREE,15,5,2012,NOT HISPANIC OR LATINO,,,"Supratentorial, Temporal Lobe",G2,White Matter,YES,Left,YES,NO,NO,NO,YES,Seizures,0 - 30 Days,NO,NO,NO,NO,,NO,,,NO,,,,,NO,NO,NO,,,NO,,,,,,,,,,TCGA-HT-8018-F459127C3529CD-D5D9-4A10-9EEB-C73F233DA2A1NODeadPartial Remission/Response1152NO2572013Scheduled Follow-up SubmissionProgressive DiseaseYESYES
Central nervous system,Oligodendroglioma,No,FEMALE,Alive,-12669,,,1004,WHITE,TCGA-HT-8019,HT,8019,9d93834a-3bf0-41fd-8c74-5ac49a6e78cd,No,YES,C71.0,Mar-51,C71.0,NO,YES,0,34,2009,NO,TUMOR FREE,15,5,2012,NOT HISPANIC OR LATINO,,,"Supratentorial, Frontal Lobe",G3,White Matter,YES,Right,YES,NO,NO,NO,NO,Seizures,0 - 30 Days,NO,NO,NO,NO,,NO,,,NO,,,,,YES,NO,NO,,,NO,,,,,,,,,,TCGA-HT-8019-F46178485491F5-BB92-4012-90C4-D172946DE695NOAliveComplete Remission/Response1004NOTUMOR FREE1892013Scheduled Follow-up SubmissionComplete Remission/ResponseYESYES
Central nervous system,Astrocytoma,No,FEMALE,Alive,-18748,,,372,WHITE,TCGA-HT-8104,HT,8104,5de6fd84-ed02-4c27-9947-db57f05faf6d,No,YES,C71.0,Mar-01,C71.0,NO,YES,0,51,2010,NO,TUMOR FREE,14,5,2012,NOT HISPANIC OR LATINO,,,"Supratentorial, Frontal Lobe",G3,White Matter,NO,Left,NO,NO,NO,NO,YES,Motor/Movement Changes,0 - 30 Days,NO,NO,NO,NO,,NO,,,NO,,,NO,NO,NO,NO,NO,,,NO,,,,,,,,,TCGA-HT-8104-R32652e0d47e5a-3f60-46cf-893d-d4fb2b09b77a3380External5940cGy33Primary Tumor FieldNOComplete Response562012,TCGA-HT-8104-F45987ACB94785-7717-41C8-9914-F23EFFF407B3YESAlive372TUMOR FREE2672013Scheduled Follow-up Submission
Central nervous system,Oligodendroglioma,No,MALE,Alive,-20041,,,180,WHITE,TCGA-HT-8105,HT,8105,d766c3af-f0b3-4791-a754-d6546d370f8f,No,YES,C71.0,Mar-51,C71.0,NO,YES,0,54,2011,NO,,2,5,2012,NOT HISPANIC OR LATINO,,,"Supratentorial, Frontal Lobe",G3,Not listed in Medical Record,YES,Right,NO,YES,NO,NO,YES,Mental Status Changes,31 - 90 Days,NO,NO,NO,NO,,NO,,,NO,,,NO,NO,NO,NO,NO,,,NO,,,,,,,,,TCGA-HT-8105-R32625e32184b7-9711-421c-997e-a2c93d507be14389External4860cGy27Primary Tumor FieldNOStable Disease462012,TCGA-HT-8105-F32624457ae466-97a5-4fa0-9c9c-6cd550cd4d84AliveStable Disease190NOTUMOR FREE462012Scheduled Follow-up Submission70Stable DiseaseNOYES190
Central nervous system,Astrocytoma,No,MALE,Alive,-19555,,,3,WHITE,TCGA-HT-8106,HT,8106,bae316e3-1fa4-4fa7-8ad6-a458857a85d4,No,YES,C71.0,Mar-01,C71.0,NO,YES,0,53,2010,NO,,3,5,2012,NOT HISPANIC OR LATINO,,,"Supratentorial, Frontal Lobe",G3,Not listed in Medical Record,YES,Midline,NO,NO,NO,NO,NO,Seizures,0 - 30 Days,NO,NO,NO,NO,,NO,,,NO,,,NO,NO,NO,NO,NO,,,NO,,,,,,,,,,TCGA-HT-8106-F32632cfde7285-8d0e-4079-9649-78ae297d9ef3AliveStable Disease3NOTUMOR FREE462012Scheduled Follow-up SubmissionStable DiseaseNONO
Central nervous system,Oligodendroglioma,No,MALE,Alive,-22880,,,14,WHITE,TCGA-HT-8107,HT,8107,f2d3fea5-0d20-42d3-b918-adad715be4ee,No,YES,C71.0,Mar-50,C71.0,NO,YES,0,62,2011,NO,,3,5,2012,NOT HISPANIC OR LATINO,,,"Supratentorial, Parietal Lobe",G2,Not listed in Medical Record,YES,Left,NO,YES,NO,NO,NO,Mental Status Changes,0 - 30 Days,NO,NO,NO,NO,,NO,,,NO,,,NO,YES,NO,NO,NO,,,NO,,,,,,,,,,TCGA-HT-8107-F32633f44397cb-1e2f-4fd5-bda9-d16644b49409AliveStable Disease14NOTUMOR FREE462012Scheduled Follow-up SubmissionStable DiseaseNONO
Central nervous system,Oligodendroglioma,No,FEMALE,Alive,-9539,,,76,WHITE,TCGA-HT-8108,HT,8108,81fb338f-1023-49aa-ac0f-ba763a6cd68c,No,YES,C71.0,Mar-50,C71.0,NO,YES,0,26,2011,NO,,3,5,2012,NOT HISPANIC OR LATINO,,,"Supratentorial, Parietal Lobe",G2,White Matter,NO,Left,YES,NO,YES,NO,NO,Headaches,0 - 30 Days,NO,NO,NO,NO,,NO,,,NO,,,NO,NO,YES,YES,NO,,,NO,,,,,,,,,,TCGA-HT-8108-F326346ba76ca9-870b-4de0-9363-4e242cdf9218AliveStable Disease76NOTUMOR FREE462012Scheduled Follow-up SubmissionStable DiseaseNONO
Central nervous system,Oligodendroglioma,No,MALE,Alive,-23486,,,120,WHITE,TCGA-HT-8109,HT,8109,c7b2833a-9fe8-49f6-b888-2d27b0516f5c,No,YES,C71.0,Mar-51,C71.0,NO,YES,0,64,2011,NO,TUMOR FREE,15,5,2012,HISPANIC OR LATINO,,,"Supratentorial, Frontal Lobe",G3,White Matter,NO,Right,NO,YES,NO,NO,NO,Mental Status Changes,> 181 Days,NO,NO,NO,NO,,NO,,,NO,,,YES,YES,NO,NO,NO,,,NO,,,,,,,,,,TCGA-HT-8109-F45921514C32A7-BD8D-4DE7-BA10-C98DB0C32233YESAlive1692572013Scheduled Follow-up SubmissionYESYES
Central nervous system,Astrocytoma,No,MALE,Alive,-21183,,,143,WHITE,TCGA-HT-8110,HT,8110,ad1c5951-ca93-4102-889b-e28e2bcfea76,No,YES,C71.0,Mar-01,C71.0,NO,YES,0,57,2011,NO,TUMOR FREE,13,5,2012,NOT HISPANIC OR LATINO,,,"Supratentorial, Parietal Lobe",G3,White Matter,NO,Right,YES,YES,YES,NO,NO,Visual Changes,0 - 30 Days,NO,NO,NO,NO,,NO,,,NO,,,,,YES,NO,NO,,,NO,,,,,,,,,TCGA-HT-8110-R326511215bad3-593f-4a27-afeb-7ab48c0960d93281External5940cGy33Primary Tumor FieldNOComplete Response562012,TCGA-HT-8110-F4379415409568-896E-4F94-AC2E-BE7C3DBC2045NOAliveComplete Remission/Response419NOTUMOR FREE2672013Scheduled Follow-up SubmissionComplete Remission/ResponseYES
Central nervous system,Oligoastrocytoma,No,MALE,Alive,-11810,,,7,WHITE,TCGA-HT-8111,HT,8111,975c76cd-f88a-4d88-93a4-fbf2cb9e2e3b,No,YES,C71.0,Mar-82,C71.0,NO,YES,0,32,2011,NO,,17,5,2012,NOT HISPANIC OR LATINO,,,"Supratentorial, Frontal Lobe",G3,White Matter,YES,Left,YES,YES,NO,NO,NO,Seizures,0 - 30 Days,NO,NO,NO,NO,,NO,,,NO,,,NO,YES,,NO,NO,,,,,,,,,,,,,TCGA-HT-8111-F322062b56ed8e-ae5b-40bf-8a4a-78c42163fa48Alive71752012Scheduled Follow-up SubmissionNONOTCGA-HT-8111-F66396FFCC98C8-E7F7-4031-A2FB-951886847383YES14102014Scheduled Follow-up Submission
Central nervous system,Oligodendroglioma,No,FEMALE,Alive,-18173,,,900,BLACK OR AFRICAN AMERICAN,TCGA-HT-8113,HT,8113,9e621541-d603-4d2d-b86e-2834d3b9f9a5,No,YES,C71.0,Mar-50,C71.0,NO,YES,0,49,2006,NO,TUMOR FREE,17,5,2012,NOT HISPANIC OR LATINO,,,"Supratentorial, Frontal Lobe",G2,White Matter,YES,Left,YES,NO,NO,NO,NO,Seizures,0 - 30 Days,YES,NO,NO,NO,,NO,,,NO,,,NO,YES,NO,NO,,,,,,,,,,,,TCGA-HT-8113-D32201af5f47b4-f241-4cbe-8a7b-920f8954e4653474ChemotherapytemodarNOPartial Response1852012TCGA-HT-8113-D322039b6c6140-feb6-420d-914a-2878bb3a53cd159331ChemotherapytemodarNOComplete Response1852012,TCGA-HT-8113-R321993907ace0-66d5-41cc-92aa-4680aa529ada3475EXTERNAL BEAM5400cGy30Primary Tumor FieldADJUVANTNO11752012,TCGA-HT-8113-F321972b8fda2e-0355-4690-bf02-889473499ac5AliveComplete Remission/Response900NOTUMOR FREE1752012Scheduled Follow-up Submission90YESYES102
Central nervous system,Oligoastrocytoma,No,MALE,Alive,-13198,,,118,WHITE,TCGA-HT-8114,HT,8114,0906ddde-02fa-417d-927b-1c400b189cac,No,YES,C71.0,Mar-82,C71.0,NO,YES,0,36,2011,NO,TUMOR FREE,17,5,2012,NOT HISPANIC OR LATINO,,,"Supratentorial, Parietal Lobe",G3,White Matter,NO,Left,YES,YES,YES,NO,YES,Headaches,0 - 30 Days,NO,NO,NO,NO,,NO,,,NO,,,NO,NO,NO,NO,NO,,,,,,,,,,,TCGA-HT-8114-D32195de018a73-b77a-4b82-8378-096ec5e811c33990ChemotherapyTemodarNOComplete Response1852012,TCGA-HT-8114-R32194b8a4a61a-bbd3-4b71-a7cf-b928d3a515643990EXTERNAL BEAM5940cGy33Primary Tumor FieldADJUVANTNO11752012,TCGA-HT-8114-F321963500d078-bcd9-49d3-80f3-e45ea0b4f8c1AliveComplete Remission/Response118NOTUMOR FREE1752011Scheduled Follow-up SubmissionYESYESTCGA-HT-8114-F66394564A8AF9-E231-44BA-BF60-C33A65C09542NOAliveComplete Remission/Response1040NOTUMOR FREE14102014Scheduled Follow-up SubmissionComplete Remission/ResponseYESYES
Central nervous system,Oligodendroglioma,No,FEMALE,Alive,-10950,,,52,WHITE,TCGA-HT-8558,HT,8558,9b288f0e-5155-4736-bc22-e0e801d8b738,No,YES,C71.0,Mar-50,C71.0,NO,YES,0,29,2011,NO,TUMOR FREE,16,7,2013,NOT HISPANIC OR LATINO,,NO,"Supratentorial, Temporal Lobe",G2,Not listed in Medical Record,YES,Left,YES,NO,NO,NO,NO,Seizures,31 - 90 Days,NO,,NO,NO,,NO,,,NO,,,YES,YES,,,,,,,,,,,NO,Complete Remission/Response,NO,,,TCGA-HT-8558-F48474266B3477-20CD-4D75-AE57-3C88CBF676B6YESAliveComplete Remission/Response418NOTUMOR FREE1392013Scheduled Follow-up SubmissionComplete Remission/Response
Central nervous system,Astrocytoma,No,FEMALE,Alive,-11305,,,488,WHITE,TCGA-HT-8563,HT,8563,dd7b23a7-b41b-4670-9fc8-78895fb00cff,No,YES,C71.0,Mar-01,C71.0,NO,YES,0,30,2011,NO,TUMOR FREE,15,7,2013,NOT HISPANIC OR LATINO,,YES,"Supratentorial, Frontal Lobe",G3,Cerebral Cortex,NO,Right,YES,NO,YES,NO,NO,Headaches,0 - 30 Days,,,YES,,> 20 Years,,,,,,,,,,NO,,,,,,,,,NO,Complete Remission/Response,NO,,,TCGA-HT-8563-F6108415AC3DED-B53B-4458-B1E1-E62FF1BFC992NOAliveComplete Remission/Response860NOTUMOR FREE2362014Scheduled Follow-up SubmissionComplete Remission/ResponseNOYES
Central nervous system,Astrocytoma,No,MALE,Alive,-17499,,,478,WHITE,TCGA-HT-8564,HT,8564,f625e522-226b-450f-af94-dd2f5adb605e,No,YES,C71.0,Mar-01,C71.0,NO,YES,0,47,2012,NO,WITH TUMOR,17,7,2013,HISPANIC OR LATINO,Post-Adjuvant Therapy,YES,"Supratentorial, Temporal Lobe",G3,Not listed in Medical Record,NO,Left,NO,YES,NO,NO,NO,Mental Status Changes,> 181 Days,NO,NO,NO,NO,,NO,,,NO,,,,,NO,NO,,,,,,80,,,YES,Progressive Disease,YES120YES120YESYES,NOTCGA-HT-8564-D46310A467D99D-A6A9-47BA-9227-A7A5A32D15EF13135ChemotherapyTemodarNOClinical Progressive Disease582013NOTCGA-HT-8564-D48471D4B869E8-9EF1-4643-A4AA-808180CF2CC5184Targeted Molecular therapyAvastinComplete Response1392013NOTCGA-HT-8564-D48472931B1FAA-BED3-4C58-99D3-EE734B75C3C3184ChemotherapyCeeNU1392013,TCGA-HT-8564-R4630906B2F41D-0BFC-40F1-ADF3-FB40E1C7F44335128External5940cGy33Primary Tumor FieldNORadiographic Progressive Disease582013,TCGA-HT-8564-F48467E21930D3-7A78-4345-8CBE-0D4C8D4330C9NOAliveProgressive Disease478YES120WITH TUMORYESNO1392013Scheduled Follow-up SubmissionProgressive DiseaseYESNO
Central nervous system,Astrocytoma,No,FEMALE,Alive,-20296,,,7,WHITE,TCGA-HT-A4DS,HT,A4DS,6D020185-BDDE-4C43-9E38-71C6ED0C13D1,No,YES,C71.0,Mar-01,C71.0,NO,YES,0,55,2012,NO,TUMOR FREE,28,2,2013,NOT HISPANIC OR LATINO,,,"Supratentorial, Temporal Lobe",G3,Not listed in Medical Record,YES,Right,NO,NO,NO,YES,NO,Seizures,0 - 30 Days,,NO,,,,,,,,,,YES,YES,YES,NO,NO,,,,,,,,,,,,,TCGA-HT-A4DS-F61277C66CB3E0-E464-481A-97B0-E841FA6F9560YES2662014Scheduled Follow-up Submission
Central nervous system,Oligodendroglioma,No,FEMALE,Alive,-18799,,,319,WHITE,TCGA-HT-A4DV,HT,A4DV,274496D6-0A9B-45CA-876F-B91F7277963C,No,YES,C71.0,Mar-51,C71.0,NO,YES,0,51,2012,NO,TUMOR FREE,27,2,2013,NOT HISPANIC OR LATINO,Post-Adjuvant Therapy,YES,"Supratentorial, Frontal Lobe",G3,White Matter,YES,Left,NO,NO,YES,NO,NO,Seizures,31 - 90 Days,,,,,,,,,,,,YES,YES,YES,NO,NO,,,,,90,,14,YES,Complete Remission/Response,NO,NOTCGA-HT-A4DV-D483782C642F10-B652-4553-8D9C-53D492BB6A6B4288ChemotherapyTemodarNOComplete Response1292013NOTCGA-HT-A4DV-D61276D99F0E38-B007-4A0A-925D-2A5F6BDEFA73133291ChemotherapyTemodarNOPartial Response2662014,TCGA-HT-A4DV-R48373FE088D4E-2536-439D-BB21-00DE71F972AB4288External5940cGy33Primary Tumor FieldNOComplete Response1292013,TCGA-HT-A4DV-F6127423007965-2DBF-464E-8178-F906CF6DAF4BNOAlivePartial Remission/Response792NOTUMOR FREE2662014Scheduled Follow-up SubmissionYESYES
Central nervous system,Oligodendroglioma,No,FEMALE,Alive,-12403,,,4,WHITE,TCGA-HT-A5R5,HT,A5R5,618F2AA7-D1B6-430D-A157-D3D956EDEFBE,No,YES,C71.0,Mar-50,C71.0,NO,YES,0,33,2012,NO,TUMOR FREE,26,7,2013,HISPANIC OR LATINO,,,"Supratentorial, Temporal Lobe",G2,Not listed in Medical Record,YES,Left,,NO,NO,NO,YES,Seizures,31 - 90 Days,,,,,,,,,,,,,,NO,NO,,,,,,,,,,Complete Remission/Response,,,,TCGA-HT-A5R5-F610852FAA740F-0E6E-4FF6-87E2-57DB5C9FB215YESAlive42362014Scheduled Follow-up Submission
Central nervous system,Astrocytoma,No,FEMALE,Alive,-12092,,,426,WHITE,TCGA-HT-A5R7,HT,A5R7,7E41BABA-7EF6-4030-B595-D95CD96336B5,No,YES,C71.0,Mar-01,C71.0,NO,YES,0,33,2012,NO,TUMOR FREE,18,11,2013,NOT HISPANIC OR LATINO,Post-Adjuvant Therapy,YES,"Supratentorial, Parietal Lobe",G3,Not listed in Medical Record,YES,Right,NO,NO,NO,NO,YES,Seizures,0 - 30 Days,,,,,,,,,,,,,YES,YES,NO,YES,,,,,90,,,YES,Complete Remission/Response,NO,NOTCGA-HT-A5R7-D513887FAB670A-73A4-4F32-9271-75849742F9B310ChemotherapyTemodarYES18112013,TCGA-HT-A5R7-R513873294C637-55F2-4773-AD1D-E6055C9CB3AB1064External5940cGy33Primary Tumor FieldNOComplete Response18112013,TCGA-HT-A5R7-F6108697459042-6A51-4558-A406-4929D88A3877NOAliveComplete Remission/Response615NOTUMOR FREE2362014Scheduled Follow-up SubmissionComplete Remission/ResponseYESYES
Central nervous system,Oligodendroglioma,No,FEMALE,Alive,-17775,,,2,WHITE,TCGA-HT-A5R9,HT,A5R9,E117FCF4-2C01-4B4D-8FAF-5DE7D0E839F1,No,YES,C71.0,Mar-51,C71.0,NO,YES,0,48,2012,NO,,11,9,2013,NOT HISPANIC OR LATINO,,,"Supratentorial, Frontal Lobe",G3,Not listed in Medical Record,YES,Right,NO,NO,NO,NO,NO,Seizures,0 - 30 Days,NO,NO,NO,NO,,,,,,,,,,NO,NO,NO,,,,,,,,,,,,,TCGA-HT-A5R9-F61080DF228E29-7F1C-4322-B95A-3EF860B0AAE7YES2662014Scheduled Follow-up Submission
Central nervous system,Astrocytoma,No,FEMALE,Alive,-23769,,,447,WHITE,TCGA-HT-A5RA,HT,A5RA,5A2D3BFA-4BDD-417D-9796-E3699760114C,No,YES,C71.0,Mar-01,C71.0,NO,YES,0,65,2012,NO,WITH TUMOR,5,8,2013,NOT HISPANIC OR LATINO,Post-Adjuvant Therapy,YES,"Supratentorial, Temporal Lobe",G3,Not listed in Medical Record,YES,Right,NO,NO,NO,NO,NO,Seizures,31 - 90 Days,NO,NO,NO,NO,,NO,,,NO,,,,,YES,NO,,,,,,70,,244,YES,Partial Remission/Response,NO,NOTCGA-HT-A5RA-D463082A957B8F-61B9-4634-A9CE-D22F4F67B07413235ChemotherapyTemodarNOPartial Response582013,TCGA-HT-A5RA-R46306DFDCD236-77C2-4159-9B4C-73D98A5DEEEA2268External5940cGy33Primary Tumor FieldNOPartial Response582013,TCGA-HT-A5RA-F612635FEE73BB-44AB-4D22-A1BA-6156B2D76DA4NOAlivePartial Remission/Response832NO2662014Scheduled Follow-up SubmissionPartial Remission/ResponseYESYES
Central nervous system,Astrocytoma,No,MALE,Alive,-8820,,,3,WHITE,TCGA-HT-A5RB,HT,A5RB,04D56BED-98FB-45EB-8C90-95E69264DFE2,No,YES,C71.0,Mar-00,C71.0,NO,YES,0,24,2011,NO,,11,9,2013,HISPANIC OR LATINO,,,"Supratentorial, Frontal Lobe",G2,Not listed in Medical Record,YES,Right,NO,NO,NO,NO,NO,Seizures,0 - 30 Days,NO,NO,NO,NO,,,,,,,,NO,YES,NO,NO,,,,,,,,,,,,,,TCGA-HT-A5RB-F61266B068D2BC-9208-4B9A-B376-41AC8695869DYES2662014Scheduled Follow-up Submission
Central nervous system,Astrocytoma,No,FEMALE,Dead,-25772,,162,,WHITE,TCGA-HT-A5RC,HT,A5RC,8655FA51-D784-4F8D-9BC8-F1DA7303D22F,No,YES,C71.0,Mar-01,C71.0,NO,YES,0,70,2012,NO,WITH TUMOR,29,7,2013,NOT HISPANIC OR LATINO,Post-Adjuvant Therapy,YES,"Supratentorial, Frontal Lobe",G3,Not listed in Medical Record,NO,Left,NO,YES,NO,NO,YES,Mental Status Changes,0 - 30 Days,,,,,,,,,,,,,,NO,NO,,,,,,40,,,YES,Progressive Disease,NO,NOTCGA-HT-A5RC-D559667A0FFB90-CF53-43F0-828E-76B39D3E3FF23498ChemotherapyTemodarNOClinical Progressive Disease2212014,TCGA-HT-A5RC-R559652778410A-43B0-4303-8FD4-62B3E4E5A3A43498External5940cGy33Primary Tumor FieldNORadiographic Progressive Disease2212014,
Central nervous system,Oligoastrocytoma,No,MALE,Alive,-17392,,,82,WHITE,TCGA-HT-A614,HT,A614,001AD307-4AD3-4F1D-B2FC-EFC032871C7E,No,YES,C71.0,Mar-82,C71.0,NO,YES,0,47,2013,NO,WITH TUMOR,18,9,2013,NOT HISPANIC OR LATINO,,,"Supratentorial, Not Otherwise Specified",G2,Not listed in Medical Record,YES,Right,YES,YES,NO,YES,YES,Headaches,> 181 Days,,,,,,,,,,,,,YES,,,,,,,,,,,,Partial Remission/Response,,,,TCGA-HT-A614-F6108795D27036-BB79-48BF-96AE-459308B69896YESAlivePartial Remission/Response82WITH TUMOR2362014Scheduled Follow-up SubmissionPartial Remission/Response
Central nervous system,Oligodendroglioma,No,FEMALE,Alive,-13892,,,396,WHITE,TCGA-HT-A615,HT,A615,E89F7631-FDAC-4BE9-9997-70E400EFDC04,No,YES,C71.0,Mar-50,C71.0,NO,YES,0,38,2012,NO,WITH TUMOR,5,8,2013,NOT HISPANIC OR LATINO,Post-Adjuvant Therapy,YES,"Supratentorial, Temporal Lobe",G2,Not listed in Medical Record,YES,Left,NO,NO,NO,NO,NO,Seizures,0 - 30 Days,NO,NO,,,,,,,,,,,,YES,NO,,,,,,90,,271,NO,Complete Remission/Response,NO,,TCGA-HT-A615-R463018463B71E-893B-4540-9FA9-8E61374D5914227271External5940cGy33Primary Tumor FieldNOPartial Response582013,TCGA-HT-A615-F6126839689D3E-FECE-4F37-9C29-BA7F4A31A4E0NOAliveComplete Remission/Response515NOTUMOR FREE2662014Scheduled Follow-up SubmissionComplete Remission/ResponseNOYESTCGA-HT-A615-F664020BBC8CDA-183D-4CC2-9F38-CB22547CC40DNOAliveComplete Remission/Response515NOTUMOR FREE14102014Scheduled Follow-up SubmissionComplete Remission/ResponseNOYES
Central nervous system,Astrocytoma,No,FEMALE,Alive,-13222,,,55,WHITE,TCGA-HT-A616,HT,A616,D43581A5-3D49-4263-862B-CA99D15EC03D,No,YES,C71.0,Mar-00,C71.0,NO,YES,0,36,2013,NO,,5,8,2013,NOT HISPANIC OR LATINO,,NO,"Supratentorial, Frontal Lobe",G2,Not listed in Medical Record,YES,Left,NO,NO,NO,NO,NO,Seizures,31 - 90 Days,NO,NO,NO,NO,,,,,NO,,,,,YES,NO,,,,,,,,,NO,,,,,TCGA-HT-A616-F612707B48D813-C3AE-4B87-8F6C-A51608B54A9CYES2662014Scheduled Follow-up Submission
Central nervous system,Oligodendroglioma,No,MALE,Alive,-17331,,,491,AMERICAN INDIAN OR ALASKA NATIVE,TCGA-HT-A617,HT,A617,E0F8E70A-AC91-4D3C-806C-BA9C14ED43AB,No,YES,C71.0,Mar-50,C71.0,NO,YES,0,47,2010,NO,,11,9,2013,,Post-Adjuvant Therapy,,"Supratentorial, Not Otherwise Specified",G2,Not listed in Medical Record,YES,Right,NO,NO,NO,NO,NO,Seizures,31 - 90 Days,NO,NO,NO,NO,,,,,,,,NO,YES,NO,NO,NO,,,,,60,,486,,Progressive Disease,YES395YES395,,,TCGA-HT-A617-F6127223ADCEC6-9F03-452C-9517-F9850B8B7E50YES2662014Scheduled Follow-up Submission
Central nervous system,Astrocytoma,No,FEMALE,Alive,-13595,,,162,WHITE,TCGA-HT-A618,HT,A618,A4E2E507-7DDF-43DF-B959-FE451971AF1E,No,YES,C71.0,Mar-01,C71.0,NO,YES,0,37,2013,NO,,11,9,2013,NOT HISPANIC OR LATINO,Pre-Adjuvant Therapy,YES,"Supratentorial, Temporal Lobe",G3,Not listed in Medical Record,,,NO,YES,NO,YES,YES,Mental Status Changes,0 - 30 Days,,,,,,,,,,,,,,NO,NO,,,,,,80,,62,YES,,NO,NOTCGA-HT-A618-D48309AB2785F9-9744-4CE6-A919-C7229D9F7AD6110ChemotherapyTemodarYES1192013,TCGA-HT-A618-R4830842129F8B-AE93-4E1B-B19D-D857A93D21214085External5040cGy28Primary Tumor FieldNOPartial Response1192013,TCGA-HT-A618-F61273432C2426-FAE1-426A-A632-1DEE41F4A197NOAliveComplete Remission/Response512NOTUMOR FREE2662014Scheduled Follow-up SubmissionComplete Remission/ResponseNONO
Central nervous system,Oligodendroglioma,"Yes, History of Prior Malignancy",FEMALE,Alive,-18857,,,434,ASIAN,TCGA-HT-A619,HT,A619,C13BAC88-C85B-4EE3-A51C-FD503CD7E726,"Yes, Radiation Prior to Resection",YES,C71.0,Mar-51,C71.0,NO,YES,0,51,2012,YES,TUMOR FREE,22,4,2014,NOT HISPANIC OR LATINO,Preoperative,NO,"Supratentorial, Frontal Lobe",G3,Not listed in Medical Record,NO,Left,NO,NO,NO,NO,YES,Motor/Movement Changes,0 - 30 Days,,,,,,,,,,,,,,,,,,,,,,,,YES,Complete Remission/Response,NO,NOTCGA-HT-A619-D587414547018B-20B4-4A95-979B-A37634FD704119443ChemotherapyTemodarNOComplete Response2242014,,TCGA-HT-A619-F651111894921C-DB1C-4358-82CC-1BAA88E2D242NOAliveComplete Remission/Response587NOTUMOR FREE1892014Scheduled Follow-up SubmissionComplete Remission/ResponseYESNOTCGA-HT-A619-F66412618DA79F-9384-4DA9-86C4-137ED0EF6FCCNOAliveComplete Remission/Response651NOTUMOR FREE14102014Scheduled Follow-up SubmissionComplete Remission/ResponseYESNO
Central nervous system,Oligodendroglioma,No,FEMALE,Alive,-7664,,,194,WHITE,TCGA-HT-A61A,HT,A61A,EFFB5839-24A2-4B8C-8B6D-08CB66503D16,No,YES,C71.0,Mar-50,C71.0,NO,YES,0,20,2013,NO,TUMOR FREE,18,9,2013,NOT HISPANIC OR LATINO,Other,YES,"Supratentorial, Temporal Lobe",G2,Not listed in Medical Record,YES,Left,NO,NO,NO,NO,NO,Seizures,31 - 90 Days,,,,,,,,,,,,,YES,,NO,,,,,,80,,,YES,Complete Remission/Response,,NOTCGA-HT-A61A-D55964D5FD6C40-BDE5-4B92-85B8-26D505579FC452ChemotherapyTemodarYES2212014,TCGA-HT-A61A-R559635D8F40F7-94BB-4D8F-955A-5E896B93EE5252104External5940cGy33Primary Tumor FieldNOPartial Response2212014,
Central nervous system,Astrocytoma,No,MALE,Alive,-8335,,,225,WHITE,TCGA-HT-A61B,HT,A61B,CF2A1B98-5693-4C04-9167-F85E69A88A4A,No,YES,C71.0,Mar-01,C71.0,NO,YES,0,22,2012,NO,TUMOR FREE,13,9,2013,NOT HISPANIC OR LATINO,Post-Adjuvant Therapy,YES,"Supratentorial, Temporal Lobe",G3,Not listed in Medical Record,YES,Left,NO,YES,NO,NO,NO,Seizures,0 - 30 Days,,,,,,,,,,,,,YES,NO,NO,,,,,,80,,,YES,Complete Remission/Response,NO,NOTCGA-HT-A61B-D48470F865162E-9AF6-4DD6-9974-B16488CE6DEF36ChemotherapyTemodarYES1392013,TCGA-HT-A61B-R48469DD860742-2FF5-4196-ACAC-51E77F6827033667External5940cGy33Primary Tumor FieldNOComplete Response22112013,TCGA-HT-A61B-F613050DC07C0A-686E-4E73-847A-A5B80614CC2CNOAliveComplete Remission/Response533NOTUMOR FREE2662014Scheduled Follow-up SubmissionComplete Remission/ResponseYESYES
Central nervous system,Oligodendroglioma,No,MALE,Alive,-24276,,,103,WHITE,TCGA-HT-A61C,HT,A61C,77396AE6-3838-47BF-AAAE-F9A0F401EC7F,No,YES,C71.0,Mar-51,C71.0,NO,YES,0,66,2013,NO,TUMOR FREE,12,9,2013,NOT HISPANIC OR LATINO,Post-Adjuvant Therapy,YES,"Supratentorial, Temporal Lobe",G3,Not listed in Medical Record,YES,Left,NO,NO,NO,NO,YES,Motor/Movement Changes,0 - 30 Days,NO,NO,NO,NO,,NO,,,NO,,,YES,YES,YES,,,,,,,100,,19,YES,Complete Remission/Response,,NOTCGA-HT-A61C-D484576B1BF855-0160-41D2-B553-3B5D84D7E0B127ChemotherapyTemodarComplete Response22112013,TCGA-HT-A61C-R484215283D094-50A3-4497-8531-F1D7550918942769External5857cGy33Primary Tumor FieldNOComplete Response22112013,TCGA-HT-A61C-F613062E264C8E-9312-48F4-A62B-9F307834DE3ENODeadComplete Remission/Response537YES476YES501WITH TUMOR1572014Scheduled Follow-up SubmissionProgressive DiseaseYESYES
Central nervous system,Astrocytoma,No,MALE,Alive,-22850,,,74,WHITE,TCGA-HT-A74H,HT,A74H,FDFF46A7-F92A-45CF-8756-6C73A406C923,No,YES,C71.0,Mar-01,C71.0,NO,YES,0,62,2013,NO,,18,11,2013,NOT HISPANIC OR LATINO,,YES,"Supratentorial, Temporal Lobe",G3,Not listed in Medical Record,YES,Left,NO,YES,NO,NO,NO,Seizures,> 181 Days,NO,NO,NO,NO,,NO,,,NO,,,NO,YES,NO,NO,NO,,,,,,,,YES,Stable Disease,,NOTCGA-HT-A74H-D51383FC0A8270-87F3-4552-B3F8-8F8583FB636D28ChemotherapyTemodar18112013,TCGA-HT-A74H-R51382F06C3A7D-5B98-4F3B-B2BD-32D10EBAE43F2873External5940cGy33Primary Tumor FieldNOPartial Response18112013,TCGA-HT-A74H-F65103C589DB9D-7A32-4BAC-B664-393197975B6AYES1892014Scheduled Follow-up Submission
Central nervous system,Oligoastrocytoma,No,MALE,Alive,-12393,,,320,WHITE,TCGA-HT-A74J,HT,A74J,1A20F675-D9BB-48B0-A49F-D52270BD8973,No,YES,C71.0,Mar-82,C71.0,NO,YES,0,33,2013,NO,,26,6,2014,NOT HISPANIC OR LATINO,,NO,"Supratentorial, Temporal Lobe",G2,Cerebral Cortex,YES,Left,YES,NO,NO,NO,YES,Seizures,0 - 30 Days,,,,,,,,,,,,,YES,,,YES,IHC,YES,,,,,,NO,Partial Remission/Response,NO,,,
Central nervous system,Oligodendroglioma,No,FEMALE,Alive,-21189,,,467,WHITE,TCGA-HT-A74K,HT,A74K,A3BE4E6F-C845-4D64-8111-D63FDF8CC8F1,No,YES,C71.0,Mar-51,C71.0,NO,YES,0,58,2012,NO,TUMOR FREE,26,6,2014,NOT HISPANIC OR LATINO,,YES,"Supratentorial, Frontal Lobe",G3,Cerebral Cortex,YES,Right,NO,NO,NO,NO,NO,Seizures,> 181 Days,,,,,,,,,,,,,,,,,,,,,,,,YES,Complete Remission/Response,NO,NOTCGA-HT-A74K-D65341EF15302A-0D4E-4223-A024-900520E4DC3935277ChemotherapytemodarNOComplete Response27102014,TCGA-HT-A74K-R65334F3FB5023-AD5D-4B2A-B464-63F7BBB7CF3F3579External5940cGy42Primary Tumor FieldNOComplete Response27102014,
Central nervous system,Oligoastrocytoma,No,FEMALE,Alive,-8240,,,336,WHITE,TCGA-HT-A74L,HT,A74L,559A8F6F-DD60-43B7-AE09-16CC4206064C,No,YES,C71.0,Mar-82,C71.0,NO,YES,0,22,2013,NO,WITH TUMOR,26,6,2014,NOT HISPANIC OR LATINO,Pre-Adjuvant Therapy,,"Supratentorial, Parietal Lobe",G2,Cerebral Cortex,YES,Right,NO,NO,NO,NO,YES,Seizures,31 - 90 Days,NO,NO,NO,NO,,NO,,,NO,,,,,YES,NO,YES,IHC,YES,,,90,,,,Partial Remission/Response,NO,,,TCGA-HT-A74L-F65345BFEB1178-726D-45D5-AB56-3FDD3EFDDB72NOAlivePartial Remission/Response336NOWITH TUMOR2292014Scheduled Follow-up SubmissionPartial Remission/Response
Central nervous system,Astrocytoma,No,MALE,Alive,-12460,,,3,WHITE,TCGA-HT-A74O,HT,A74O,723CAD09-AA2D-4492-B19D-661B310E1C58,No,YES,C71.0,Mar-01,C71.0,NO,YES,0,34,2013,NO,,18,11,2013,NOT HISPANIC OR LATINO,,,"Supratentorial, Temporal Lobe",G3,Not listed in Medical Record,NO,Left,YES,NO,YES,YES,YES,Headaches,> 181 Days,NO,NO,NO,NO,,NO,,,NO,,,NO,YES,NO,NO,NO,,,,,,,,,,,,,TCGA-HT-A74O-F63075C0524DA4-BB43-462B-A48C-783387D53A16YES3072014Scheduled Follow-up Submission
Central nervous system,Oligodendroglioma,No,MALE,Alive,-13546,,,609,WHITE,TCGA-HW-7486,HW,7486,55a67639-ed05-4143-af96-a377bc5489ee,No,YES,C71.0,Mar-50,C71.0,,,0,37,2010,NO,WITH TUMOR,6,1,2012,NOT HISPANIC OR LATINO,,,"Supratentorial, Frontal Lobe",G2,White Matter,YES,Right,,,,,,,,,,,,,,,,,,,NO,,,,NO,,,,,,,,,,,5/28 - schedule which indicates 5 days out of 28 day cycleTCGA-HW-7486-D201865d850c60-70ae-4855-bbff-84de40f0e806150-200mg/m2666216ChemotherapyTemozolomideADJUVANTPONO612012,,TCGA-HW-7486-F2018548f7ad8a-519d-4053-9a38-8e9b7d4fcfdcAliveStable Disease609NOWITH TUMOR612012Scheduled Follow-up SubmissionYESNOTCGA-HW-7486-F35024DBB8C9BE-873B-43D2-8DF5-9DC46E331D0FNOAliveStable Disease910NOWITH TUMOR1392012Scheduled Follow-up SubmissionStable DiseaseYESNOTCGA-HW-7486-F63120D7EDBF5B-0DD3-42F7-9CFD-B0492BFE51D5NOAliveStable Disease1491NOWITH TUMOR3172014Scheduled Follow-up SubmissionStable DiseaseYESNOTCGA-HW-7486-F71504F5635761-4654-43F5-B0E7-31D406CFDC05NOAliveStable Disease1721NOTUMOR FREE3132015Scheduled Follow-up SubmissionStable DiseaseYESNO
Central nervous system,Oligodendroglioma,No,MALE,Alive,-14535,,,409,WHITE,TCGA-HW-7487,HW,7487,42251e02-b687-4bf1-a1b6-e3dd978542e4,No,YES,C71.0,Mar-50,C71.0,,,0,39,2010,NO,WITH TUMOR,6,1,2012,NOT HISPANIC OR LATINO,,,"Supratentorial, Frontal Lobe",G2,White Matter,YES,Left,,,,,,,,,,,,,,,,,,,YES,,,,NO,,,,,,,,,,,"5/28 - schedule which represents 5 days out of 28 day cycleTCGA-HW-7487-D202026d1d19fa-d658-4a97-9952-de04f72f0901150-200mg/m21227409ChemotherapyTemozolomideOTHER, SPECIFY IN NOTESPost-operativePONO612012NOTCGA-HW-7487-D63125ADA2D780-8EDD-4328-9BD3-D4323E1B67399481249ChemotherapyLomustineNOClinical Progressive Disease3172014NOTCGA-HW-7487-D72474824F45F9-53CE-48F8-A4D6-FAD259E3FAFD9601295ChemotherapyVincristine (sulfate)NOClinical Progressive Disease1772015NOTCGA-HW-7487-D72475D01410E1-56B4-427D-A561-FBA14BA9B3569601236ChemotherapyProcarbazineNOClinical Progressive Disease1772015NOTCGA-HW-7487-D7254965601EF1-0D8A-43A0-9CB4-1AB501AC127A13861417ChemotherapyTemozolomideNOClinical Progressive Disease1772015NOTCGA-HW-7487-D72550D635FD4C-B6F3-40B4-8CBC-609ECE0940DA1570ChemotherapyCarboplatinYES1772015NOTCGA-HW-7487-D725517D4EF79D-D7F3-4AC2-9A12-B4F0FC76E5611570ChemotherapyBevacizumabYES1772015",TCGA-HW-7487-R63124E5769314-5E17-4BF3-9E7E-91F1DFC82399871930External60GyPrimary Tumor FieldNORadiographic Progressive Disease3172014,TCGA-HW-7487-F20201fed2e776-d255-4c8e-9e91-4ee791cb1db0AliveProgressive Disease409NOWITH TUMOR612012Scheduled Follow-up SubmissionYESNOTCGA-HW-7487-F35025484967C5-7342-4CFD-98DD-641422377DC2NOAliveProgressive Disease605NOWITH TUMOR1392012Scheduled Follow-up SubmissionStable DiseaseYESNOTCGA-HW-7487-F6312256D5D5E3-5EEA-461C-BE0B-B08D8DB4C335NOAliveProgressive Disease1382YES840WITH TUMORYESYES3172014Scheduled Follow-up SubmissionProgressive DiseaseYESNOTCGA-HW-7487-F63127AE0192F7-FC2F-4C56-BA5B-DC0F6810D570NOAliveProgressive Disease1382YES1356WITH TUMORYESNO3172014Additional New Tumor EventYESNO
Central nervous system,Oligoastrocytoma,No,MALE,Alive,-14201,,,142,WHITE,TCGA-HW-7489,HW,7489,6957d45e-7ccb-457d-800d-c2a2037f4f01,No,YES,C71.0,Mar-82,C71.0,,,0,38,2011,NO,WITH TUMOR,6,1,2012,NOT HISPANIC OR LATINO,,,"Supratentorial, Frontal Lobe",G2,White Matter,YES,Right,,,,,,,,,,,,,,,,,,,YES,,,,YES,Sequence Analysis,YES,,,,,,,,,,,TCGA-HW-7489-F350261835F398-B5D0-411D-9C1E-EBB92CE834F2NOAliveProgressive Disease253NOWITH TUMOR1392012Scheduled Follow-up SubmissionStable DiseaseNONOTCGA-HW-7489-F65183216272E2-7AFF-4905-8D53-6ECF53800403NODeadProgressive Disease1262NOWITH TUMOR1992014Scheduled Follow-up SubmissionNONO
Central nervous system,Astrocytoma,Yes,MALE,Alive,-15092,,,165,WHITE,TCGA-HW-7490,HW,7490,c3c41fd2-f0d7-4f46-9e18-cce4626538c2,No,YES,C71.0,Mar-00,C71.0,,,0,41,2011,NO,WITH TUMOR,6,1,2012,NOT HISPANIC OR LATINO,,,"Supratentorial, Occipital Lobe",G2,White Matter,NO,Left,,,,,,,,,,,,,,,,,,,NO,,,,YES,,YES,,,,,,,,,,,TCGA-HW-7490-F35029367CE251-0386-40B4-814D-F8841ED31E36NOAliveProgressive Disease585NOWITH TUMOR1392012Scheduled Follow-up SubmissionStable DiseaseNONOTCGA-HW-7490-F7151533DD8C64-D014-4180-A302-7B74A4ACC84ENOAliveProgressive Disease1387NOWITH TUMOR3132015Scheduled Follow-up SubmissionProgressive DiseaseNONO
Central nervous system,Oligodendroglioma,No,MALE,Alive,-12874,,,854,WHITE,TCGA-HW-7491,HW,7491,a85fdb41-24c1-420d-8905-ec297f018bd9,No,YES,C71.0,Mar-50,C71.0,,,0,35,2009,NO,WITH TUMOR,6,1,2012,,,,"Supratentorial, Frontal Lobe",G2,White Matter,NO,Right,,,,,,,,,,,,,,,,,,,NO,,,,NO,,,,,,,,,,,NOTCGA-HW-7491-D3501599E72303-B1BF-46BF-8A48-3180B3E1CB461011ChemotherapyTemozolomideYES1392012,,TCGA-HW-7491-F348863D8DE6B6-8CA8-42B6-839E-872D70DE2BF0NOAliveProgressive Disease1222NOWITH TUMOR1392012Scheduled Follow-up SubmissionStable DiseaseYESNOTCGA-HW-7491-F7151090E70DEF-3F70-4CD0-A7E2-39D61B6E79D8NOAliveProgressive Disease2078YES2197WITH TUMORNONO3132015Scheduled Follow-up SubmissionYESNO
Central nervous system,Astrocytoma,No,FEMALE,Alive,-14767,,,285,WHITE,TCGA-HW-7493,HW,7493,debe24c5-e4df-4e80-82f6-8f40395aa9e6,No,YES,C71.0,Mar-00,C71.0,,,0,40,2009,NO,WITH TUMOR,6,1,2012,NOT HISPANIC OR LATINO,,,"Supratentorial, Temporal Lobe",G2,White Matter,YES,Right,,,,,,,,,,,,,,,,,,,YES,,,,NO,,,,,,,,,,,,TCGA-HW-7493-R71517B1DADA56-0E9C-4FD8-9E5A-2D9E0A90ABC816321662External54GyRegional siteNOStable Disease3132015,TCGA-HW-7493-F35016EFA1541F-1FFB-4C8F-A466-BEEE014AD078NOAliveStable Disease1092NOWITH TUMOR1392012Scheduled Follow-up SubmissionNONOTCGA-HW-7493-F715163E1B09AB-B76A-4AF0-B24B-3F3B4B113EC0NOAliveStable Disease2107NO3132015Scheduled Follow-up SubmissionStable DiseaseNOYES
Central nervous system,Oligodendroglioma,No,FEMALE,Alive,-16460,,,13,WHITE,TCGA-HW-7495,HW,7495,49967a57-7c12-46bb-8d71-cebbb17c9935,No,YES,C71.0,Mar-50,C71.0,,,0,45,2011,NO,WITH TUMOR,6,1,2012,NOT HISPANIC OR LATINO,,,"Supratentorial, Frontal Lobe",G2,White Matter,YES,Right,,,,,,,,,,,,,,,,,,,NO,,,,NO,,,,,,,,,,,,,TCGA-HW-7495-F35030C77C5E98-BFD4-4143-80F2-88510E5479B1NOAliveProgressive Disease131NOWITH TUMOR1392012Scheduled Follow-up SubmissionStable DiseaseNONOTCGA-HW-7495-F66931D0AEF044-2D9B-4D18-9BAE-026917A7332CNOAliveProgressive Disease1078NOWITH TUMOR28102014Scheduled Follow-up SubmissionProgressive DiseaseNONO
Central nervous system,Astrocytoma,No,FEMALE,Alive,-12557,,,262,WHITE,TCGA-HW-8319,HW,8319,bc3b4816-df1d-44ed-a8c6-f32c8e011a1f,No,YES,C71.0,Mar-01,C71.0,YES,NO,0,34,2011,NO,WITH TUMOR,30,8,2012,NOT HISPANIC OR LATINO,,YES,"Supratentorial, Frontal Lobe",G3,,NO,Left,,,,,,,,,,,,,,,,,,,NO,,,,,,,,,,,,YES,Partial Remission/Response,NO,NOTCGA-HW-8319-D347794FE29BAD-2AE2-4747-BFE9-468975720AA02366ChemotherapyTemozolomideNOStable Disease3082012NOTCGA-HW-8319-D347806A4BBC1C-240E-4B7D-8F16-6D8A134AF5B794ChemotherapyTemozolomideYES3082012NOTCGA-HW-8319-D71531CB111AD6-332F-4C3D-B711-E62ADD0567B910281058ChemotherapyTemozolomideNOPartial Response3132015NOTCGA-HW-8319-D715334B6291A6-31E5-49D0-8852-72FFAD18508910581150ChemotherapyBevacizumabNOPartial Response3132015NOTCGA-HW-8319-D71534E73AFB4E-639F-42E1-B35E-06C19A05328F10891150ChemotherapyLomustineNO3132015,TCGA-HW-8319-R347781D629E41-1C65-45F0-B812-033EB34481A12366External6000cGy30Regional siteNOStable Disease3082012,TCGA-HW-8319-F34777812C654C-B01A-43C0-A41B-AFA0375F91A8NOAliveProgressive Disease262NOWITH TUMOR3082012Scheduled Follow-up SubmissionStable DiseaseYESYESTCGA-HW-8319-F4867753A20085-ECCB-4CC2-8F29-B0D6FDB7FEACNOAliveProgressive Disease660NOWITH TUMOR1992013Scheduled Follow-up SubmissionProgressive DiseaseYESYESTCGA-HW-8319-F7152661A5091C-7B98-4198-A87C-28DD46553F6DNODeadProgressive Disease1209YES997WITH TUMORYESNO3132015Scheduled Follow-up SubmissionYESYES
Central nervous system,Astrocytoma,No,MALE,Alive,-13503,,,272,WHITE,TCGA-HW-8320,HW,8320,e3ed0c19-6acc-4be1-aae2-73fe73cc9f24,No,YES,C71.0,Mar-01,C71.0,YES,NO,0,36,2011,NO,WITH TUMOR,30,8,2012,NOT HISPANIC OR LATINO,,YES,"Supratentorial, Parietal Lobe",G3,,YES,Right,,,,,,,,,,,,,,,,,,,YES,,,,YES,Sequence Analysis,,,,,,,YES,Stable Disease,NO,NOTCGA-HW-8320-D34767BEE59C80-7266-4C1A-A9C0-6C3017ED95BA67108ChemotherapyTemozolomideNOStable Disease3082012NOTCGA-HW-8320-D347716CF845A9-2AC6-43D1-ABB0-C4B622F023BD149ChemotherapyTemozolomideYES3082012,TCGA-HW-8320-R347642CBF0102-3D8E-415B-8786-E01847D72C5F68109External6000cGy30Primary Tumor FieldNOStable Disease3082012,TCGA-HW-8320-F34759D8785593-0534-4B18-B285-E538D4F973B1NOAliveStable Disease272NOWITH TUMOR3082012Scheduled Follow-up SubmissionStable DiseaseYESYESTCGA-HW-8320-F486799584C9D2-E6B6-4DF4-8F6E-0356B155863ANOAliveStable Disease657NOWITH TUMOR1992013Scheduled Follow-up SubmissionStable DiseaseYESYESTCGA-HW-8320-F7152296C444FF-7B7E-4C52-B276-F38E9E7A636BNOAliveStable Disease1217NO3132015Scheduled Follow-up SubmissionStable DiseaseYESYES
Central nervous system,Astrocytoma,No,MALE,Alive,-11474,,,17,WHITE,TCGA-HW-8321,HW,8321,36cf458b-3c8e-48e7-92ab-aea1c698e417,No,YES,C71.0,Mar-00,C71.0,YES,NO,0,31,2011,NO,WITH TUMOR,30,8,2012,NOT HISPANIC OR LATINO,,NO,"Supratentorial, Frontal Lobe",G3,,NO,Left,,,,,,,,,,,,,,,,,,,YES,,,,,,,,,,,,NO,,NO,NOTCGA-HW-8321-D4868739FAF97B-D0A2-4D6B-8637-1C8118F2037947321ChemotherapyTemozolomideNOStable Disease1992013,TCGA-HW-8321-R48685ED13CD65-4307-4813-BDA1-AA9326FB7F9E2862External5000cGy25Primary Tumor FieldNOStable Disease1992013TCGA-HW-8321-R585980A1365F7-D5E3-4F40-B3BD-B4BA3BF61FF76366External1000cGy5Primary Tumor FieldNO1542014,TCGA-HW-8321-F486836445FCA8-F9C3-475F-9B2E-4D2B425FB6D8NOAliveStable Disease596NO1992013Scheduled Follow-up SubmissionStable DiseaseYESYESTCGA-HW-8321-F715208078843B-84D0-42AD-8E17-EA0F91748355NOAliveStable Disease1294NO3132015Scheduled Follow-up SubmissionStable DiseaseYESYES
Central nervous system,Oligodendroglioma,No,MALE,Alive,-14548,,,188,WHITE,TCGA-HW-8322,HW,8322,6105c037-90f1-42d9-ac38-6e2252999a64,No,YES,C71.0,Mar-50,C71.0,YES,NO,0,39,2012,NO,WITH TUMOR,30,8,2012,NOT HISPANIC OR LATINO,,NO,"Supratentorial, Frontal Lobe",G2,,YES,Left,,,,,,,,,,,,,,,,,,,NO,,,,,,,,,,,,NO,Stable Disease,NO,NOTCGA-HW-8322-D48690D240733C-C662-4017-A526-2EA7F9A16968433ChemotherapyTemozolomideYES1992013,,TCGA-HW-8322-F486895A17EA03-519A-4417-8EBC-C35A6436CD66NOAliveStable Disease542NOWITH TUMOR1992013Scheduled Follow-up SubmissionProgressive DiseaseYESNOTCGA-HW-8322-F714992C14EA0E-5F06-4849-AEF9-357E34BD32FANOAliveStable Disease758NO3132015Scheduled Follow-up SubmissionProgressive DiseaseYESNO
Central nervous system,Oligodendroglioma,No,MALE,Alive,-24966,,,321,WHITE,TCGA-HW-A5KJ,HW,A5KJ,8996DC64-8C5E-4E07-8ED8-2EB11C03626B,No,YES,C71.0,Mar-51,C71.0,YES,NO,0,68,2012,NO,WITH TUMOR,12,7,2013,,,YES,"Supratentorial, Frontal Lobe",G3,White Matter,NO,Right,,,,,,,,,,,,,,,,,,,NO,,,,,,,,,,,,YES,Progressive Disease,NO,NOTCGA-HW-A5KJ-D4869368E1D203-9CE5-4C38-BCF7-C5CC0965C5E21616ChemotherapyTemozolomideNOClinical Progressive Disease1992013NOTCGA-HW-A5KJ-D6547222481586-D92B-4036-99B4-F82F5A132DDF656899TemozolomideNOStable Disease2392014,TCGA-HW-A5KJ-R48692E7085728-DBDC-43BB-AD40-6325207A4A5F107169External60Gy30Regional siteNOStable Disease1992013,TCGA-HW-A5KJ-F598686B320E5B-9823-4C50-BBA8-9940D4E0B27CNOAliveProgressive Disease619YES615YES615WITH TUMORNONO2252014Scheduled Follow-up SubmissionProgressive DiseaseYESYESNOTCGA-HW-A5KJ-F6524321BEB795-FDE8-4B00-A7D8-6D7B87A2C0E5NOAliveProgressive Disease860NOWITH TUMOR2392014Scheduled Follow-up SubmissionProgressive DiseaseYESYESTCGA-HW-A5KJ-F71524B107795E-86A5-4E8D-AECC-BFA0F2E5F8C3NODeadProgressive Disease962NOWITH TUMOR3132015Scheduled Follow-up SubmissionStable DiseaseYESYES
Central nervous system,Astrocytoma,No,MALE,Alive,-23484,,,240,WHITE,TCGA-HW-A5KK,HW,A5KK,8A94FF28-A74D-4FE2-B9C0-06C01F0A3FB6,No,YES,C71.0,Mar-01,C71.0,YES,NO,0,64,2012,NO,WITH TUMOR,12,7,2013,,,YES,"Supratentorial, Temporal Lobe",G3,White Matter,YES,Right,,,,,,,,,,,,,,,,,,,YES,,,,,,,,,,,,YES,Progressive Disease,NO,NOTCGA-HW-A5KK-D48696DC0EA9A7-61C9-406F-B1FD-0D3E2267F45923176ChemotherapyTemozolomideNOClinical Progressive Disease1992013NOTCGA-HW-A5KK-D4869833F84057-D56D-46FB-A1CB-09F56755FEBE207ChemotherapyBevacizumabYES1992013,TCGA-HW-A5KK-R486947AE2414C-FEAC-4B2A-A922-282F563142702384External6000cGy30Regional siteNORadiographic Progressive Disease1992013,TCGA-HW-A5KK-F59869B087AD19-40D2-4DA8-96BE-935B3B9845F3NODeadProgressive Disease388NO2252014Scheduled Follow-up SubmissionYESYES
Central nervous system,Astrocytoma,No,FEMALE,Alive,-15513,,,294,WHITE,TCGA-HW-A5KL,HW,A5KL,0639B753-4099-4CA4-ADB9-763069A614EF,No,YES,C71.0,Mar-00,C71.0,YES,NO,0,42,2012,NO,WITH TUMOR,12,7,2013,,,YES,"Supratentorial, Temporal Lobe",G2,White Matter,YES,Right,,,,,,,,,,,,,,,,,,,NO,,,,,,,,,,,,YES,Stable Disease,NO,NOTCGA-HW-A5KL-D48707BA95AA18-80DF-426E-B58A-11395CF5B3841071ChemotherapyTemozolomideNOStable Disease1992013NOTCGA-HW-A5KL-D71506CB1932E9-7E48-4908-97B0-B2A1AAF8C207102648ChemotherapyTemozolomideNOStable Disease3132015,TCGA-HW-A5KL-R4870511312E35-B281-439A-A534-47F9ED8FAB131071External6000cGy30Primary Tumor FieldNOStable Disease1992013,TCGA-HW-A5KL-F5987155022EE1-B63C-4B94-AB2B-918A2EEFCD77NOAliveStable Disease633NO2252014Scheduled Follow-up SubmissionYESYESTCGA-HW-A5KL-F7150839007937-D8BD-4815-8394-A31A3C501AFCNOAliveStable Disease878NO3132015Scheduled Follow-up SubmissionStable DiseaseYESYES
Central nervous system,Astrocytoma,No,MALE,Alive,-12845,,,201,WHITE,TCGA-HW-A5KM,HW,A5KM,0DB80DFF-5586-4D9F-B253-DF82E6FD6901,No,YES,C71.0,Mar-00,C71.0,YES,NO,0,35,2012,NO,WITH TUMOR,12,7,2013,,,NO,"Supratentorial, Frontal Lobe",G2,White Matter,YES,Left,,,,,,,,,,,,,,,,,,,NO,,,,,,,,,,,,NO,Progressive Disease,NO,,,TCGA-HW-A5KM-F59872A21EC243-977F-4520-84CF-86A0A0798873NOAliveProgressive Disease630NOWITH TUMOR2252014Scheduled Follow-up SubmissionProgressive DiseaseNONO
Central nervous system,Oligodendroglioma,No,MALE,Dead,-15900,,578,,WHITE,TCGA-IK-7675,IK,7675,a5f851c5-6130-4ea1-9f86-be59331a92f7,No,YES,C71.0,Mar-50,C71.0,YES,NO,0,43,2009,NO,WITH TUMOR,24,1,2012,HISPANIC OR LATINO,Other,,"Supratentorial, Frontal Lobe",G2,White Matter,NO,Right,YES,NO,NO,NO,YES,Motor/Movement Changes,0 - 30 Days,NO,,,,,,,,,,,YES,YES,NO,NO,,,,,,90,,48,,,,TCGA-IK-7675-D330795622E3C6-D9EF-4F6A-98FC-980910049058510Targeted Molecular therapyBevacizumabNO2062012TCGA-IK-7675-D330831A8C1EB1-B052-4A32-AFA6-74AA05DDAF36531552ChemotherapyIrinotecanNO2062012,TCGA-IK-7675-R21159ef3cf798-a791-4210-95d2-254f33e4f2724688EXTERNAL BEAM5400cGy30Primary Tumor FieldADJUVANTNO1222012,TCGA-IK-7675-F330647861079D-6A1A-40A4-801B-8064AA218090DeadProgressive Disease578YES123WITH TUMORYES1962012Scheduled Follow-up SubmissionProgressive DiseaseNOYES
Central nervous system,Oligoastrocytoma,Yes,MALE,Alive,-22745,,,909,WHITE,TCGA-IK-8125,IK,8125,a0b7c7c8-a6f2-41ba-9e61-9b7f8fbbbe1f,No,YES,C71.0,Mar-82,C71.0,YES,NO,0,62,2009,NO,TUMOR FREE,11,6,2012,NOT HISPANIC OR LATINO,Pre-Adjuvant Therapy,,"Supratentorial, Frontal Lobe",G3,,YES,Left,NO,NO,NO,NO,NO,Seizures,0 - 30 Days,NO,YES,,,> 20 Years,NO,,,,,,YES,YES,YES,NO,,,,,,,0,42,,,,NOTCGA-IK-8125-D327711c78021d-9fd1-4a52-a555-ff3f7a350d555599ChemotherapyTemodarNO1162012NOTCGA-IK-8125-D32772cad891ef-1404-4310-9584-2fac7a4052a7111265ChemotherapyTemodarNOComplete Response1162012,TCGA-IK-8125-R3277083e55c73-fdfa-42e8-a380-4a667b1f8ea15599External6000cGy30Primary Tumor FieldNO1162012,TCGA-IK-8125-F338585F2476DE-8BAC-424D-8E74-93A87F9D8435AliveComplete Remission/Response1120NOTUMOR FREE2072012Scheduled Follow-up Submission1Post-Adjuvant TherapyComplete Remission/ResponseYESYES1120TCGA-IK-8125-F403956540965A-4BA0-4DBA-8A76-CBA665EF28B5NOAliveComplete Remission/Response1301NOTUMOR FREE1822013Scheduled Follow-up SubmissionComplete Remission/ResponseYESYES
Central nervous system,Oligoastrocytoma,No,MALE,Alive,-9590,,,159,WHITE,TCGA-KT-A74X,KT,A74X,442DF188-B678-45BB-BD9D-7071ED8AAA5A,No,YES,C71.0,Mar-82,C71.0,YES,NO,0,26,2013,NO,WITH TUMOR,30,12,2013,NOT HISPANIC OR LATINO,,YES,"Supratentorial, Parietal Lobe",G3,Not listed in Medical Record,YES,Left,YES,YES,NO,,YES,Seizures,,,,NO,NO,,,,,YES,Cat Dander,,,,NO,NO,YES,IHC,YES,,,90,,,YES,Stable Disease,NO,NOTCGA-KT-A74X-D551681D267D32-E728-4D81-80CC-6F90AC480D074083ChemotherapyTemozolomideNOStable Disease30122013,TCGA-KT-A74X-R55166C7E2E66E-C235-41A7-9891-0D1FB949CBBB4083External5400cGy30Primary Tumor FieldNOStable Disease30122013,TCGA-KT-A74X-F69145C727A596-5419-4239-87C0-F17471C31E25NOAliveStable Disease438NOWITH TUMOR30122014Scheduled Follow-up SubmissionStable DiseaseYESYES
Central nervous system,Astrocytoma,No,FEMALE,Alive,-16560,,,144,WHITE,TCGA-KT-A7W1,KT,A7W1,77472095-030D-4679-921D-8E8E217956C5,No,YES,C71.0,Mar-01,C71.0,YES,NO,0,45,2013,NO,TUMOR FREE,3,2,2014,NOT HISPANIC OR LATINO,Pre-Adjuvant Therapy,YES,"Supratentorial, Frontal Lobe",G3,White Matter,YES,Right,,NO,NO,NO,YES,Seizures,0 - 30 Days,,,,,,,,,,,,YES,YES,YES,NO,YES,IHC,NO,NO,,80,,10,YES,Progressive Disease,YES84YES102NONONO,NOTCGA-KT-A7W1-D5635684F35414-A491-477D-8C80-61A3077707862061ChemotherapyTemozolomideNOClinical Progressive Disease322014,TCGA-KT-A7W1-R56354C37AAE03-D49B-4048-B5F9-57EE24FED3F22061External4600cGy23Primary Tumor FieldNORadiographic Progressive Disease322014TCGA-KT-A7W1-R56355D30E6E60-524B-4F84-8E8E-686F6D31333D2061External1400cGy7Primary Tumor FieldNORadiographic Progressive Disease322014,TCGA-KT-A7W1-F691469A7E8177-3F8B-4527-8538-A203602BD1A5NOAliveProgressive Disease438NOTUMOR FREE30122014Scheduled Follow-up SubmissionStable DiseaseYESYES
Central nervous system,Oligodendroglioma,No,MALE,Alive,-10027,,,0,WHITE,TCGA-P5-A5ET,P5,A5ET,D87742FD-FF94-4EF0-BBF4-5DD5A185A0E7,No,YES,C71.0,Mar-50,C71.0,YES,NO,0,27,2012,NO,TUMOR FREE,22,8,2013,NOT HISPANIC OR LATINO,,,"Supratentorial, Frontal Lobe",G2,Not listed in Medical Record,,Right,YES,,,,,Headaches,91 - 180 Days,NO,NO,NO,NO,,NO,,,NO,,,,YES,,,NO,,,NO,,,,,,,NO,,,TCGA-P5-A5ET-F6903896CEF3FA-AAF8-4525-B223-CD3E9AC84B9EYESAlive-1024122014Scheduled Follow-up Submission
Central nervous system,Astrocytoma,No,MALE,Alive,-12851,,,0,WHITE,TCGA-P5-A5EU,P5,A5EU,1AA6B9FF-7C97-47D9-923F-2BD83F20E531,No,YES,C71.0,Mar-01,C71.0,YES,NO,0,35,2012,NO,,3,9,2013,NOT HISPANIC OR LATINO,,NO,"Supratentorial, Frontal Lobe",G3,Not listed in Medical Record,,Right,YES,,YES,YES,NO,Headaches,> 181 Days,,,,,,,,,,,,YES,YES,,,NO,,,,,60,,,NO,,,,,TCGA-P5-A5EU-F6903983071394-4CC2-47AC-B866-07BA48B22797YESAlive024122014Scheduled Follow-up Submission
Central nervous system,Astrocytoma,No,MALE,Alive,-14310,,,7,WHITE,TCGA-P5-A5EV,P5,A5EV,D50E944A-3CE4-4632-A878-118499E143E3,No,YES,C71.0,Mar-00,C71.0,YES,NO,0,39,2012,NO,WITH TUMOR,3,9,2013,NOT HISPANIC OR LATINO,,,"Supratentorial, Temporal Lobe",G2,Not listed in Medical Record,YES,Left,YES,YES,YES,YES,YES,Seizures,31 - 90 Days,,,,,,,,,,,,YES,YES,,,,,,,,60,,,NO,,,,,TCGA-P5-A5EV-F69040012E7A89-9F25-4ECD-A153-B621EDA34526YESAlive724122014Scheduled Follow-up Submission
Central nervous system,Astrocytoma,No,FEMALE,Alive,-7612,,,204,WHITE,TCGA-P5-A5EW,P5,A5EW,6D02E00C-56A5-4433-9930-F036E2AA39AA,No,YES,C71.0,Mar-00,C71.0,YES,NO,0,20,2012,NO,TUMOR FREE,22,8,2013,NOT HISPANIC OR LATINO,Preoperative,,"Supratentorial, Frontal Lobe",G2,Not listed in Medical Record,,Right,YES,,,,,Headaches,91 - 180 Days,,,NO,NO,,NO,,,YES,cats,< 12 Years,NO,YES,,,NO,,,,,80,,-2,,,NO,,,TCGA-P5-A5EW-F69041A19F1C6F-8887-4337-9936-67713224B969YESAlive20424122014Scheduled Follow-up Submission
Central nervous system,Oligodendroglioma,No,FEMALE,Alive,-15091,,,50,WHITE,TCGA-P5-A5EX,P5,A5EX,1F13065A-40F7-455D-B8EB-F9A128722EAC,No,YES,C71.0,Mar-51,C71.0,YES,NO,0,41,2012,NO,WITH TUMOR,12,9,2013,NOT HISPANIC OR LATINO,,YES,"Supratentorial, Frontal Lobe",G3,Not listed in Medical Record,NO,Right,YES,NO,NO,YES,NO,Headaches,> 181 Days,NO,NO,NO,NO,,,,,,,,NO,NO,,,NO,,,NO,,80,,,YES,,NO,NOTCGA-P5-A5EX-D566118F3188FD-9D3F-4F2E-BDF9-0EC79E09DDA316243TemozolomideNOPartial Response852014,TCGA-P5-A5EX-R566104459E17A-0D09-4CF6-98F5-07D765DE892C1631External60GyPrimary Tumor FieldNOPartial Response852014,TCGA-P5-A5EX-F6904285CB3742-9457-45B1-831C-3BD285AEDBE7NOAlivePartial Remission/Response243NOTUMOR FREE24122014Scheduled Follow-up SubmissionYESYES
Central nervous system,Astrocytoma,No,MALE,Alive,-7716,,,72,WHITE,TCGA-P5-A5EY,P5,A5EY,1F33AEBC-EDC1-42C5-BAA9-E4B0A06FCB26,No,YES,C71.0,Mar-00,C71.0,YES,NO,0,21,2012,,,22,8,2013,NOT HISPANIC OR LATINO,,,"Supratentorial, Temporal Lobe",G2,Not listed in Medical Record,YES,Right,,,,,,Seizures,0 - 30 Days,,,,,,,,,,,,,YES,,,,,,,,,,,,,,,,TCGA-P5-A5EY-F69043C666A6D7-CD56-4729-9BE2-693819FEBB2AYESAlive7224122014Scheduled Follow-up Submission
Central nervous system,Astrocytoma,No,MALE,Alive,-14375,,,70,WHITE,TCGA-P5-A5EZ,P5,A5EZ,82FF7A48-EA97-476E-9F4E-AACDEB6659BD,No,YES,C71.0,Mar-01,C71.0,YES,NO,0,39,2012,NO,TUMOR FREE,22,8,2013,NOT HISPANIC OR LATINO,,,"Supratentorial, Frontal Lobe",G3,Not listed in Medical Record,YES,Left,YES,,,,,Seizures,31 - 90 Days,,,,,,,,,YES,bee,> 20 Years,,,,,NO,,,,,,,,,,NO,,,TCGA-P5-A5EZ-F69044EB9BD751-31DB-45FB-B4EE-FDAA734975DFYESAlive7024122014Scheduled Follow-up Submission
Central nervous system,Oligodendroglioma,No,MALE,Alive,-12157,,,125,WHITE,TCGA-P5-A5F0,P5,A5F0,7EB5D055-E1C8-4B93-9205-A49A6E79DFD4,No,YES,C71.9,Mar-50,C71.9,YES,NO,0,33,2012,NO,WITH TUMOR,12,9,2013,NOT HISPANIC OR LATINO,,YES,"Supratentorial, Frontal Lobe",G2,Not listed in Medical Record,YES,Right,YES,NO,YES,YES,YES,Seizures,> 181 Days,NO,NO,NO,NO,,,,,,,,NO,NO,,,NO,,,NO,,80,,,YES,,NO,NOTCGA-P5-A5F0-D5661323BCC949-2852-41F4-BDAF-D4952D034C9989287ChemotherapyLomustineNOPartial Response852014NOTCGA-P5-A5F0-D59339805459C3-71F0-4B2F-A213-299DB0870A2689287ChemotherapyVincristineNOPartial Response852014NOTCGA-P5-A5F0-D59340BBF4D2E7-E9D8-4C79-ABF5-15A7A8699D7C89287ChemotherapyProcarbazineNOPartial Response852014,TCGA-P5-A5F0-R566122C6D0A9F-D4A0-4CE8-AE17-78A61256F79C2370External60GyPrimary Tumor FieldNOPartial Response852014,TCGA-P5-A5F0-F690455FF200EA-CC7D-41B7-82F0-6814B7181D40NOAlivePartial Remission/Response28724122014Scheduled Follow-up SubmissionYESYES
Central nervous system,Astrocytoma,No,MALE,Alive,-11070,,,179,WHITE,TCGA-P5-A5F1,P5,A5F1,0611F5BC-89B5-44BD-B301-751FAAADB561,No,YES,C71.0,Mar-00,C71.0,YES,NO,0,30,2012,NO,TUMOR FREE,13,9,2013,NOT HISPANIC OR LATINO,,,"Supratentorial, Temporal Lobe",G2,Not listed in Medical Record,,Left,,,,,YES,Motor/Movement Changes,31 - 90 Days,,,,,,,,,,,,,,,,NO,,,,,,,,,,NO,,,TCGA-P5-A5F1-F69046D66D7D73-A4EE-49B4-8428-0445AA6999FEYESAlive17924122014Scheduled Follow-up Submission
Central nervous system,Astrocytoma,No,FEMALE,Alive,-13396,,,232,WHITE,TCGA-P5-A5F2,P5,A5F2,C85FA637-941A-4A9A-8029-F5B44F3DA430,No,YES,C71.0,Mar-00,C71.0,YES,NO,0,36,2012,NO,WITH TUMOR,13,9,2013,NOT HISPANIC OR LATINO,,NO,"Supratentorial, Frontal Lobe",G2,Not listed in Medical Record,YES,Right,YES,NO,NO,NO,NO,Seizures,91 - 180 Days,,,,,,,,,,,,,,,,,,,,,80,,,YES,,NO,NOTCGA-P5-A5F2-D56615FEAA8647-2C75-47E9-A256-1C12969E38D630242ChemotherapyMustophoranNOPartial Response852014NOTCGA-P5-A5F2-D59335DA5506EB-D01F-4051-92F8-13CB90678F5C30242AvastinNOPartial Response3052014NOTCGA-P5-A5F2-D593364EC478D5-914A-4950-A014-60C5EEA852D330242ThemozolomideNOPartial Response3052014,,TCGA-P5-A5F2-F69047F3A30DD0-7B51-45E5-AF2C-D07DDE25AAFBNOAlivePartial Remission/Response24224122014Scheduled Follow-up SubmissionYESNO
Central nervous system,Oligodendroglioma,No,FEMALE,Alive,-12851,,,23,WHITE,TCGA-P5-A5F4,P5,A5F4,0557B788-5AED-4919-85EB-A503AD893D75,No,YES,C71.0,Mar-51,C71.0,YES,NO,0,35,2012,NO,,18,9,2013,NOT HISPANIC OR LATINO,,YES,"Supratentorial, Temporal Lobe",G3,Not listed in Medical Record,,Right,YES,,YES,YES,,Headaches,31 - 90 Days,,,,,,,,,,,,,,,,,,,,,70,,,YES,,,NOTCGA-P5-A5F4-D56617C4A58407-7379-4D51-A886-47543129C00819231ChemotherapyLomustineNOPartial Response852014NOTCGA-P5-A5F4-D593370C98C338-FA72-4C9A-BFD2-670DEAE9811F19231ChemotherapyVincristineNOPartial Response3052014NOTCGA-P5-A5F4-D593388E938678-3A97-410C-9B50-05FB00B868A819231ChemotherapyProcarbazineNOPartial Response3052014,TCGA-P5-A5F4-R56616AF3B1B2F-23F6-4E2C-8D47-CD77975E0FC81980External60GyPrimary Tumor FieldNOPartial Response852014,TCGA-P5-A5F4-F69048859103D0-1605-427C-8F1A-A9B796029808NOAlivePartial Remission/Response23124122014Scheduled Follow-up SubmissionYESYES
Central nervous system,Oligodendroglioma,No,MALE,Alive,-9575,,,39,WHITE,TCGA-P5-A5F6,P5,A5F6,2E3B9F32-304E-454B-AC2C-FC72D2CCAA19,No,YES,C71.0,Mar-50,C71.0,YES,NO,0,26,2012,NO,TUMOR FREE,19,9,2013,NOT HISPANIC OR LATINO,,,"Supratentorial, Frontal Lobe",G2,Not listed in Medical Record,,Left,YES,,,,,Headaches,,,,,,,,,,,,,,,,,,,,,,70,,,,,NO,,,TCGA-P5-A5F6-F69049C9FF36A9-1928-4CC9-B832-D4E3535B9EF8YESAlive3924122014Scheduled Follow-up Submission
Central nervous system,Oligodendroglioma,No,FEMALE,Alive,-26002,,,5,WHITE,TCGA-P5-A72U,P5,A72U,49D5ACBB-D75C-4485-B456-6B50667FEF99,No,YES,C71.0,Mar-51,C71.0,YES,NO,0,71,2013,,TUMOR FREE,13,11,2014,NOT HISPANIC OR LATINO,,,"Supratentorial, Parietal Lobe",G3,,,Right,,,,,,,,,,,,,,,,,,,,,,,,,,,,,,,,,,,,TCGA-P5-A72U-F69015A660818C-7861-416E-A69A-D3A5249D7F8FNOAliveComplete Remission/Response7NO24122014Additional New Tumor EventNONO
Central nervous system,Astrocytoma,No,MALE,Alive,-12848,,,9,WHITE,TCGA-P5-A72W,P5,A72W,59012B43-AB0B-42C3-AED3-94E224A3DFA7,No,YES,C71.0,Mar-01,C71.0,YES,NO,0,35,2013,,TUMOR FREE,13,11,2014,NOT HISPANIC OR LATINO,,,"Supratentorial, Frontal Lobe",G3,,,Left,,,,,,,,,,,,,,,,,,,,,,,,,,,,,,,,Complete Remission/Response,,,TCGA-P5-A72W-R6901789D10F52-BBD0-496C-8FD4-DEA18D97950A467External58Gy29YES24122014,TCGA-P5-A72W-F69016A9CF3F16-71CE-459A-96F4-D5CAE4A9C4CBNOAlive317NO24122014Scheduled Follow-up SubmissionYES
Central nervous system,Astrocytoma,No,MALE,Alive,-7913,,,8,WHITE,TCGA-P5-A72X,P5,A72X,2FB951F1-00A0-4CAF-AC93-096056E77B1F,No,YES,C71.0,Mar-01,C71.0,YES,NO,0,21,2013,,TUMOR FREE,13,11,2014,NOT HISPANIC OR LATINO,,,"Supratentorial, Temporal Lobe",G3,,,Left,,,,,,,,,,,,,,,,,,,,,,,,,,,,,,,,Complete Remission/Response,,,TCGA-P5-A72X-R69019E60D6F80-BFEF-44DF-B32C-003941DE4C06150192External66Gy30NO24122014,TCGA-P5-A72X-F69018D593A359-3F6D-42C9-B67B-1FA9A9A8F2EFNOAlive40324122014Scheduled Follow-up SubmissionYES
Central nervous system,Oligodendroglioma,No,FEMALE,Alive,-23482,,,8,WHITE,TCGA-P5-A72Z,P5,A72Z,141F0546-F6F2-408F-AC86-07CA4AADF3D0,No,YES,C71.0,Mar-51,C71.0,YES,NO,0,64,2013,,TUMOR FREE,13,11,2014,NOT HISPANIC OR LATINO,,,"Supratentorial, Temporal Lobe",G3,,,Left,,,,,,,,,,,,,,,,,,,,,,,,,,,,,,,,Complete Remission/Response,,NOTCGA-P5-A72Z-D690228591DB4B-A198-444D-BC08-90FEB7D6C77B270ChemotherapyTemozolomideYES24122014,TCGA-P5-A72Z-R69021CE59405A-F826-4865-983B-0AC92E1F23A02150External60Gy30NO24122014,TCGA-P5-A72Z-F690203150BD46-CE53-43C6-AB49-00BFFFDEFF84NOAlive35424122014Scheduled Follow-up SubmissionYESYES
Central nervous system,Oligoastrocytoma,No,MALE,Alive,-8043,,,6,WHITE,TCGA-P5-A730,P5,A730,446D76DF-3E78-4272-A942-CED0DE27C794,No,YES,C71.0,Mar-82,C71.0,YES,NO,0,22,2013,,TUMOR FREE,13,11,2014,NOT HISPANIC OR LATINO,,,"Supratentorial, Occipital Lobe",G3,,,Right,,,,,,,,,,,,,,,,,,,,,,,,,,,,,,,,Complete Remission/Response,,,,TCGA-P5-A730-F6902390E089B7-AB1C-4884-9506-E7D1081B8640NOAliveComplete Remission/Response333NO24122014Scheduled Follow-up SubmissionNONO
Central nervous system,Oligoastrocytoma,No,FEMALE,Alive,-21715,,,6,WHITE,TCGA-P5-A731,P5,A731,335BC811-8BDC-4F66-BDD0-703B7CC7464B,No,YES,C71.0,Mar-82,C71.0,YES,NO,0,59,2013,,TUMOR FREE,13,11,2014,NOT HISPANIC OR LATINO,,,"Supratentorial, Frontal Lobe",G2,,,Right,YES,YES,,,,,,,,,,,,,,,,,,,,,,,,,,90,,,,,,,TCGA-P5-A731-R69011C4F65DF3-758A-4F57-871A-6A2795C515FC274External60Gy2YES24122014,TCGA-P5-A731-F6901043180EA8-2B76-4335-B421-AEA6A02D260ENOAlive27424122014Scheduled Follow-up SubmissionNOYES
Central nervous system,Astrocytoma,No,FEMALE,Alive,-19142,,,7,WHITE,TCGA-P5-A733,P5,A733,D81B9957-8C82-4006-B111-449FA9FB95ED,No,YES,C71.0,Mar-00,C71.0,YES,NO,0,52,2013,,TUMOR FREE,13,11,2014,NOT HISPANIC OR LATINO,,,"Supratentorial, Frontal Lobe",G2,,,Left,,,,,,,,,,,,,,,,,,,,,,,,,,,,,,,,Complete Remission/Response,,NOTCGA-P5-A733-D690146CFB08AB-DEA8-40DD-BF6F-4B0DE746A07297414TemozolomideNO24122014,TCGA-P5-A733-R6901316EBA9F7-CB5F-4AC3-AD03-9D74194443452141External60Gy30NO24122014,TCGA-P5-A733-F69012BCE7FE93-0CC5-4B03-B45C-2D01B5E229FCNOAlive41424122014Scheduled Follow-up SubmissionYESYES
Central nervous system,Astrocytoma,No,FEMALE,Alive,-14152,,,7,WHITE,TCGA-P5-A735,P5,A735,A3822B5E-D794-4126-B31F-C70E1CC47F22,No,YES,C71.0,Mar-00,C71.0,YES,NO,0,38,2013,,TUMOR FREE,13,11,2014,NOT HISPANIC OR LATINO,,,"Supratentorial, Temporal Lobe",G2,,,Left,,,,,,,,,,,,,,,,,,,,,,,,,,,,,,,,Complete Remission/Response,,,,TCGA-P5-A735-F690240BFD6EB5-B542-4461-8DEA-1C3875E82587NOAliveComplete Remission/Response292TUMOR FREE24122014Scheduled Follow-up SubmissionComplete Remission/ResponseNONO
Central nervous system,Astrocytoma,No,FEMALE,Alive,-16300,,,8,WHITE,TCGA-P5-A736,P5,A736,AC3779F6-CC8B-428B-9531-03562A614515,No,YES,C71.0,Mar-01,C71.0,YES,NO,0,44,2013,,TUMOR FREE,13,11,2014,NOT HISPANIC OR LATINO,,,"Supratentorial, Parietal Lobe",G3,,,Right,,,,,,,,,,,,,,,,,,,,,,,,,,,,,,,,Complete Remission/Response,,,TCGA-P5-A736-R6902628B8293B-A2C2-4EFC-A0C7-00066F2D84A532230External60Gy30 frNO24122014,TCGA-P5-A736-F690253072CE7C-431C-49FA-B6CA-B85A11744A65NOAliveComplete Remission/Response230TUMOR FREE24122014Scheduled Follow-up SubmissionComplete Remission/ResponseNOYES
Central nervous system,Oligoastrocytoma,No,MALE,Alive,-17390,,,14,WHITE,TCGA-P5-A737,P5,A737,1B77D1E8-0A02-41DE-A408-DCF33A43407A,No,YES,C71.0,Mar-00,C71.0,YES,NO,0,47,2012,,TUMOR FREE,13,11,2014,NOT HISPANIC OR LATINO,,,"Supratentorial, Frontal Lobe",G2,,,Right,,,,,,,,,,,,,,,,,,,,,,,,,,,,,,,,Complete Remission/Response,,,,TCGA-P5-A737-F6902742B97363-B0BB-4444-8433-09A362EA85E1NOAlive37224122014Scheduled Follow-up SubmissionNONO
Central nervous system,Oligoastrocytoma,No,FEMALE,Alive,-13545,,,5,WHITE,TCGA-P5-A77W,P5,A77W,EEF15B5C-5FBE-482A-B3B0-DD091888A6A2,No,YES,C71.0,Mar-82,C71.0,YES,NO,0,37,2013,,TUMOR FREE,13,11,2014,NOT HISPANIC OR LATINO,,,"Supratentorial, Frontal Lobe",G3,,,Left,,,,,,,,,,,,,,,,,,,,,,,,,,,,,,,,Complete Remission/Response,,,,TCGA-P5-A77W-F690282C6950F9-8C92-4DC0-8DF0-F8984EDD6958NOAlive58424122014Scheduled Follow-up SubmissionNONO
Central nervous system,Oligoastrocytoma,No,FEMALE,Alive,-20128,,,4,WHITE,TCGA-P5-A77X,P5,A77X,878CED76-3144-4141-896F-50E3E863DF36,No,YES,C71.0,Mar-82,C71.0,YES,NO,0,55,2013,,TUMOR FREE,13,11,2014,NOT HISPANIC OR LATINO,,,"Supratentorial, Frontal Lobe",G2,,,Right,,,,,,,,,,,,,,,,,,,,,,,,,,,,,,,,Complete Remission/Response,,,TCGA-P5-A77X-R690305E0D4234-FB97-4BE2-82DA-05582A3C072C63105External54GyNO24122014,TCGA-P5-A77X-F6902945EA1014-D5C2-4D78-8440-B7157D0F0DDENOAliveComplete Remission/Response105TUMOR FREE24122014Scheduled Follow-up SubmissionComplete Remission/ResponseNOYES
Central nervous system,Astrocytoma,No,FEMALE,Alive,-16161,,,6,WHITE,TCGA-P5-A780,P5,A780,E661E157-C6BC-4024-9905-97954759AAD6,No,YES,C71.0,Mar-01,C71.0,YES,NO,0,44,2013,,TUMOR FREE,13,11,2014,NOT HISPANIC OR LATINO,,,"Supratentorial, Temporal Lobe",G3,,,Right,,,,,,,,,,,,,,,,,,,,,,,,,,,,,,,,Complete Remission/Response,,,TCGA-P5-A780-R690326A459E17-5C29-4866-AC5F-754D78309250External40GyNO24122014,TCGA-P5-A780-F69031A132E193-F5BB-45F6-905F-8909A039B244NOAliveComplete Remission/Response72TUMOR FREE24122014Scheduled Follow-up SubmissionComplete Remission/ResponseYES
Central nervous system,Astrocytoma,No,FEMALE,Alive,-12757,,,5,WHITE,TCGA-P5-A781,P5,A781,3C6DC0EB-E94B-4293-B665-F3CBA04FC8DE,No,YES,C71.0,Mar-01,C71.0,YES,NO,0,34,2013,,TUMOR FREE,13,11,2014,NOT HISPANIC OR LATINO,,,"Supratentorial, Temporal Lobe",G3,,,Right,,,,,,,,,,,,,,,,,,,,,,,,,,,,,,,,Complete Remission/Response,,,TCGA-P5-A781-R69034D3E7FA5C-3889-4C7E-AA50-6B7D3F47BF0F73134External60Gy30 frNO24122014,TCGA-P5-A781-F69033E9A6EFAD-B1E8-42EE-AF9F-CECA0957904FNOAliveComplete Remission/Response134TUMOR FREE24122014Scheduled Follow-up SubmissionComplete Remission/ResponseNOYES
Central nervous system,Oligodendroglioma,No,FEMALE,Alive,-14073,,,175,WHITE,TCGA-QH-A65R,QH,A65R,505E9812-D13E-42D3-AEE2-55A85D6F4551,No,YES,C71.9,Mar-51,C71.9,NO,YES,0,38,2013,NO,WITH TUMOR,2,8,2013,NOT HISPANIC OR LATINO,Preoperative,YES,"Supratentorial, Frontal Lobe",G3,White Matter,NO,Left,NO,NO,NO,NO,NO,,,NO,NO,YES,YES,< 12 Years,NO,,,YES,CAT,> 20 Years,NO,NO,YES,NO,YES,IHC,YES,NO,,100,0,-10,YES,Partial Remission/Response,NO,NOTCGA-QH-A65R-D462712B190C17-1558-498E-B160-A6E7434F0D0232430ChemotherapyTEMOZOLOMIDENOStable Disease582013,TCGA-QH-A65R-R4627553AD1607-2E46-4B95-B036-503A24ADCA4D3269External52Gy26Primary Tumor FieldNOStable Disease582013,TCGA-QH-A65R-F595710FE6ACFC-9A2B-49F6-9EAF-DB1F644290C7NOAlivePartial Remission/Response461NOWITH TUMOR1062014Scheduled Follow-up SubmissionStable DiseaseYESYES
Central nervous system,Oligoastrocytoma,No,FEMALE,Alive,-11861,,,77,WHITE,TCGA-QH-A65S,QH,A65S,92EBE72E-508D-4547-B14B-B8E02E6233CA,No,YES,C71.9,Mar-82,C71.9,NO,YES,0,32,2013,NO,,2,8,2013,NOT HISPANIC OR LATINO,Preoperative,NO,"Supratentorial, Frontal Lobe",G2,White Matter,YES,Left,NO,YES,NO,NO,NO,Seizures,0 - 30 Days,NO,NO,NO,NO,,NO,,,NO,,,YES,YES,YES,NO,YES,IHC,YES,NO,,90,1,-7,NO,,NO,,,TCGA-QH-A65S-F4210605F17A8A-EDDA-4973-8CDA-3A93E912104ENOAlivePartial Remission/Response77NONONO14112014Scheduled Follow-up SubmissionPartial Remission/ResponseNONO
Central nervous system,Oligodendroglioma,No,FEMALE,Alive,-15850,,,147,WHITE,TCGA-QH-A65V,QH,A65V,AD72E61E-51E3-4992-AC77-65E895935736,No,YES,C71.0,Mar-50,C71.0,YES,NO,0,43,2013,NO,WITH TUMOR,2,8,2013,NOT HISPANIC OR LATINO,Preoperative,NO,"Supratentorial, Temporal Lobe",G2,White Matter,YES,Right,NO,NO,NO,NO,NO,Seizures,0 - 30 Days,NO,NO,NO,NO,,NO,,,NO,,,YES,YES,NO,NO,YES,IHC,YES,NO,,90,1,-9,YES,Stable Disease,NO,NOTCGA-QH-A65V-D47245C19462BC-CC29-49EA-804E-A35C6FF34868147327ChemotherapyPROCARBAZINENOStable Disease2982013NOTCGA-QH-A65V-D47246772815A6-D22C-478E-B754-DC60B27CFA26147307ChemotherapyLOMUSTINENOStable Disease2982013NOTCGA-QH-A65V-D47248DC68F1EC-A84E-42E8-8F2E-BD8F195F5255147307ChemotherapyVINCRISTINENOStable Disease2982013,,TCGA-QH-A65V-F595613023153A-E583-4554-B403-477E60A9CEC4NOAliveStable Disease384NONOWITH TUMORNONO1552014Scheduled Follow-up SubmissionYESNO
Central nervous system,Oligoastrocytoma,No,FEMALE,Alive,-10440,,,237,WHITE,TCGA-QH-A65X,QH,A65X,451BAD4F-6D72-4526-9978-38E090FC479F,No,YES,C71.0,Mar-82,C71.0,YES,NO,0,28,2013,NO,TUMOR FREE,9,12,2013,NOT HISPANIC OR LATINO,Post-Adjuvant Therapy,YES,"Supratentorial, Frontal Lobe",G3,White Matter,YES,Right,NO,NO,NO,NO,NO,Seizures,0 - 30 Days,NO,NO,NO,NO,,NO,,,NO,,,NO,YES,NO,NO,YES,Sequence Analysis,NO,NO,,90,1,237,YES,Stable Disease,NO,NOTCGA-QH-A65X-D521749E786304-7510-4EEB-ADD4-8C590CD16794139143ChemotherapytemozolomideNOStable Disease9122013NOTCGA-QH-A65X-D52175BF362E39-FE1C-434A-9BD5-55034EA1D3AD237365ChemotherapylomustineNOStable Disease9122013NOTCGA-QH-A65X-D5217810F66F83-C03E-485A-8660-EBB562767B40237365ChemotherapyvincristineNOStable Disease9122013NOTCGA-QH-A65X-D52179B81F99CB-649A-436E-B7B9-76FA0AA133B6244365ChemotherapyProcarbazineNOStable Disease9122013,TCGA-QH-A65X-R52170928B11E6-B6C1-4D54-88DB-8E5B274EDB8E63103External54Gy27Primary Tumor FieldNOStable Disease9122013,TCGA-QH-A65X-F677541F25CD1E-428B-42DF-945A-5A915D44049ENOAliveStable Disease482NOTUMOR FREE11112014Scheduled Follow-up SubmissionStable DiseaseYESYES
Central nervous system,Oligodendroglioma,No,MALE,Alive,-19921,,,125,WHITE,TCGA-QH-A65Z,QH,A65Z,C2F9DFF7-751B-4704-8E6E-F4F800297030,No,YES,C71.0,Mar-50,C71.0,YES,NO,0,54,2013,NO,TUMOR FREE,2,8,2013,NOT HISPANIC OR LATINO,Preoperative,NO,"Supratentorial, Frontal Lobe",G2,White Matter,YES,Right,NO,NO,NO,YES,YES,Seizures,0 - 30 Days,NO,NO,NO,NO,,NO,,,NO,,,YES,YES,YES,NO,YES,IHC,YES,NO,,90,1,-10,YES,,NO,NOTCGA-QH-A65Z-D47242417D497C-BAB9-4E2D-8ADC-CAB6A66993E836215ChemotherapyVINCRISTINENOStable Disease2982013NOTCGA-QH-A65Z-D47233BEB98A3B-70E9-4079-AB18-C75B959D169736295ChemotherapyLOMUSTINENOStable Disease2982013NOTCGA-QH-A65Z-D47227035258F9-5274-43D9-ADF6-ECE0403B8F9736315ChemotherapyprocarbazineNOStable Disease2982013,TCGA-QH-A65Z-R5956961ECE88C-1F63-48D1-BDAB-2B4799671D48337375External54Gy27Primary Tumor FieldNOStable Disease1162014,TCGA-QH-A65Z-F5956899C52DD6-0D3E-4C46-A3E1-4DC2F0E54DE7NOAliveStable Disease427NOTUMOR FREENONO1062014Scheduled Follow-up SubmissionYESYES
Central nervous system,Astrocytoma,No,MALE,Alive,-15092,,,127,WHITE,TCGA-QH-A6CS,QH,A6CS,6D17C327-435A-4CBA-9626-3B5B7B7375BB,No,YES,C71.0,Mar-01,C71.0,YES,NO,0,41,2013,NO,WITH TUMOR,2,8,2013,NOT HISPANIC OR LATINO,Preoperative,YES,"Supratentorial, Frontal Lobe",G3,White Matter,YES,Right,YES,NO,NO,NO,YES,Seizures,0 - 30 Days,NO,NO,NO,NO,,NO,,,NO,,,YES,YES,YES,NO,YES,IHC,NO,NO,,90,1,-25,YES,Stable Disease,NO,NOTCGA-QH-A6CS-D46344E9963102-9F44-402A-AB06-9BD4490D144145423ChemotherapyTEMOZOLOMIDENOStable Disease782013NOTCGA-QH-A6CS-D6786144465574-74DD-4C53-B1AE-CC241D2CD651607ChemotherapyfotemustineYES13112014,TCGA-QH-A6CS-R46343D34B9CEA-1188-4F0B-A98F-85849EDB037B4584External54Gy27Primary Tumor FieldNOStable Disease782013,TCGA-QH-A6CS-F67755387EAFBA-366D-4314-B9FF-9E949D4F3EBFNOAliveStable Disease588YES498NOWITH TUMORYESNO13112014Scheduled Follow-up SubmissionYESYES
Central nervous system,Oligodendroglioma,No,FEMALE,Alive,-19149,,,-1,WHITE,TCGA-QH-A6CU,QH,A6CU,76CB16F9-37BE-450E-B60A-5F0D0F1EC2BC,No,YES,C71.0,Mar-51,C71.0,YES,NO,0,52,2013,NO,TUMOR FREE,2,8,2013,NOT HISPANIC OR LATINO,Preoperative,NO,"Supratentorial, Frontal Lobe",G3,White Matter,YES,Left,NO,YES,NO,NO,NO,Seizures,0 - 30 Days,NO,NO,YES,YES,> 20 Years,NO,,,NO,,,YES,YES,YES,NO,YES,IHC,YES,NO,,90,1,-13,NO,,NO,NOTCGA-QH-A6CU-D60340E0569F74-EC61-4BA1-9A60-F39D2FD52391399ChemotherapyTemozolomideYES662014,TCGA-QH-A6CU-R60338FBFD2D0E-F6CB-49BB-9B10-A62A867B358173120External60Gy30Primary Tumor FieldNOStable Disease662014,TCGA-QH-A6CU-F6034101C0BF10-31DF-4233-ADB1-04756C3B7DFFNOAliveStable Disease451NONOTUMOR FREENONO662014Scheduled Follow-up SubmissionStable DiseaseYESYES
Central nervous system,Oligoastrocytoma,No,MALE,Alive,-18955,,,90,ASIAN,TCGA-QH-A6CV,QH,A6CV,29E95C77-F55B-42E1-B81E-EAB4BB3CF803,No,YES,C71.0,Mar-82,C71.0,YES,NO,0,51,2013,NO,WITH TUMOR,2,8,2013,NOT HISPANIC OR LATINO,Preoperative,YES,"Supratentorial, Frontal Lobe",G3,White Matter,YES,Right,YES,NO,NO,NO,NO,Headaches,0 - 30 Days,NO,NO,NO,NO,,NO,,,NO,,,NO,YES,NO,NO,YES,Sequence Analysis,YES,,,90,1,-42,NO,,NO,,TCGA-QH-A6CV-R46346CEE9F6B3-471E-4853-B540-D2AD08C297295090External54Gy27Primary Tumor FieldNO9122013TCGA-QH-A6CV-R60217E3F26EC2-720C-42DB-8776-E0B8D5888C04348351External24Gy3Primary Tumor FieldNOStable Disease662014,TCGA-QH-A6CV-F6021870A70972-137D-40D1-89E8-AACCCB9AD568NOAliveStable Disease442NONOWITH TUMORNONO662014Scheduled Follow-up SubmissionStable DiseaseNOYES
Central nervous system,Oligoastrocytoma,No,MALE,Alive,-15847,,,-1,WHITE,TCGA-QH-A6CW,QH,A6CW,FE5C5C11-EF39-4907-9A70-67F37BB62FD7,No,YES,C71.0,Mar-82,C71.0,YES,NO,0,43,2013,NO,WITH TUMOR,2,8,2013,NOT HISPANIC OR LATINO,Preoperative,NO,"Supratentorial, Temporal Lobe",G3,White Matter,YES,Right,NO,NO,NO,NO,NO,Seizures,31 - 90 Days,YES,NO,YES,YES,> 20 Years,NO,,,NO,,,NO,YES,NO,NO,YES,IHC,YES,,,90,1,-8,NO,Partial Remission/Response,NO,,,TCGA-QH-A6CW-F60337D0EE6C9D-B9BF-4D05-9D17-8E26525F3FC4NOAlivePartial Remission/Response414NONOTUMOR FREENONO662014Scheduled Follow-up SubmissionPartial Remission/ResponseNONO
Central nervous system,Astrocytoma,No,MALE,Alive,-24252,,,-1,WHITE,TCGA-QH-A6CX,QH,A6CX,CF29547A-305B-4E6E-8342-36AAC0850065,No,YES,C71.0,Mar-00,C71.0,YES,NO,0,66,2013,NO,TUMOR FREE,2,8,2013,NOT HISPANIC OR LATINO,Preoperative,NO,"Supratentorial, Temporal Lobe",G2,White Matter,YES,Left,NO,NO,NO,NO,NO,Seizures,0 - 30 Days,NO,NO,NO,NO,,NO,,,NO,,,YES,YES,NO,NO,YES,IHC,NO,NO,,90,1,-7,NO,Complete Remission/Response,NO,,TCGA-QH-A6CX-R60336EA5C87ED-5F5A-4766-BA30-23072CA09DC3242242ExternalNORadiographic Progressive Disease662014,TCGA-QH-A6CX-F60335C455304E-F1C8-444F-A22F-82B3E161B057NODeadProgressive Disease372YES273NOWITH TUMORNONO662014Scheduled Follow-up SubmissionNOYES
Central nervous system,Oligoastrocytoma,No,MALE,Alive,-14140,,,67,WHITE,TCGA-QH-A6CY,QH,A6CY,E1758D75-B2A0-4386-BD72-6B2421D4DA6B,No,YES,C71.0,Mar-82,C71.0,YES,NO,0,38,2013,NO,,2,8,2013,NOT HISPANIC OR LATINO,Preoperative,YES,"Supratentorial, Frontal Lobe",G3,White Matter,YES,Right,YES,NO,NO,NO,NO,Headaches,0 - 30 Days,NO,NO,NO,NO,,NO,,,NO,,,YES,YES,NO,NO,YES,IHC,YES,,,90,1,-26,NO,,NO,NOTCGA-QH-A6CY-D60334670A7D1B-F8D3-4443-A785-8AE6F79B769F267ChemotherapyTemozolomideYESStable Disease662014,TCGA-QH-A6CY-R46347F75EE16A-BC12-4E7E-933E-E86E41D764433067External56Gy28Primary Tumor FieldNOStable Disease9122013,TCGA-QH-A6CY-F602152C2B9A3A-F971-4EA8-8EBC-64D524428000NOAliveStable Disease408NOWITH TUMOR662014Scheduled Follow-up SubmissionStable DiseaseYESYES
Central nervous system,Oligoastrocytoma,No,MALE,Alive,-14007,,,96,WHITE,TCGA-QH-A6CZ,QH,A6CZ,B4F4C9B5-BC50-4F35-A7DA-FD011C3B2C02,No,YES,C71.0,Mar-82,C71.0,YES,NO,0,38,2013,NO,TUMOR FREE,2,8,2013,NOT HISPANIC OR LATINO,Preoperative,NO,"Supratentorial, Frontal Lobe",G2,White Matter,YES,Right,NO,NO,NO,NO,NO,Seizures,0 - 30 Days,NO,NO,NO,NO,,NO,,,NO,,,YES,YES,NO,NO,YES,IHC,YES,,,90,1,-51,NO,Partial Remission/Response,NO,,,TCGA-QH-A6CZ-F602166C5CF2CB-E23F-4BB2-AF28-E07457CC2F43NOAliveStable Disease279NONOTUMOR FREENONO362014Scheduled Follow-up SubmissionStable DiseaseNONO
Central nervous system,Oligoastrocytoma,No,MALE,Alive,-10184,,,18,WHITE,TCGA-QH-A6X3,QH,A6X3,B60FCE04-9779-42C0-8161-D29D8A1D7C64,No,YES,C71.0,Mar-82,C71.0,YES,NO,0,27,2013,NO,,9,12,2013,NOT HISPANIC OR LATINO,Other,NO,"Supratentorial, Parietal Lobe",G2,White Matter,YES,Right,NO,NO,NO,NO,NO,Seizures,0 - 30 Days,NO,NO,NO,NO,,,,,,,,NO,NO,NO,NO,YES,IHC,YES,NO,,90,1,16,NO,Complete Remission/Response,,,,TCGA-QH-A6X3-F6774894F8F675-8373-4F83-B1D9-DB09536BD306NOAliveComplete Remission/Response313NOTUMOR FREE11112014Scheduled Follow-up SubmissionComplete Remission/ResponseNONO
Central nervous system,Oligoastrocytoma,No,MALE,Alive,-17258,,,192,WHITE,TCGA-QH-A6X4,QH,A6X4,976D067B-9D7F-4920-A04D-E831EDC6C2C2,No,YES,C71.0,Mar-82,C71.0,YES,NO,0,47,2013,NO,TUMOR FREE,9,12,2013,NOT HISPANIC OR LATINO,Pre-Adjuvant Therapy,YES,"Supratentorial, Temporal Lobe",G3,Cerebral Cortex,YES,Left,NO,NO,NO,YES,YES,Sensory Changes,0 - 30 Days,NO,NO,NO,NO,,,,,NO,,,YES,YES,NO,NO,YES,Sequence Analysis,YES,NO,,90,1,192,YES,Complete Remission/Response,NO,NOTCGA-QH-A6X4-D5218666530FFA-1EDB-4819-9F1D-22E7BD5BAC7E196342ChemotherapytemozolomideNOClinical Progressive Disease9122013,TCGA-QH-A6X4-R52185A71931FF-E114-4EF9-97C8-B15BA7F3E156101138External54Gy27Primary Tumor FieldNOComplete Response9122013,TCGA-QH-A6X4-F6774472B8568B-9EB3-4A59-B6F0-212EAEBCDB3BNOAliveComplete Remission/Response442NOTUMOR FREE11112014Scheduled Follow-up SubmissionComplete Remission/ResponseYESYES
Central nervous system,Oligoastrocytoma,No,FEMALE,Alive,-21239,,,119,WHITE,TCGA-QH-A6X5,QH,A6X5,ED833BE3-0E9B-4C9B-B6D5-1098F08265A0,No,YES,C71.0,Mar-82,C71.0,YES,NO,0,58,2013,NO,,9,12,2013,NOT HISPANIC OR LATINO,Other,NO,"Supratentorial, Frontal Lobe",G2,White Matter,YES,Left,NO,NO,NO,NO,YES,Seizures,0 - 30 Days,NO,NO,NO,NO,,,,,NO,,,NO,NO,NO,NO,YES,Sequence Analysis,YES,NO,,90,1,119,NO,,NO,,,TCGA-QH-A6X5-F6774532789522-AAAB-4CF4-A943-F0D84F619E1ENOAlive49711112014Scheduled Follow-up SubmissionNONO
Central nervous system,Oligodendroglioma,No,FEMALE,Alive,-20771,,,144,WHITE,TCGA-QH-A6X8,QH,A6X8,D209CFFC-FE21-4AE7-B610-E5668EA84A3B,No,YES,C71.0,Mar-51,C71.0,YES,NO,0,56,2013,NO,WITH TUMOR,9,12,2013,NOT HISPANIC OR LATINO,Post-Adjuvant Therapy,YES,"Supratentorial, Frontal Lobe",G3,White Matter,YES,Left,NO,YES,NO,NO,YES,Mental Status Changes,0 - 30 Days,NO,NO,NO,NO,,,,,NO,,,NO,YES,NO,NO,YES,IHC,YES,NO,,100,0,144,YES,Stable Disease,NO,NOTCGA-QH-A6X8-D52189024FC6C6-A023-4C1A-B135-9288BDD5473049292ChemotherapytemozolomideNOStable Disease9122013,TCGA-QH-A6X8-R52188C816FB69-CF94-43B6-9F7A-C1390854B0CB4990External54Gy27Primary Tumor FieldNOStable Disease9122013,TCGA-QH-A6X8-F67753A7E4AF59-6E8F-4C35-A001-B2F9304893EBNOAliveStable Disease509NOWITH TUMOR11112014Scheduled Follow-up SubmissionStable DiseaseYESYES
Central nervous system,Oligodendroglioma,No,FEMALE,Alive,-26992,,,58,WHITE,TCGA-QH-A6X9,QH,A6X9,1CA2E1B3-E3EB-4740-A69A-800E3EB60787,No,YES,C71.0,Mar-50,C71.0,YES,NO,0,73,2013,NO,,9,12,2013,NOT HISPANIC OR LATINO,Pre-Adjuvant Therapy,,"Supratentorial, Temporal Lobe",G2,White Matter,YES,Right,NO,YES,NO,NO,NO,Seizures,0 - 30 Days,NO,NO,NO,NO,,NO,,,NO,,,NO,YES,YES,NO,YES,Sequence Analysis,YES,NO,,40,3,58,,,,,,TCGA-QH-A6X9-F67996D32F81E0-E807-4561-B725-7B5D276A9CB5NOAlive58NO13112014Scheduled Follow-up SubmissionNONO
Central nervous system,Oligoastrocytoma,No,FEMALE,Alive,-8508,,,7,WHITE,TCGA-QH-A6XA,QH,A6XA,4289A50B-C6BE-495E-9826-53AEB67B6A22,No,YES,C71.0,Mar-82,C71.0,YES,NO,0,23,2013,NO,,9,12,2013,NOT HISPANIC OR LATINO,Pre-Adjuvant Therapy,,"Supratentorial, Frontal Lobe",G2,White Matter,NO,Left,NO,NO,NO,NO,NO,,,NO,NO,NO,YES,,NO,,,NO,,,NO,NO,NO,NO,YES,Sequence Analysis,YES,NO,,100,0,7,,,,,,TCGA-QH-A6XA-F67837498861CB-8AE0-4DAA-8DDA-EB9A529A8AAENOAliveComplete Remission/Response502NOTUMOR FREE12112014Scheduled Follow-up SubmissionComplete Remission/ResponseNONO
Central nervous system,Astrocytoma,No,MALE,Alive,-17692,,,153,WHITE,TCGA-QH-A6XC,QH,A6XC,62088274-A45B-4616-B086-B0DDD64895F0,No,YES,C71.0,Mar-01,C71.0,YES,NO,0,48,2013,NO,TUMOR FREE,9,12,2013,NOT HISPANIC OR LATINO,Post-Adjuvant Therapy,YES,"Supratentorial, Frontal Lobe",G3,White Matter,YES,Right,NO,NO,NO,NO,NO,Seizures,0 - 30 Days,YES,NO,NO,,,NO,,,,,,NO,YES,YES,NO,YES,Sequence Analysis,NO,NO,,70,1,153,YES,Complete Remission/Response,NO,NOTCGA-QH-A6XC-D52192F6A33868-3D93-44CE-9CA8-270A5FCBAE74103390ChemotherapytemozolomideNOClinical Progressive Disease9122013NOTCGA-QH-A6XC-D678250B0F408C-2A81-4F43-9CA1-6DF6838B52BA466ChemotherapylomustineYES12112014NOTCGA-QH-A6XC-D67826E8EBF11C-6633-4A34-AD2D-8A4C8D6E8267466ChemotherapyProcarbazineYES12112014NOTCGA-QH-A6XC-D67827F36FD59C-5D66-49E0-B8A1-7F5EED1D5496466ChemotherapyVincristineYES12112014,TCGA-QH-A6XC-R521900894EFCF-FA07-4AD2-ACE2-D47BEC65DD793675External54Gy27Primary Tumor FieldNOComplete Response9122013TCGA-QH-A6XC-R67824CC0748CA-554B-4BA2-B39D-C68691F7902E488491External21Gy3Local RecurrenceNOStable Disease12112014,TCGA-QH-A6XC-F67756E380B62D-492A-4675-BC38-C474EC318248NOAlive508YES438YES440WITH TUMORYESYES12112014Scheduled Follow-up SubmissionYESYES
Central nervous system,Oligodendroglioma,No,MALE,Alive,-12385,,,106,WHITE,TCGA-QH-A86X,QH,A86X,A96BCA45-ECC7-44F6-ACB6-48B0CEC3DE4D,No,YES,C71.0,Mar-50,C71.0,YES,NO,0,33,2013,NO,TUMOR FREE,12,2,2014,NOT HISPANIC OR LATINO,Other,NO,"Supratentorial, Frontal Lobe",G2,Cerebral Cortex,YES,Left,NO,NO,NO,NO,NO,Seizures,91 - 180 Days,NO,NO,NO,NO,,NO,,,NO,,,NO,YES,YES,,YES,IHC,YES,NO,,100,0,106,NO,Complete Remission/Response,NO,,,TCGA-QH-A86X-F67829141FF06B-0B90-43FA-BACB-DC729D4C533CNOAliveComplete Remission/Response337NOTUMOR FREE12112014Scheduled Follow-up SubmissionComplete Remission/ResponseNONO
Central nervous system,Oligoastrocytoma,No,FEMALE,Alive,-14082,,,2,WHITE,TCGA-QH-A870,QH,A870,345D975C-E666-4614-81EB-5CCBB5BD2CF7,No,YES,C71.0,Mar-82,C71.0,YES,NO,0,38,2013,NO,TUMOR FREE,12,2,2014,NOT HISPANIC OR LATINO,Other,NO,"Supratentorial, Occipital Lobe",G3,White Matter,NO,Right,YES,NO,YES,NO,NO,Headaches,> 181 Days,NO,NO,NO,NO,,,,,NO,,,YES,YES,YES,NO,YES,IHC,YES,NO,,80,1,2,NO,Complete Remission/Response,NO,NOTCGA-QH-A870-D6824117ABE603-39E5-415F-B81D-B29E52C111BC396ChemotherapytemozolomideYES14112014,,TCGA-QH-A870-F6799406EDC827-0874-466D-A0FA-9A8E0361EBD5NOAliveComplete Remission/Response395YES335NOWITH TUMORYESNO14112014Scheduled Follow-up SubmissionProgressive DiseaseNONO
Central nervous system,Oligodendroglioma,No,MALE,Alive,-14716,,,2702,WHITE,TCGA-R8-A6MK,R8,A6MK,65836B59-B469-4B89-ADF5-E65735E494F5,No,YES,C71.0,Mar-50,C71.0,NO,YES,0,40,2005,NO,,30,12,2013,NOT HISPANIC OR LATINO,,NO,"Supratentorial, Frontal Lobe",G2,,YES,Right,,,,,,,,,,,,,,,,,,,,,YES,NO,,,,,,,,,YES,,,,,
Central nervous system,Oligodendroglioma,No,MALE,Alive,-19185,,,2860,WHITE,TCGA-R8-A6ML,R8,A6ML,5119ACEB-AD95-4904-B6C0-A0A4B42C17D0,"Yes, Pharmaceutical Treatment Prior to Resection",YES,C71.0,Mar-51,C71.0,NO,YES,0,52,2005,,,30,12,2013,HISPANIC OR LATINO,,YES,"Supratentorial, Frontal Lobe",G3,,YES,Left,,,,,,,,,,,,,,,,,,,,,NO,NO,,,,,,,,,YES,,,,,
Central nervous system,Oligodendroglioma,No,FEMALE,Alive,-19432,,,993,ASIAN,TCGA-R8-A6MO,R8,A6MO,1EBDABEA-8931-47AF-A1CF-DE1BD1DE2A5B,No,YES,C71.0,Mar-50,C71.0,NO,YES,0,53,2009,,,30,12,2013,NOT HISPANIC OR LATINO,,NO,"Supratentorial, Frontal Lobe",G2,,YES,Right,,,,,,,,,,,,,,,,,,,,,NO,NO,,,,,,,,,NO,,,,,
Central nervous system,Oligodendroglioma,"Yes, History of Prior Malignancy",FEMALE,Alive,-17610,,,1806,WHITE,TCGA-R8-A73M,R8,A73M,DC7EC60B-5EA5-48A4-8908-55CAF9214272,No,YES,C71.0,Mar-50,C71.0,NO,YES,0,48,2008,,,30,12,2013,NOT HISPANIC OR LATINO,,NO,"Supratentorial, Parietal Lobe",G2,,,Left,YES,,YES,,,,,,,,,,,,,,,,,,YES,NO,,,,,,,,,YES,,NO,,,
Central nervous system,Oligodendroglioma,No,FEMALE,Alive,-16911,,,938,WHITE,TCGA-RY-A83X,RY,A83X,739CC9F1-71BE-4F81-A5D1-EDA673903E45,No,YES,C71.0,Mar-50,C71.0,YES,NO,0,46,2012,NO,TUMOR FREE,7,1,2015,NOT HISPANIC OR LATINO,,NO,"Supratentorial, Frontal Lobe",G2,Cerebral Cortex,NO,Right,NO,YES,NO,NO,NO,Mental Status Changes,> 181 Days,NO,NO,NO,NO,,,,,,,,,,NO,NO,YES,IHC,YES,NO,,,,,NO,,NO,,,TCGA-RY-A83X-F69371D1FF61B1-0207-44B7-8D81-BD3EA2A2AC5BNOAlive939NO712015Scheduled Follow-up SubmissionStable DiseaseNONO
Central nervous system,Oligodendroglioma,No,MALE,Alive,-16470,,,166,WHITE,TCGA-RY-A83Y,RY,A83Y,172701CF-709B-4E8F-B2FA-E2690A9E272D,No,YES,C71.0,Mar-50,C71.0,YES,NO,0,45,2012,NO,TUMOR FREE,15,1,2015,NOT HISPANIC OR LATINO,Other,NO,"Supratentorial, Parietal Lobe",G2,Cerebral Cortex,YES,Left,NO,YES,NO,NO,NO,Seizures,0 - 30 Days,NO,NO,NO,NO,,,,,,,,,,NO,NO,YES,IHC,YES,NO,,80,,2,,,,,,TCGA-RY-A83Y-F69684B7EDDC6A-64ED-415B-BA25-42AC2A57104DYES1512015Scheduled Follow-up Submission
Central nervous system,Astrocytoma,No,FEMALE,Alive,-19903,,,301,WHITE,TCGA-RY-A83Z,RY,A83Z,145C3685-F6DE-4669-8EC4-6C3431A90532,No,YES,C71.9,Mar-01,C71.9,YES,NO,0,54,2012,NO,WITH TUMOR,15,1,2015,NOT HISPANIC OR LATINO,,YES,"Supratentorial, Frontal Lobe",G3,Cerebral Cortex,YES,Left,NO,NO,NO,NO,NO,Seizures,0 - 30 Days,NO,NO,NO,NO,,,,,,,,,,NO,NO,NO,IHC,YES,NO,,,,,YES,Stable Disease,NO,,,TCGA-RY-A83Z-F696837FFE6D88-3A4E-4CC6-85C0-81A47066F754YES1512015Scheduled Follow-up Submission
Central nervous system,Oligodendroglioma,No,MALE,Alive,-17501,,,854,,TCGA-RY-A840,RY,A840,738143B3-2D82-42F0-9FD4-8CBABC9C9B4F,No,YES,C71.0,Mar-51,C71.0,YES,NO,0,47,2012,NO,WITH TUMOR,16,1,2015,,Pre-Adjuvant Therapy,NO,"Supratentorial, Temporal Lobe",G3,Cerebral Cortex,YES,Left,YES,NO,NO,NO,NO,Seizures,0 - 30 Days,NO,NO,YES,NO,< 12 Years,NO,,,,,,,,NO,NO,YES,IHC,YES,NO,,90,0,22,YES,Stable Disease,NO,,,TCGA-RY-A840-F6971462C23FD3-D088-4DBA-8444-DB73F572BC0DNOAliveStable Disease854NOWITH TUMOR1612015Scheduled Follow-up SubmissionStable DiseaseYESNO
Central nervous system,Astrocytoma,No,MALE,Alive,-11083,,,63,WHITE,TCGA-RY-A843,RY,A843,1F2F3BF6-ACDD-4A72-8C33-230DE40910EB,No,YES,C71.0,Mar-01,C71.0,YES,NO,0,30,2012,NO,WITH TUMOR,16,1,2015,NOT HISPANIC OR LATINO,,NO,"Supratentorial, Temporal Lobe",G3,Cerebral Cortex,YES,Left,NO,NO,NO,NO,NO,Seizures,> 181 Days,NO,NO,NO,NO,,,,,,,,,,NO,NO,YES,IHC,NO,NO,,,,,YES,,NO,,,TCGA-RY-A843-F697397694306A-668D-469A-8334-666FBEB3F8EBYESAlive631612015Scheduled Follow-up SubmissionStable Disease
Central nervous system,Oligoastrocytoma,No,FEMALE,Alive,-14617,,,596,WHITE,TCGA-RY-A845,RY,A845,36615695-921C-4C8A-93D6-6C788079BEAE,No,YES,C71.0,Mar-82,C71.0,YES,NO,0,40,2013,NO,TUMOR FREE,16,1,2015,NOT HISPANIC OR LATINO,,NO,"Supratentorial, Parietal Lobe",G2,Cerebral Cortex,YES,Left,NO,YES,NO,NO,NO,Mental Status Changes,0 - 30 Days,NO,NO,YES,NO,< 12 Years,NO,,,,,,,,NO,NO,YES,IHC,NO,NO,,80,,1,NO,,NO,,,TCGA-RY-A845-F69753841FBC5A-C059-46D9-9B81-FECE85329AD8NOAlive596NOTUMOR FREE1612015Scheduled Follow-up SubmissionNONO
Central nervous system,Oligodendroglioma,No,MALE,Alive,-16732,,,933,WHITE,TCGA-RY-A847,RY,A847,FFF304A2-113F-499D-A88C-9D3660C348D9,No,YES,C71.0,Mar-50,C71.0,YES,NO,0,45,2012,NO,TUMOR FREE,16,1,2015,NOT HISPANIC OR LATINO,Other,NO,"Supratentorial, Frontal Lobe",G2,Cerebral Cortex,NO,Right,NO,NO,NO,NO,NO,,,,,,,,,,,,,,,,NO,NO,YES,IHC,YES,NO,,90,,62,NO,,NO,,,TCGA-RY-A847-F69806C6397C70-0482-41A4-987F-5E5A473DB207NOAlive933NO2012015Scheduled Follow-up SubmissionStable DiseaseNONO
Central nervous system,Astrocytoma,No,FEMALE,Dead,-17857,,1891,,WHITE,TCGA-S9-A6TS,S9,A6TS,41E4DC71-7767-44C2-9D38-110DCD37B451,No,YES,C71.0,Mar-01,C71.0,NO,YES,0,48,2006,NO,WITH TUMOR,30,10,2013,NOT HISPANIC OR LATINO,Preoperative,YES,"Supratentorial, Frontal Lobe",G3,Cerebral Cortex,NO,Right,NO,NO,NO,NO,NO,,,NO,NO,NO,NO,,NO,,,NO,,,NO,NO,,,NO,,,NO,,100,0,-10,NO,Progressive Disease,YES1324YES1324NOYES,NOTCGA-S9-A6TS-D519437263A8F3-DF15-43AC-AFFB-AFC300FD85C316141697ChemotherapyCarmustineNOClinical Progressive Disease26112013NOTCGA-S9-A6TS-D5194258259028-B8FE-40C9-81C8-A5710FB35B1713521603ChemotherapyTemozolamideNOClinical Progressive Disease26112013NOTCGA-S9-A6TS-D519442130E3E9-86B7-4792-ABF1-36699EE70C5817041859Targeted Molecular therapyBevacizumabNOClinical Progressive Disease26112013,TCGA-S9-A6TS-R51941C2573AC2-6094-484C-8447-D7001862CBFC078External59.4Gy33Primary Tumor FieldNOStable Disease26112013,TCGA-S9-A6TS-F5194574B6FEC2-31FE-4373-93A8-2FA1CD37B9BENODeadProgressive Disease1891YES1324YES1324WITH TUMORYESNO26112013Scheduled Follow-up SubmissionProgressive DiseaseNOYES
Central nervous system,Astrocytoma,No,MALE,Alive,-14108,,,2101,WHITE,TCGA-S9-A6TU,S9,A6TU,688FC346-A14D-4859-8727-057CD0A0B880,No,YES,C71.0,Mar-00,C71.0,NO,YES,0,38,2007,NO,WITH TUMOR,30,10,2013,NOT HISPANIC OR LATINO,Preoperative,NO,"Supratentorial, Temporal Lobe",G2,Cerebral Cortex,YES,Left,NO,NO,NO,YES,NO,Sensory Changes,31 - 90 Days,NO,NO,NO,NO,,NO,,,NO,,,NO,NO,,,YES,IHC,YES,,,100,0,-2,NO,Partial Remission/Response,YES1475YES1504NONO,,,TCGA-S9-A6TU-F637580BB2FB53-2C6E-452B-85E8-2C506EEF2C1FNOAlivePartial Remission/Response2650YES2650NOWITH TUMORNONO1882014Additional New Tumor EventProgressive DiseaseNONO
Central nervous system,Oligoastrocytoma,No,MALE,Alive,-18321,,,571,WHITE,TCGA-S9-A6TV,S9,A6TV,048056CD-39DD-4134-A58B-70BEBB3DD2FF,No,YES,C71.0,Mar-82,C71.0,NO,YES,0,50,2010,NO,TUMOR FREE,12,12,2013,NOT HISPANIC OR LATINO,Preoperative,YES,"Supratentorial, Frontal Lobe",G3,Cerebral Cortex,NO,Right,YES,NO,YES,NO,YES,Headaches,0 - 30 Days,NO,NO,NO,NO,,NO,,,NO,,,YES,NO,,,YES,IHC,YES,,,90,1,-14,YES,Complete Remission/Response,NO,NOTCGA-S9-A6TV-D54120D2063D3F-C321-44EF-97BF-4C2A2430F2642668ChemotherapyTemozolamideNOStable Disease17122013,TCGA-S9-A6TV-R5411966ACC269-A510-46AC-807B-BFF67F5229B62668External54Gy30Primary Tumor FieldNOStable Disease17122013,TCGA-S9-A6TV-F67222A33D1658-C2DB-47BB-BF53-04E59CD75E27YESAliveComplete Remission/Response571TUMOR FREE3112014Scheduled Follow-up SubmissionYESYES
Central nervous system,Oligodendroglioma,No,MALE,Alive,-14679,,,860,WHITE,TCGA-S9-A6TW,S9,A6TW,C45E02E5-7E3C-4F36-8B8D-F54617E8A436,No,YES,C71.0,Mar-51,C71.0,NO,YES,0,40,2011,NO,WITH TUMOR,31,10,2013,NOT HISPANIC OR LATINO,Preoperative,NO,"Supratentorial, Frontal Lobe",G3,Cerebral Cortex,NO,Left,YES,NO,NO,YES,YES,Motor/Movement Changes,31 - 90 Days,NO,NO,YES,NO,,NO,,,NO,,,YES,NO,,,YES,IHC,YES,,,90,1,-8,YES,Partial Remission/Response,NO,NOTCGA-S9-A6TW-D54121CE62E6FD-96CE-4050-999D-5D133BB1CA4D25304ChemotherapyTemozolomideNOStable Disease17122013,"TCGA-S9-A6TW-R631056BD39A50-8DAE-4E77-BBDC-6572A6BEFF4C10571104External49,433Local RecurrenceNOComplete Response3172014",TCGA-S9-A6TW-F63103A569F2B3-7F15-4579-B8DC-59536DBD1FB2NOAlivePartial Remission/Response1151YES861YES1018TUMOR FREENOYES3172014Additional New Tumor EventComplete Remission/ResponseYESNOTCGA-S9-A6TW-F69523FEC5BB13-A2E8-46F8-B571-27DEAD8E9C6BNOAlivePartial Remission/Response1250NOTUMOR FREE1312015Scheduled Follow-up SubmissionComplete Remission/ResponseYESNO
Central nervous system,Oligodendroglioma,No,MALE,Alive,-17025,,,856,WHITE,TCGA-S9-A6TX,S9,A6TX,432FE4A9-2CDC-4323-AFF0-59E2FDEDA194,No,YES,C71.0,Mar-51,C71.0,NO,YES,0,46,2011,NO,WITH TUMOR,31,10,2013,NOT HISPANIC OR LATINO,Preoperative,NO,"Supratentorial, Temporal Lobe",G3,Cerebral Cortex,NO,Left,YES,NO,NO,YES,NO,Headaches,0 - 30 Days,NO,NO,NO,NO,,NO,,,NO,,,NO,NO,,,YES,IHC,YES,,,100,0,-34,YES,Complete Remission/Response,YES856NOYESNO,NOTCGA-S9-A6TX-D5412279C328DC-965E-4B79-BE0D-C28DC492D171268856ChemotherapyTemozolomideNOComplete Response17122013,TCGA-S9-A6TX-R541235BC96D31-6668-433C-B9B5-1A86A745B970875External60Gy30Primary Tumor FieldYES17122013,TCGA-S9-A6TX-F6292491D5E826-F407-414E-B1BA-ED1C5334A4ACNOAliveComplete Remission/Response1049NOWITH TUMOR2972014Scheduled Follow-up SubmissionPartial Remission/ResponseYESNOTCGA-S9-A6TX-F695246BF62AEC-FDE0-4175-A8B3-48A31F3789DFNOAliveComplete Remission/Response1245NOWITH TUMOR1312015Scheduled Follow-up SubmissionPartial Remission/ResponseYESNO
Central nervous system,Oligodendroglioma,No,MALE,Alive,-18564,,,684,WHITE,TCGA-S9-A6TY,S9,A6TY,DCBBACA6-A24B-4BED-95DE-314CFF71E436,No,YES,C71.0,Mar-50,C71.0,NO,YES,0,50,2011,NO,WITH TUMOR,31,10,2013,NOT HISPANIC OR LATINO,Preoperative,NO,"Supratentorial, Temporal Lobe",G2,Cerebral Cortex,YES,Left,NO,NO,NO,NO,NO,Seizures,0 - 30 Days,NO,NO,NO,YES,,NO,,,YES,"hair of animals, not further specified",,NO,YES,,,YES,IHC,NO,,,100,0,-18,YES,Partial Remission/Response,NO,NOTCGA-S9-A6TY-D54129B9AD9F54-7C56-4194-9F81-5B8774E9E3A25274ChemotherapyTemozolomideNOStable Disease17122013,,TCGA-S9-A6TY-F62929EC8D9DEB-D61F-4DC5-9CEB-60911357995DNOAlivePartial Remission/Response953NOWITH TUMOR2972014Scheduled Follow-up SubmissionStable DiseaseYESNOTCGA-S9-A6TY-F699797C0F957F-C722-4E99-A2AC-ECC1180A0DB6NOAlivePartial Remission/Response1076NOWITH TUMOR2612015Scheduled Follow-up SubmissionStable DiseaseYESNO
Central nervous system,Astrocytoma,No,FEMALE,Alive,-14592,,,658,WHITE,TCGA-S9-A6TZ,S9,A6TZ,B297C4DC-EC58-4392-908A-586E81D57EF0,No,YES,C71.0,Mar-00,C71.0,NO,YES,0,39,2011,NO,WITH TUMOR,31,10,2013,NOT HISPANIC OR LATINO,Preoperative,NO,"Supratentorial, Frontal Lobe",G2,Cerebral Cortex,NO,Left,NO,YES,NO,NO,NO,Mental Status Changes,> 181 Days,NO,NO,NO,NO,,,,,NO,,,YES,NO,,,YES,IHC,YES,,,100,0,-15,NO,Partial Remission/Response,YES552NOYESNO,,TCGA-S9-A6TZ-R54133473045FD-11FC-4C17-B5AD-963A42995EB0627658External54Gy27Primary Tumor FieldNOStable Disease17122013,TCGA-S9-A6TZ-F637591210ED73-346A-4862-96D4-FAD472D23511NOAlivePartial Remission/Response873NOWITH TUMOR1882014Scheduled Follow-up SubmissionStable DiseaseNONOTCGA-S9-A6TZ-F6998022F17F80-0D24-4889-90F7-1F2867C444FBNOAlivePartial Remission/Response1120NOWITH TUMOR2612015Scheduled Follow-up SubmissionStable DiseaseNONO
Central nervous system,Astrocytoma,No,MALE,Alive,-16890,,,498,WHITE,TCGA-S9-A6U0,S9,A6U0,A343FBE3-147A-4656-9E90-5408298CA12C,No,YES,C71.0,Mar-01,C71.0,NO,YES,0,46,2012,NO,WITH TUMOR,31,10,2013,NOT HISPANIC OR LATINO,Preoperative,YES,"Supratentorial, Temporal Lobe",G3,Cerebral Cortex,YES,Right,NO,NO,NO,NO,NO,Seizures,0 - 30 Days,NO,NO,NO,NO,,NO,,,NO,,,NO,NO,,,YES,IHC,NO,,,100,0,-18,YES,Partial Remission/Response,NO,NOTCGA-S9-A6U0-D54135E8308CBE-67F1-4074-B091-5B632DC7B1E53064ChemotherapyTemozolomideNOStable Disease17122013NOTCGA-S9-A6U0-D54136DB7B276C-FD50-475A-B68F-9974D22DFA3896264ChemotherapyTemozolomideNOStable Disease17122013NOTCGA-S9-A6U0-D6550661FB2564-39E2-4F0F-B0B7-BE0E4D4F4ACD698Targeted Molecular therapyBevacizumabYES2492014NOTCGA-S9-A6U0-D7000375759921-173C-42B8-9F23-1ED2D3FA32FC603ChemotherapyCarmustineNOClinical Progressive Disease2612015NOTCGA-S9-A6U0-D70005DE7BF179-1B4B-4870-AFA3-F954B842FD71603ChemotherapyTeniposideNOClinical Progressive Disease2612015,TCGA-S9-A6U0-R54134C2C4D8EA-77C5-4AC0-974D-EF7ACDD5BD1F3064External60Gy30Primary Tumor FieldNOStable Disease17122013,TCGA-S9-A6U0-F65505E6AAFF5B-8B77-45E0-B9DA-B6AE02E6C64ENOAlivePartial Remission/Response698YES692WITH TUMORYESNO2492014Additional New Tumor EventProgressive DiseaseYESYESTCGA-S9-A6U0-F72340311F9CE3-EB25-4E54-A3B3-081A1852C1EENODeadPartial Remission/Response742NOWITH TUMOR2752015Scheduled Follow-up SubmissionProgressive DiseaseYESYES
Central nervous system,Astrocytoma,No,FEMALE,Alive,-8271,,,344,WHITE,TCGA-S9-A6U1,S9,A6U1,A5E10E2E-5157-487B-88DC-6C70AD5E244A,No,YES,C71.0,Mar-01,C71.0,NO,YES,0,22,2012,NO,WITH TUMOR,31,10,2013,NOT HISPANIC OR LATINO,Preoperative,NO,"Supratentorial, Frontal Lobe",G3,Cerebral Cortex,NO,Right,NO,NO,NO,YES,NO,Sensory Changes,0 - 30 Days,NO,NO,NO,NO,,NO,,,NO,,,NO,NO,NO,NO,YES,IHC,NO,,,100,0,-13,YES,Complete Remission/Response,NO,NOTCGA-S9-A6U1-D54137DAF6DEBA-5874-4702-8C90-D11C9A8119631253ChemotherapyTemozolomideNOComplete Response17122013,,TCGA-S9-A6U1-F6376067CE99F0-7B27-4F16-97D4-A8E6784C6E6BNOAliveComplete Remission/Response536NOTUMOR FREE1882014Scheduled Follow-up SubmissionComplete Remission/ResponseYESNOTCGA-S9-A6U1-F69560F3A4A89B-CAE9-46CE-B976-C258A8BCC331NOAliveComplete Remission/Response785NOTUMOR FREE1412015Scheduled Follow-up SubmissionComplete Remission/ResponseYESNO
Central nervous system,Oligodendroglioma,No,FEMALE,Alive,-17800,,,475,WHITE,TCGA-S9-A6U2,S9,A6U2,41FBB9F1-4A13-48AB-8649-0608C89CDD9F,No,YES,C71.0,Mar-50,C71.0,NO,YES,0,48,2012,NO,WITH TUMOR,31,10,2013,NOT HISPANIC OR LATINO,Preoperative,YES,"Supratentorial, Frontal Lobe",G2,Cerebral Cortex,YES,Right,NO,NO,NO,NO,NO,Seizures,0 - 30 Days,NO,NO,NO,NO,,NO,,,NO,,,NO,YES,,,YES,IHC,YES,,,100,0,-6,NO,Partial Remission/Response,NO,,TCGA-S9-A6U2-R541388CA00905-E837-4875-B334-F75087B929AE666External54Gy30Primary Tumor FieldNOStable Disease17122013,TCGA-S9-A6U2-F62930D7605DAC-EA70-4CDE-A78C-93C34384D691NOAlivePartial Remission/Response719NOWITH TUMOR2972014Scheduled Follow-up SubmissionStable DiseaseNOYESTCGA-S9-A6U2-F699835C5198F1-AE6F-4D1D-81A5-FF00BD8C15A2NOAlivePartial Remission/Response908NOWITH TUMOR2612015Scheduled Follow-up SubmissionStable DiseaseNOYES
Central nervous system,Astrocytoma,No,MALE,Alive,-12417,,,610,WHITE,TCGA-S9-A6U5,S9,A6U5,621424EC-67BC-4C42-B0AD-64C5654B5AD9,No,YES,C71.0,Mar-00,C71.0,NO,YES,0,33,2011,NO,TUMOR FREE,31,10,2013,NOT HISPANIC OR LATINO,Preoperative,NO,"Supratentorial, Temporal Lobe",G2,Cerebral Cortex,YES,Right,NO,NO,NO,NO,NO,Seizures,31 - 90 Days,NO,NO,NO,NO,,NO,,,NO,,,NO,YES,,,YES,IHC,YES,,,100,0,-6,NO,Complete Remission/Response,NO,,,TCGA-S9-A6U5-F6293216B4B4CE-88A3-4F93-9EDD-7996245DDB89NOAliveComplete Remission/Response992NOTUMOR FREENONO2972014Scheduled Follow-up SubmissionStable DiseaseNONO
Central nervous system,Astrocytoma,No,MALE,Alive,-10253,,,300,WHITE,TCGA-S9-A6U6,S9,A6U6,8ED09A8A-3284-4A1B-B369-E25D2FAB0F61,No,YES,C71.0,Mar-01,C71.0,NO,YES,0,28,2012,NO,TUMOR FREE,4,11,2013,NOT HISPANIC OR LATINO,Preoperative,YES,"Supratentorial, Temporal Lobe",G3,Cerebral Cortex,NO,Left,NO,NO,NO,NO,NO,,,NO,NO,NO,NO,,NO,,,NO,,,NO,NO,,,YES,IHC,YES,NO,,100,0,-3,NO,Complete Remission/Response,NO,,"TCGA-S9-A6U6-R542716AE9AA8B-596B-429D-B0DF-ECA833190BF260110External59,4Gy33Primary Tumor FieldNOComplete Response18122013",TCGA-S9-A6U6-F67224128E5C5A-A168-4BB1-B88E-EA04AC0F0A70NOAliveComplete Remission/Response489NOTUMOR FREE3112014Scheduled Follow-up SubmissionComplete Remission/ResponseNOYESTCGA-S9-A6U6-F72342696B1232-17D7-451C-B9F5-CB0EB01B56B4NOAliveComplete Remission/Response10692752015Scheduled Follow-up SubmissionNOYES
Central nervous system,Astrocytoma,No,MALE,Alive,-9044,,,2878,WHITE,TCGA-S9-A6U8,S9,A6U8,B10A9314-FD40-459E-97EA-AFFC636DCEEA,No,YES,C71.0,Mar-00,C71.0,NO,YES,0,24,2005,NO,WITH TUMOR,4,11,2013,NOT HISPANIC OR LATINO,Preoperative,NO,"Supratentorial, Temporal Lobe",G2,White Matter,YES,Left,NO,NO,NO,NO,NO,Seizures,> 181 Days,NO,NO,NO,NO,,NO,,,NO,,,NO,NO,,,NO,,,,,100,0,-31,NO,Partial Remission/Response,YES367NOYESNO,NOTCGA-S9-A6U8-D65503DA2DA54A-C52B-49DE-8153-D1D2207C107D28322988Targeted Molecular therapyBevacizumabNO2492014NOTCGA-S9-A6U8-D67329A70CE6B1-C8BE-460D-9896-3B76422807D919952200ChemotherapyTemozolomideNOStable Disease4112014NOTCGA-S9-A6U8-D6733101F378FF-08BF-4C09-940D-608E205273E127202762ChemotherapyCarmustinNOClinical Progressive Disease4112014NOTCGA-S9-A6U8-D6733350DE2066-0076-475B-9024-2CB0E175992A27872794ChemotherapyTemozolomideNOClinical Progressive Disease4112014,"TCGA-S9-A6U8-R67326E73B5756-CD45-4CC7-9EC8-DE84DB5EFAA1381External59,4GyPrimary Tumor FieldNOPartial Response4112014",TCGA-S9-A6U8-F65495ABC7E671-7584-4D6A-BDE7-B180552B3D64NODeadPartial Remission/Response2988YES367WITH TUMORNONO2492014Scheduled Follow-up SubmissionProgressive DiseaseNONO
Central nervous system,Astrocytoma,No,MALE,Alive,-13460,,,2546,WHITE,TCGA-S9-A6U9,S9,A6U9,38ECA720-AD68-43A7-8A1C-F79F838D5D03,No,YES,C71.0,Mar-01,C71.0,NO,YES,0,36,2006,NO,WITH TUMOR,4,11,2013,NOT HISPANIC OR LATINO,,YES,"Supratentorial, Frontal Lobe",G3,White Matter,YES,Right,NO,YES,NO,NO,NO,Seizures,> 181 Days,NO,NO,NO,NO,,NO,,,NO,,,NO,YES,NO,NO,NO,,,,,,,,NO,Partial Remission/Response,NO,,"TCGA-S9-A6U9-R54272BCFD4F13-3F7E-4E58-802D-762425DC711E229276External59,4Gy33Primary Tumor FieldNOStable Disease18122013",TCGA-S9-A6U9-F62934CC0E7418-63FE-435E-B3B1-60F28589AF2ENOAlivePartial Remission/Response2918NOWITH TUMORNONO2972014Scheduled Follow-up SubmissionStable DiseaseNOYES
Central nervous system,Astrocytoma,No,MALE,Dead,-24242,,178,,WHITE,TCGA-S9-A6UA,S9,A6UA,E6B7420F-4315-46A8-AED5-5C47CCE5DED3,No,YES,C71.0,Mar-01,C71.0,NO,YES,0,66,2008,NO,WITH TUMOR,4,11,2013,NOT HISPANIC OR LATINO,Preoperative,NO,"Supratentorial, Temporal Lobe",G3,"Deep Gray (e.g.basal ganglia, thalamus)",NO,Right,NO,YES,NO,NO,NO,Mental Status Changes,> 181 Days,NO,NO,NO,NO,,NO,,,NO,,,NO,NO,,,NO,,,,,60,2,-6,NO,Progressive Disease,YES161NONONO,,,TCGA-S9-A6UA-F51947BA3390FC-13C2-4F4A-80E3-59AC6AAD4299NODeadProgressive Disease178YES161NOWITH TUMORNONO26112013Scheduled Follow-up SubmissionProgressive DiseaseNONO
Central nervous system,Oligodendroglioma,No,MALE,Alive,-19223,,,3156,WHITE,TCGA-S9-A6UB,S9,A6UB,DD85DBB2-31C3-4BC2-9DFF-3BD27C79A9AD,No,YES,C71.0,Mar-50,C71.0,NO,YES,0,52,2005,NO,TUMOR FREE,4,11,2013,NOT HISPANIC OR LATINO,Preoperative,NO,"Supratentorial, Frontal Lobe",G2,Cerebral Cortex,NO,Right,NO,NO,NO,NO,NO,,,YES,NO,NO,NO,,NO,,,NO,,,NO,NO,,,NO,,,,,100,0,-1,NO,Complete Remission/Response,NO,,,TCGA-S9-A6UB-F63761CFA58D11-9D10-4D94-A2D6-01BCE7952DF8NOAliveComplete Remission/Response3236NOTUMOR FREE1882014Scheduled Follow-up SubmissionStable DiseaseNONOTCGA-S9-A6UB-F69985CEFE444E-F00B-46CA-8FE1-E6ACD5D007D1NOAliveComplete Remission/Response3236NOTUMOR FREE2612015Scheduled Follow-up SubmissionStable DiseaseNONOTCGA-S9-A6UB-F712625A8501B0-1662-40EF-9E8E-664B05E4592EYESAliveComplete Remission/Response3236NOTUMOR FREE2432015Scheduled Follow-up SubmissionStable DiseaseNONOTCGA-S9-A6UB-F72418358540A0-96C2-4774-AE5D-C82FB555FE22NOAliveComplete Remission/Response37611562015Scheduled Follow-up SubmissionNONO
Central nervous system,Oligodendroglioma,No,MALE,Alive,-21231,,,1897,WHITE,TCGA-S9-A6WD,S9,A6WD,3E4851CA-4D69-4035-A2DD-8ED6E70F1FFB,No,YES,C71.0,Mar-51,C71.0,NO,YES,0,58,2008,NO,WITH TUMOR,4,11,2013,NOT HISPANIC OR LATINO,Preoperative,NO,"Supratentorial, Parietal Lobe",G3,Cerebral Cortex,YES,Left,NO,NO,NO,NO,NO,Seizures,> 181 Days,NO,NO,NO,NO,,NO,,,NO,,,NO,YES,,,NO,,,,,100,0,-2,YES,Partial Remission/Response,NO,NOTCGA-S9-A6WD-D54273ABFA8D57-5DAF-4AB3-A26C-A1C0BD804AF362322ChemotherapyTemozolomideNOStable Disease18122013,,TCGA-S9-A6WD-F62935CD513468-EFB5-4482-8D2F-882FF11F5B6DNOAlivePartial Remission/Response2114NOWITH TUMORNONO2972014Scheduled Follow-up SubmissionStable DiseaseYESNOTCGA-S9-A6WD-F699862F07981F-D7E3-463A-A87F-A1C565D4CD91NOAlivePartial Remission/Response2289NOWITH TUMOR2612015Scheduled Follow-up SubmissionStable DiseaseYESNO
Central nervous system,Oligodendroglioma,No,MALE,Alive,-12488,,,2208,WHITE,TCGA-S9-A6WE,S9,A6WE,6D2C49C3-0721-4BD2-B39F-7872F2DE996D,No,YES,C71.0,Mar-50,C71.0,NO,YES,0,34,2004,NO,WITH TUMOR,4,11,2013,NOT HISPANIC OR LATINO,Preoperative,NO,"Supratentorial, Frontal Lobe",G2,Cerebral Cortex,NO,Right,NO,NO,NO,YES,NO,Sensory Changes,> 181 Days,NO,NO,NO,NO,,NO,,,NO,,,YES,YES,,,NO,,,,,100,0,-4,YES,Partial Remission/Response,NO,NOTCGA-S9-A6WE-D54274E164A769-7AB9-4E57-BC46-B974EFBE174A8ChemotherapyTemozolamideNO18122013,,TCGA-S9-A6WE-F67225725BCE31-0E9D-4C21-BC79-1EE2A41FD808YESAlivePartial Remission/Response2208WITH TUMOR3112014Scheduled Follow-up SubmissionYESNOTCGA-S9-A6WE-F69987D0AE820D-8138-41F1-8DB8-6C84416F2A65YESAlivePartial Remission/Response2208WITH TUMOR2612015Scheduled Follow-up SubmissionYESNOTCGA-S9-A6WE-F71263438EEE07-92A2-48EF-BDFA-8D83BEAB7792YESAlivePartial Remission/Response2208WITH TUMOR2432015Scheduled Follow-up SubmissionYESNOTCGA-S9-A6WE-F72356E6ECB56D-713D-48FD-BF58-612FF8BC7DD8NOAlivePartial Remission/Response4113WITH TUMOR262015Scheduled Follow-up SubmissionYESNO
Central nervous system,Astrocytoma,No,MALE,Alive,-11509,,,2146,WHITE,TCGA-S9-A6WG,S9,A6WG,A1192DF3-7667-4D1E-A1A0-79F6CC827DCF,No,YES,C71.0,Mar-01,C71.0,NO,YES,0,31,2007,NO,WITH TUMOR,5,11,2013,NOT HISPANIC OR LATINO,Preoperative,YES,"Supratentorial, Frontal Lobe",G3,Cerebral Cortex,YES,Right,NO,NO,NO,NO,NO,Seizures,0 - 30 Days,NO,NO,NO,NO,,NO,,,NO,,,YES,YES,,,NO,,,,,100,0,-12,YES,Progressive Disease,NO,NOTCGA-S9-A6WG-D54278E826C6BB-BE8F-47ED-AB58-889FA1450494382386ChemotherapyTemozolomideNOStable Disease18122013,TCGA-S9-A6WG-R542777252AC65-0BBE-4D72-8BFB-9D7EFE8502902871External60Gy30Primary Tumor FieldNOStable Disease18122013,TCGA-S9-A6WG-F6311235DDA639-59D0-42F9-988C-A2C3395A8C73NOAliveProgressive Disease2437NOWITH TUMOR3172014Scheduled Follow-up SubmissionStable DiseaseYESYESTCGA-S9-A6WG-F699883DE16DB7-B964-4A49-ADB0-D9D1086EBD3CNOAliveProgressive Disease2602NOWITH TUMOR2612015Scheduled Follow-up SubmissionStable DiseaseYESYES
Central nervous system,Oligoastrocytoma,No,FEMALE,Alive,-26904,,,697,WHITE,TCGA-S9-A6WH,S9,A6WH,0BDE34DD-DAE9-4533-98EF-F5A61A11E7C4,No,YES,C71.0,Mar-82,C71.0,NO,YES,0,73,2011,NO,WITH TUMOR,5,11,2013,NOT HISPANIC OR LATINO,Preoperative,YES,"Supratentorial, Temporal Lobe",G2,Cerebral Cortex,NO,Right,NO,YES,NO,YES,YES,Motor/Movement Changes,,NO,NO,NO,NO,,NO,,,NO,,,NO,NO,,,YES,IHC,YES,,,80,1,-14,NO,Partial Remission/Response,NO,,"TCGA-S9-A6WH-R54280F2CF49B6-F83C-43EF-8589-DBC5646C5FB93881External54,9Gy33Primary Tumor FieldNOStable Disease18122013",TCGA-S9-A6WH-F63114BE50ADA6-92F8-4664-8D4B-98ECE5FAC585NOAlivePartial Remission/Response987NOWITH TUMOR3172014Scheduled Follow-up SubmissionStable DiseaseNOYESTCGA-S9-A6WH-F699899A7F0212-3FA1-48CD-B585-4A0CB61F7407NOAlivePartial Remission/Response1173NOWITH TUMOR2612015Scheduled Follow-up SubmissionStable DiseaseNOYES
Central nervous system,Oligoastrocytoma,No,FEMALE,Alive,-20609,,,2149,WHITE,TCGA-S9-A6WI,S9,A6WI,0B283F95-DBD4-4C36-9201-2198A90EE0D6,No,YES,C71.0,Mar-82,C71.0,NO,YES,0,56,2006,NO,WITH TUMOR,5,11,2013,NOT HISPANIC OR LATINO,Preoperative,YES,"Supratentorial, Frontal Lobe",G2,White Matter,NO,Right,YES,YES,NO,NO,NO,Headaches,,NO,NO,YES,NO,,NO,,,NO,,,NO,NO,,,NO,,,,,100,0,-1,NO,Partial Remission/Response,NO,,TCGA-S9-A6WI-R5428175D2B520-529E-4068-A875-DD65F597BC2A57120External54Gy30Primary Tumor FieldNOStable Disease18122013,TCGA-S9-A6WI-F63762B3F7FE1D-25BE-4DC5-ADCB-C6923364F0A1NOAlivePartial Remission/Response2585NOWITH TUMORNONO1882014Scheduled Follow-up SubmissionStable DiseaseNOYES
Central nervous system,Astrocytoma,No,MALE,Alive,-19234,,,331,WHITE,TCGA-S9-A6WL,S9,A6WL,D62D871B-4612-4BF4-B53C-9DD431E507A0,No,YES,C71.0,Mar-01,C71.0,NO,YES,0,52,2012,NO,WITH TUMOR,5,11,2013,NOT HISPANIC OR LATINO,Preoperative,NO,"Supratentorial, Frontal Lobe",G3,Cerebral Cortex,YES,Right,NO,NO,NO,NO,NO,Seizures,0 - 30 Days,NO,NO,NO,NO,,NO,,,NO,,,NO,YES,,,YES,IHC,YES,,,100,0,-2,NO,Progressive Disease,YES240NOYESNO,,TCGA-S9-A6WL-R6722631F58B83-D63E-4A27-9ABB-2A8A79F7199B285External60GyRegional siteNO3112014,TCGA-S9-A6WL-F67227714A88DA-1BF3-46E9-9462-DEF3E2AB2FF2NOAliveProgressive Disease946NOWITH TUMORNOYES3112014Scheduled Follow-up SubmissionNONO
Central nervous system,Astrocytoma,No,FEMALE,Alive,-21761,,,283,WHITE,TCGA-S9-A6WM,S9,A6WM,F79420CA-B0AE-417C-95F7-D28C35760202,No,YES,C71.0,Mar-01,C71.0,NO,YES,0,59,2012,NO,WITH TUMOR,5,11,2013,NOT HISPANIC OR LATINO,Preoperative,YES,"Supratentorial, Temporal Lobe",G3,Cerebral Cortex,NO,Left,YES,NO,NO,NO,NO,Headaches,0 - 30 Days,NO,NO,NO,NO,,NO,,,NO,,,NO,NO,,,YES,IHC,NO,,,90,1,-9,YES,Partial Remission/Response,NO,NOTCGA-S9-A6WM-D54283E04F54CA-4188-438B-9469-AE68951B63961664ChemotherapyTemozolomideNOStable Disease18122013NOTCGA-S9-A6WM-D638444636DEAC-D69D-4A41-BD2A-2CEFFC48A682524Targeted Molecular therapyBevacizumabYES2082014,TCGA-S9-A6WM-R54282337D8CAA-AC35-463E-81C8-7BDFCEFAC1A61664External60Gy33Primary Tumor FieldNOStable Disease18122013,TCGA-S9-A6WM-F63843C0AF2FB7-C8B4-41A8-831B-C1935CFB038ENOAlivePartial Remission/Response604YES505NOWITH TUMORYESNO2082014Additional New Tumor EventProgressive DiseaseYESYES
Central nervous system,Astrocytoma,No,FEMALE,Alive,-13961,,,275,WHITE,TCGA-S9-A6WN,S9,A6WN,A418FE65-DFDD-4C84-B27C-B4567B50F457,No,YES,C71.0,Mar-01,C71.0,NO,YES,0,38,2013,NO,WITH TUMOR,5,11,2013,NOT HISPANIC OR LATINO,Preoperative,YES,"Supratentorial, Frontal Lobe",G3,Cerebral Cortex,YES,Left,NO,NO,NO,YES,NO,Seizures,0 - 30 Days,NO,NO,NO,NO,,NO,,,NO,,,YES,YES,,,YES,IHC,NO,,,90,1,-14,YES,Progressive Disease,NO,NOTCGA-S9-A6WN-D542880189105C-BCD7-4A93-8747-EB4C23CA296B4291ChemotherapyTemozolomideNOStable Disease18122013NOTCGA-S9-A6WN-D638480D76F957-E4A4-48D7-91B5-14980A6F3A20425805Targeted Molecular therapyBevacizumabNOClinical Progressive Disease2082014NOTCGA-S9-A6WN-D72372337FAAFA-E3B9-46CE-B37C-AB322DA11444317321ChemotherapyTemozolomideNO962015YESTCGA-S9-A6WN-D72373370B1B75-B283-4BF7-AD4C-7853B4A9F2E9679805ChemotherapyLomustinNOClinical Progressive Disease962015NOTCGA-S9-A6WN-D72375FFB8E833-2183-4A3F-ABB5-93C24C7B929B846Targeted Molecular therapyPembrolizumabYES962015,TCGA-S9-A6WN-R542845707470C-6EFE-4C88-B6E2-CE64322219B2117160External60Gy30Primary Tumor FieldNOStable Disease18122013,TCGA-S9-A6WN-F6384736B26A45-7E31-4622-A43D-C0D3404EF19BNOAliveProgressive Disease484YES303NOWITH TUMORYESNO2082014Additional New Tumor EventStable DiseaseYESYESTCGA-S9-A6WN-F69990C92AC1B3-8FFC-42EF-9F50-90B93BC53A9ENOAliveProgressive Disease659YES679WITH TUMORNONO2612015Additional New Tumor EventProgressive DiseaseYESYESTCGA-S9-A6WN-F72374CCB6E31F-0B10-4B2B-B301-5488CE7FDA7ANOAliveProgressive Disease805YES805WITH TUMORYESNO962015Additional New Tumor EventProgressive DiseaseYESYES
Central nervous system,Astrocytoma,No,MALE,Alive,-10933,,,231,WHITE,TCGA-S9-A6WO,S9,A6WO,A2202233-4A83-4163-9532-B6EDB9941453,No,YES,C71.0,Mar-00,C71.0,NO,YES,0,29,2013,NO,WITH TUMOR,5,11,2013,NOT HISPANIC OR LATINO,Preoperative,NO,"Supratentorial, Frontal Lobe",G2,White Matter,YES,Left,NO,NO,NO,NO,NO,Seizures,31 - 90 Days,NO,NO,NO,NO,,NO,,,NO,,,NO,YES,,,YES,IHC,YES,,,100,0,-4,NO,Progressive Disease,YES187YESNO,,TCGA-S9-A6WO-R5429068A50FCB-B349-404A-9E8B-9BDA1C80AD22199231External54Gy27Primary Tumor FieldNO18122013,TCGA-S9-A6WO-F65749C0325AEC-ABC6-414B-AAEB-80E8FABE51E9NOAliveProgressive Disease566NOWITH TUMORNONO3092014Scheduled Follow-up SubmissionStable DiseaseNONO
Central nervous system,Oligoastrocytoma,No,MALE,Alive,-15658,,,187,WHITE,TCGA-S9-A6WP,S9,A6WP,081B6532-0ED4-445A-BECB-CB2290F4854D,No,YES,C71.0,Mar-82,C71.0,NO,YES,0,42,2013,NO,WITH TUMOR,5,11,2013,NOT HISPANIC OR LATINO,Preoperative,NO,"Supratentorial, Frontal Lobe",G3,Cerebral Cortex,YES,Right,NO,NO,NO,NO,NO,Seizures,0 - 30 Days,NO,NO,NO,NO,,NO,,,NO,,,NO,NO,,,YES,IHC,YES,,,100,0,-3,YES,Partial Remission/Response,NO,NOTCGA-S9-A6WP-D5429395562946-2EC2-4DDA-87DE-5B8D4C2C384019ChemotherapyTemozolomideYES18122013,,TCGA-S9-A6WP-F62937C673F00E-5339-41E2-83F4-D9CA71FD9715NOAlivePartial Remission/Response461NOWITH TUMOR2972014Scheduled Follow-up SubmissionStable DiseaseYESNOTCGA-S9-A6WP-F69994F724C120-F46F-41A3-B207-79CCD61E2975NOAlivePartial Remission/Response567NOWITH TUMOR2612015Scheduled Follow-up SubmissionStable DiseaseYESNO
Central nervous system,Oligoastrocytoma,No,FEMALE,Alive,-21133,,,103,WHITE,TCGA-S9-A6WQ,S9,A6WQ,14E6C57D-D78E-4660-A21F-4F90A4503080,No,YES,C71.0,Mar-82,C71.0,NO,YES,0,57,2013,NO,,5,11,2013,NOT HISPANIC OR LATINO,Preoperative,NO,"Supratentorial, Frontal Lobe",G2,Cerebral Cortex,YES,Left,NO,YES,NO,YES,NO,Seizures,91 - 180 Days,NO,NO,NO,YES,,NO,,,NO,,,NO,NO,,,YES,IHC,YES,NO,,100,0,-7,NO,Partial Remission/Response,NO,,,TCGA-S9-A6WQ-F62938B80D0531-29A0-491C-9B3C-6947219F52D7NOAlivePartial Remission/Response428NOWITH TUMORNONO2972014Scheduled Follow-up SubmissionStable DiseaseNONO
Central nervous system,Oligoastrocytoma,No,FEMALE,Alive,-16512,,,434,WHITE,TCGA-S9-A7IQ,S9,A7IQ,CC451E2A-FA85-42D7-B7AF-9FC0166945FA,No,YES,C71.0,Mar-82,C71.0,NO,YES,0,45,2011,NO,WITH TUMOR,12,12,2013,NOT HISPANIC OR LATINO,Preoperative,NO,"Supratentorial, Frontal Lobe",G2,Cerebral Cortex,NO,Left,NO,NO,NO,YES,NO,Sensory Changes,0 - 30 Days,NO,NO,NO,NO,,NO,,,NO,,,NO,NO,,,YES,IHC,YES,,,100,0,-14,NO,Partial Remission/Response,NO,,,TCGA-S9-A7IQ-F657504612FF68-D0CE-463A-B03E-A108EF77C9C8NOAlivePartial Remission/Response1099NOWITH TUMORNONO3092014Scheduled Follow-up SubmissionStable DiseaseNONO
Central nervous system,Astrocytoma,No,FEMALE,Dead,-12402,,241,,WHITE,TCGA-S9-A7IS,S9,A7IS,F6A81D81-7DF4-4273-8A86-E0CD3B8B1DF5,No,YES,C71.0,Mar-01,C71.0,NO,YES,0,33,2004,NO,WITH TUMOR,12,12,2013,NOT HISPANIC OR LATINO,Preoperative,YES,"Supratentorial, Frontal Lobe",G3,Not listed in Medical Record,NO,Right,NO,YES,NO,NO,NO,Mental Status Changes,,NO,NO,NO,NO,,NO,,,NO,,,NO,NO,,,NO,,,,,60,2,-2,NO,Progressive Disease,NO,,TCGA-S9-A7IS-R5427968747758-E82A-441C-B02B-99C2A4C60E5D2129External14Gy7Primary Tumor FieldNORadiographic Progressive Disease18122013,TCGA-S9-A7IS-F519484D7A1F89-459C-482B-BF97-B1BB43944B4ANODeadProgressive Disease241NOWITH TUMOR26112013Scheduled Follow-up SubmissionProgressive DiseaseNOYES
Central nervous system,Astrocytoma,No,MALE,Alive,-21095,,,597,WHITE,TCGA-S9-A7IX,S9,A7IX,A80B0FAB-6189-497F-997F-77234B69179C,No,YES,C71.0,Mar-01,C71.0,NO,YES,0,57,2012,NO,WITH TUMOR,12,12,2013,NOT HISPANIC OR LATINO,Preoperative,YES,"Supratentorial, Temporal Lobe",G3,White Matter,NO,Right,NO,NO,NO,NO,YES,Motor/Movement Changes,31 - 90 Days,NO,NO,YES,NO,,NO,,,NO,,,NO,YES,,,NO,,,,,100,0,-2,NO,Progressive Disease,YES350NONOYESYES,NOTCGA-S9-A7IX-D542989A786DDE-D06C-4F38-98FE-C4CF7D576A4A350413ChemotherapyTemozolomideNOClinical Progressive Disease18122013NOTCGA-S9-A7IX-D54301905CDC2A-789D-490F-9D2B-47831F8930B5437470ChemotherapyTemozolomideNOClinical Progressive Disease18122013NOTCGA-S9-A7IX-D5583501CF6350-DFBA-43D6-B405-ACA07C137AC2350413Targeted Molecular therapyBevacizumabNOClinical Progressive Disease1612014NOTCGA-S9-A7IX-D72343F7CA28FD-A3F2-4A7A-86CC-6AFC4C01F159589640ChemotherapyLomustineNOClinical Progressive Disease2752015,TCGA-S9-A7IX-R54296CB89C64F-91B2-48FE-9FD3-2A11219268193687External59.4Gy33Primary Tumor FieldNOStable Disease18122013TCGA-S9-A7IX-R54300B4652685-5BFA-4E28-9CCB-B6E95682363D437470External39.6Gy22Primary Tumor FieldNORadiographic Progressive Disease18122013,TCGA-S9-A7IX-F64649C10CF272-A056-4488-9215-D13C9474A036NOAliveProgressive Disease679YES679WITH TUMOR992014Additional New Tumor EventProgressive DiseaseNOYESTCGA-S9-A7IX-F69996FBD9D228-88F2-430A-A175-4A6E3BECDF45NOAliveProgressive Disease679YES679WITH TUMOR2612015Additional New Tumor EventProgressive DiseaseNOYESTCGA-S9-A7IX-F712649E7F1B53-B0DB-43AE-AE7A-67E6B159689ANOAliveProgressive Disease679NOWITH TUMOR2432015Scheduled Follow-up SubmissionProgressive DiseaseNOYESTCGA-S9-A7IX-F72344B307B3A0-BF5D-4EDE-A8BE-FD2E71121E79NODeadProgressive Disease819WITH TUMOR2752015Scheduled Follow-up SubmissionNOYES
Central nervous system,Oligoastrocytoma,No,MALE,Alive,-14422,,,383,WHITE,TCGA-S9-A7IY,S9,A7IY,94B95C07-5F70-4A1B-B40F-DC13F6A160D5,No,YES,C71.0,Mar-82,C71.0,NO,YES,0,39,2012,NO,WITH TUMOR,12,12,2013,NOT HISPANIC OR LATINO,Preoperative,YES,"Supratentorial, Frontal Lobe",G3,White Matter,NO,Right,NO,YES,NO,NO,YES,Motor/Movement Changes,0 - 30 Days,NO,NO,NO,NO,,NO,,,NO,,,YES,NO,,,YES,IHC,YES,,,80,2,-6,YES,Partial Remission/Response,NO,NOTCGA-S9-A7IY-D54303AF8DF137-6656-4FF2-92A9-67F97531CC73160383ChemotherapyLomustineNO18122013NOTCGA-S9-A7IY-D558681C2108F9-CDE5-4A43-8E7B-0965A28A76C0162383ChemotherapyProcarbazineNO1712014NOTCGA-S9-A7IY-D558694A8E784C-9AEA-416A-8597-E7C7FE05DA0C162383ChemotherapyVincristineNO1712014,TCGA-S9-A7IY-R54302137D046D-6544-4F0B-BE88-0C1EEF9C133C78118External60Gy30Primary Tumor FieldNOStable Disease18122013,TCGA-S9-A7IY-F657518932CE6F-4465-4EAC-ACC1-149A3A2C72F5NOAlivePartial Remission/Response715NOWITH TUMORNONO3092014Scheduled Follow-up SubmissionPartial Remission/ResponseYESYES
Central nervous system,Astrocytoma,No,FEMALE,Alive,-17874,,,128,WHITE,TCGA-S9-A7IZ,S9,A7IZ,01A13ABA-74A4-4895-A5AD-E5119925C202,No,YES,C71.0,Mar-01,C71.0,NO,YES,0,48,2013,NO,WITH TUMOR,12,12,2013,NOT HISPANIC OR LATINO,Preoperative,YES,"Supratentorial, Frontal Lobe",G3,Cerebral Cortex,YES,Left,NO,NO,NO,NO,NO,Seizures,0 - 30 Days,NO,NO,NO,NO,,NO,,,NO,,,NO,YES,,,YES,IHC,YES,,,90,1,-5,NO,Partial Remission/Response,NO,NOTCGA-S9-A7IZ-D69999B9C4EB70-267B-4314-9FE4-2BFE19D7C031603ChemotherapyCarmustineYESStable Disease2612015NOTCGA-S9-A7IZ-D70000DDFDB90E-229B-4832-9BC3-6F0B2284E684603ChemotherapyTeniposideYESStable Disease2612015,TCGA-S9-A7IZ-R5430430A0EC7E-9C56-4739-8DF9-E543F3F09DA54285External60Gy30Primary Tumor FieldNOStable Disease18122013,TCGA-S9-A7IZ-F62947452E4698-B415-4DA8-A766-31E1EFFE9CB7NOAlivePartial Remission/Response217NOWITH TUMOR2972014Scheduled Follow-up SubmissionStable DiseaseNOYESTCGA-S9-A7IZ-F69998305847F9-F721-44D5-B465-AE1DF8FCC32FNOAlivePartial Remission/Response608YES467WITH TUMORYESNO2612015Additional New Tumor EventStable DiseaseNOYES
Central nervous system,Oligodendroglioma,No,FEMALE,Alive,-10989,,,285,WHITE,TCGA-S9-A7J0,S9,A7J0,6A8241A8-D9EE-414B-89FD-4C3B9F181CC7,No,YES,C71.0,Mar-51,C71.0,NO,YES,0,30,2013,NO,WITH TUMOR,12,12,2013,NOT HISPANIC OR LATINO,Preoperative,YES,"Supratentorial, Frontal Lobe",G3,Cerebral Cortex,YES,Right,NO,NO,NO,NO,NO,Seizures,0 - 30 Days,NO,NO,NO,NO,,YES,Citrus fruits,,NO,,,NO,YES,,,YES,IHC,NO,,,100,0,-7,YES,Partial Remission/Response,NO,NOTCGA-S9-A7J0-D54307DA526546-EB02-46C7-B69F-63AC4DFD56AA5991ChemotherapyTemozolomideNOStable Disease18122013NOTCGA-S9-A7J0-D54310C9C5DF99-F530-4B6D-9195-CC37B9204FBD126ChemotherapyTemozolomideYES18122013NOTCGA-S9-A7J0-D65753421479EA-E7D1-4071-8BBD-540D82CB1276399443ChemotherapyCarmustineNOClinical Progressive Disease3092014NOTCGA-S9-A7J0-D65754A5356BD0-A2E0-4228-9FC0-DA26B028EAA5490609Targeted Molecular therapyBevacizumabNOClinical Progressive Disease3092014NOTCGA-S9-A7J0-D724378AE0AFC4-FBE5-4DE9-B572-FE5E5E766EDA546609ChemotherapyIrinotecanNOClinical Progressive Disease1662015,TCGA-S9-A7J0-R5430683A8B29B-06E7-41EF-B07D-2FF71A477D2459101External60Gy30Primary Tumor FieldNOStable Disease18122013,TCGA-S9-A7J0-F657525C44FD0A-3E71-4109-82D2-8052860C24FFNOAlivePartial Remission/Response609YES390WITH TUMORYESNO3092014Additional New Tumor EventProgressive DiseaseYESYES
Central nervous system,Oligodendroglioma,No,MALE,Alive,-15926,,,249,WHITE,TCGA-S9-A7J1,S9,A7J1,33BEDFB7-33FB-479D-B997-50C3284C0AC9,No,YES,C71.0,Mar-50,C71.0,NO,YES,0,43,2013,NO,WITH TUMOR,12,12,2013,NOT HISPANIC OR LATINO,Preoperative,NO,"Supratentorial, Temporal Lobe",G2,Cerebral Cortex,YES,Right,NO,NO,NO,NO,NO,Seizures,31 - 90 Days,NO,NO,NO,NO,,NO,,,NO,,,NO,YES,,,YES,IHC,YES,,,60,3,-17,NO,Partial Remission/Response,NO,,,TCGA-S9-A7J1-F65755DDAA34D4-1BDD-4D3C-A4F4-1D0A8AAF1BB1NOAlivePartial Remission/Response249WITH TUMOR3092014Scheduled Follow-up SubmissionNONOTCGA-S9-A7J1-F7000696E5E63A-9910-4B02-A5BA-F4C2E5A6334CNOAlivePartial Remission/Response249WITH TUMOR2612015Scheduled Follow-up SubmissionNONOTCGA-S9-A7J1-F71265F3A0E147-5762-4ED3-A1DB-CBDFFCD24CEFYESAlivePartial Remission/Response249WITH TUMOR2432015Scheduled Follow-up SubmissionNONO
Central nervous system,Oligodendroglioma,No,MALE,Alive,-9345,,,62,WHITE,TCGA-S9-A7J2,S9,A7J2,194E8231-E8D4-477F-8C62-E11F2484ECCE,No,YES,C71.0,Mar-51,C71.0,NO,YES,0,25,2013,NO,WITH TUMOR,12,12,2013,NOT HISPANIC OR LATINO,Preoperative,NO,"Supratentorial, Frontal Lobe",G3,Cerebral Cortex,YES,Left,NO,YES,NO,NO,NO,Mental Status Changes,> 181 Days,NO,NO,NO,NO,,NO,,,NO,,,NO,YES,,,YES,IHC,YES,,,80,1,-4,YES,Partial Remission/Response,NO,NOTCGA-S9-A7J2-D543136C6D2716-FE6F-46D4-9E96-4D71B6C3988062ChemotherapyLomustineYES18122013NOTCGA-S9-A7J2-D5587037EB9F05-E168-4FD1-9867-222ABCFCA52262ChemotherapyProcarbazineYES1712014NOTCGA-S9-A7J2-D55871F5C63655-7238-45FE-9889-E9985263350562ChemotherapyVINCRISTINEYES1712014,,TCGA-S9-A7J2-F67229CAFF3CB5-9818-44B4-813B-88A828B54001YESAlivePartial Remission/Response62WITH TUMOR3112014Scheduled Follow-up SubmissionYESNOTCGA-S9-A7J2-F70007F8352C7D-BB52-4B61-94DE-F8D34F56CEAEYESAlivePartial Remission/Response62WITH TUMOR2612015Scheduled Follow-up SubmissionYESNOTCGA-S9-A7J2-F712662A1E837B-0A03-4DBA-B82C-D740B12C1218YESAlivePartial Remission/Response62WITH TUMOR2432015Scheduled Follow-up SubmissionYESNO
Central nervous system,Oligodendroglioma,No,FEMALE,Alive,-19056,,,247,WHITE,TCGA-S9-A7J3,S9,A7J3,032096A6-1923-44B9-A1CB-181BED041C8E,No,YES,C71.0,Mar-51,C71.0,NO,YES,0,52,2013,NO,WITH TUMOR,12,12,2013,NOT HISPANIC OR LATINO,Preoperative,YES,"Supratentorial, Parietal Lobe",G3,White Matter,YES,Left,NO,NO,NO,NO,NO,Seizures,31 - 90 Days,NO,NO,NO,NO,,NO,,,NO,,,YES,YES,,,YES,IHC,YES,,,100,0,-14,YES,Partial Remission/Response,NO,NOTCGA-S9-A7J3-D54317340DB40F-BC8C-4491-97EB-77052E2774E22177ChemotherapyLomustineNOStable Disease18122013NOTCGA-S9-A7J3-D55872AA5936A5-5DA4-4CD8-8BB0-B78072DC246F2177ChemotherapyProcarbazineNOStable Disease1712014NOTCGA-S9-A7J3-D5587366B33756-4A29-4BFE-953E-AAB81C2A11F52177ChemotherapyVincristineNOStable Disease1712014,TCGA-S9-A7J3-R54314CC0365A5-9566-44AF-8791-C6A985CA0A8F177247External59.4Gy33Primary Tumor FieldNOStable Disease18122013,TCGA-S9-A7J3-F6723074F5BFF2-9C9C-4951-AB24-CA825A819786NOAlivePartial Remission/Response518NOWITH TUMOR3112014Scheduled Follow-up SubmissionStable DiseaseYESYESTCGA-S9-A7J3-F700080089861F-AB99-4D41-AC07-534421090472NOAlivePartial Remission/Response629NOWITH TUMOR2612015Scheduled Follow-up SubmissionStable DiseaseYESYES
Central nervous system,Astrocytoma,No,FEMALE,Alive,-19869,,,109,WHITE,TCGA-S9-A7QW,S9,A7QW,765588AA-075F-477F-9C18-099D018D3A1B,No,YES,C71.0,Mar-01,C71.0,YES,NO,0,54,2013,NO,WITH TUMOR,5,12,2013,NOT HISPANIC OR LATINO,Preoperative,YES,"Supratentorial, Frontal Lobe",G3,Cerebral Cortex,NO,Left,NO,NO,NO,NO,NO,,,NO,NO,NO,NO,,NO,,,NO,,,NO,NO,,,YES,IHC,YES,,,100,0,-4,NO,Complete Remission/Response,NO,YESTCGA-S9-A7QW-D662248B394C53-188F-4E7E-A814-51B27B3B1898382592ChemotherapyTemozolomideNOStable Disease6102014,TCGA-S9-A7QW-R52657F3C1221D-2944-4F10-AE94-467E6F798E603681External59.4Gy33Primary Tumor FieldNOStable Disease5122013,TCGA-S9-A7QW-F662238226519D-C3E5-4F45-BB25-B894AF661FE6NOAliveComplete Remission/Response458YES382WITH TUMORYESNO6102014Additional New Tumor EventStable DiseaseNOYES
Central nervous system,Astrocytoma,No,FEMALE,Alive,-13332,,,123,WHITE,TCGA-S9-A7QX,S9,A7QX,427F4D23-2B76-4A2A-A498-0C3473F57169,No,YES,C71.0,Mar-01,C71.0,YES,NO,0,36,2013,NO,WITH TUMOR,5,12,2013,NOT HISPANIC OR LATINO,Preoperative,YES,"Supratentorial, Temporal Lobe",G3,Cerebral Cortex,YES,Right,NO,NO,NO,YES,NO,Sensory Changes,> 181 Days,NO,NO,NO,NO,,NO,,,NO,,,NO,YES,NO,NO,YES,IHC,YES,,,100,0,-3,YES,Partial Remission/Response,NO,NOTCGA-S9-A7QX-D52660B1D7F4E1-8C4A-4A4E-8A0B-0A59C9CFDF41113ChemotherapyTemozolomideYES5122013,TCGA-S9-A7QX-R5265991CD210C-6C08-4178-8152-FB500C5AE14F4084External59.4Gy33Primary Tumor FieldNOStable Disease5122013,TCGA-S9-A7QX-F66225DB4AAFC8-EA6D-4A3E-85DC-3189E934DE73NOAlivePartial Remission/Response399NOWITH TUMOR6102014Scheduled Follow-up SubmissionStable DiseaseYESYESTCGA-S9-A7QX-F700101155528D-1A06-4524-B3D6-03B730B52201NOAlivePartial Remission/Response564NOWITH TUMOR2612015Scheduled Follow-up SubmissionStable DiseaseYESYES
Central nervous system,Oligoastrocytoma,No,FEMALE,Alive,-12853,,,554,WHITE,TCGA-S9-A7QY,S9,A7QY,94A2FF09-F7AC-4AEA-A2B2-0DC1B82AE635,No,YES,C71.0,Mar-82,C71.0,NO,YES,0,35,2012,NO,WITH TUMOR,5,12,2013,NOT HISPANIC OR LATINO,Preoperative,NO,"Supratentorial, Frontal Lobe",G2,Cerebral Cortex,YES,Left,NO,NO,NO,NO,NO,Seizures,> 181 Days,NO,NO,NO,NO,,NO,,,NO,,,YES,YES,,,YES,IHC,NO,,,100,0,-2,YES,Partial Remission/Response,NO,NOTCGA-S9-A7QY-D5266218543B64-497C-49FA-A339-DE4E5F19669820372ChemotherapyTemozolomideNOStable Disease5122013,,TCGA-S9-A7QY-F629490C9747C7-5BEE-4C5D-B274-5CC1ADDCDE9ANOAlivePartial Remission/Response863NOWITH TUMORNONO2972014Scheduled Follow-up SubmissionStable DiseaseYESNO
Central nervous system,Oligodendroglioma,No,MALE,Alive,-15300,,,396,WHITE,TCGA-S9-A7QZ,S9,A7QZ,79627774-078D-4056-84B3-F1F370F643E0,No,YES,C71.0,Mar-50,C71.0,NO,YES,0,41,2012,NO,WITH TUMOR,5,12,2013,NOT HISPANIC OR LATINO,Preoperative,NO,"Supratentorial, Frontal Lobe",G2,Cerebral Cortex,YES,Left,NO,NO,NO,NO,NO,Seizures,> 181 Days,NO,NO,YES,NO,,NO,,,NO,,,NO,YES,,,YES,IHC,YES,,,100,0,-3,NO,Partial Remission/Response,NO,,,TCGA-S9-A7QZ-F672317CA980BE-F325-45E3-A264-AF6FB29C1EC9NOAlivePartial Remission/Response396NOWITH TUMOR3112014Scheduled Follow-up SubmissionStable DiseaseNONOTCGA-S9-A7QZ-F70012539375DA-594D-4EFC-9245-D8E25CF5C960NOAlivePartial Remission/Response826YES774YES826WITH TUMORNONO2612015Additional New Tumor EventPartial Remission/ResponseNONO
Central nervous system,Oligodendroglioma,No,MALE,Alive,-12828,,,5000,WHITE,TCGA-S9-A7R1,S9,A7R1,78A212BC-A740-46BF-A10D-0B9809A5BB3F,No,YES,C71.0,Mar-50,C71.0,NO,YES,0,35,1999,NO,WITH TUMOR,5,12,2013,NOT HISPANIC OR LATINO,Preoperative,YES,"Supratentorial, Frontal Lobe",G2,Not listed in Medical Record,YES,Midline,NO,NO,YES,NO,NO,Seizures,> 181 Days,NO,NO,NO,NO,,NO,,,NO,,,NO,NO,,,NO,,,,,90,1,-122,NO,Stable Disease,YES3637YES3637NOYESYES,NOTCGA-S9-A7R1-D526675BFE8996-358E-4F43-9550-08E976624A6C38013835ChemotherapyTemozolamideNOStable Disease5122013,TCGA-S9-A7R1-R52665FD984EEA-C12D-41BB-ADAE-A8D0E5368880-70External54Gy30Primary Tumor FieldNOStable Disease5122013TCGA-S9-A7R1-R52666C0935ABF-2DCB-4660-A907-D20F6ADD064838013835External45Gy25Local RecurrenceNOStable Disease5122013,TCGA-S9-A7R1-F673120FBDCD7F-54A2-4EF8-A5CE-B06309EFF200NODeadPartial Remission/Response5166NOWITH TUMORNONO4112014Scheduled Follow-up SubmissionNOYES
Central nervous system,Astrocytoma,No,MALE,Dead,-25419,,316,,WHITE,TCGA-S9-A7R2,S9,A7R2,8E44FB97-C649-4056-80AC-257CEF61D226,No,YES,C71.0,Mar-01,C71.0,NO,YES,0,69,2008,NO,WITH TUMOR,12,12,2013,NOT HISPANIC OR LATINO,Preoperative,YES,"Supratentorial, Temporal Lobe",G3,White Matter,YES,Left,NO,NO,NO,NO,NO,Seizures,> 181 Days,NO,NO,NO,NO,,NO,,,NO,,,NO,YES,,,NO,,,,,90,1,-2,NO,Progressive Disease,NO,,TCGA-S9-A7R2-R526691FE6B175-8555-4F65-B38C-31F1110D12E059102External60Gy30Primary Tumor FieldNORadiographic Progressive Disease5122013,
Central nervous system,Astrocytoma,No,FEMALE,Alive,-10342,,,2649,WHITE,TCGA-S9-A7R3,S9,A7R3,B7395082-415B-4AB3-BF1E-59D0F4E4B488,No,YES,C71.0,Mar-00,C71.0,NO,YES,0,28,2006,NO,WITH TUMOR,12,12,2013,NOT HISPANIC OR LATINO,Preoperative,NO,"Supratentorial, Frontal Lobe",G2,Cerebral Cortex,NO,Left,YES,NO,NO,NO,NO,Headaches,> 181 Days,NO,NO,NO,NO,,NO,,,NO,,,NO,NO,,,NO,,,,,100,0,-2,NO,Partial Remission/Response,YES970YES970NONONO,,,TCGA-S9-A7R3-F6295182ABE6E7-E150-4011-9359-D9DB6C13375FNOAlivePartial Remission/Response3013NOTUMOR FREENONO2972014Scheduled Follow-up SubmissionStable DiseaseNONO
Central nervous system,Astrocytoma,No,MALE,Alive,-17134,,,530,WHITE,TCGA-S9-A7R4,S9,A7R4,58650D08-7685-41DE-9AE0-21665F8F449F,No,YES,C71.0,Mar-01,C71.0,NO,YES,0,46,2012,NO,WITH TUMOR,11,12,2013,NOT HISPANIC OR LATINO,Preoperative,YES,"Supratentorial, Frontal Lobe",G3,Cerebral Cortex,YES,Left,NO,NO,NO,NO,NO,Seizures,0 - 30 Days,NO,NO,NO,NO,,NO,,,NO,,,NO,YES,,,YES,IHC,YES,,,90,1,-8,YES,Partial Remission/Response,NO,NOTCGA-S9-A7R4-D53375E79715B3-C0A5-477E-B0D5-63850FCF96B254161ChemotherapyTemozolomideNOStable Disease11122013,TCGA-S9-A7R4-R5337310D392F2-A18D-4450-8811-302FEAB9497554161External54Gy30Primary Tumor FieldNOStable Disease11122013,TCGA-S9-A7R4-F67313D96D1118-4B6D-45E9-BA74-43A6C21D2B05NOAlivePartial Remission/Response914NOWITH TUMOR4112014Scheduled Follow-up SubmissionYESYES
Central nervous system,Astrocytoma,No,MALE,Alive,-10108,,,2549,WHITE,TCGA-S9-A7R7,S9,A7R7,A6975EB0-CFA6-4B7A-BBE4-72BBDD3D3B6F,No,YES,C71.0,Mar-00,C71.0,NO,YES,0,27,2006,NO,WITH TUMOR,18,12,2013,NOT HISPANIC OR LATINO,Preoperative,YES,"Supratentorial, Frontal Lobe",G2,Cerebral Cortex,YES,Left,NO,NO,NO,NO,NO,Seizures,0 - 30 Days,NO,NO,NO,NO,,NO,,,NO,,,YES,YES,,,YES,IHC,YES,,,80,1,-8,NO,Progressive Disease,YES144NONONOYES,NOTCGA-S9-A7R7-D54335C0C32C24-B274-471E-80F8-E7962685C779144526ChemotherapyTemozolomideNOStable Disease18122013NOTCGA-S9-A7R7-D5433686FE680F-EC70-47BB-A988-C5653F3519F87161095ChemotherapyTemozolamideNOStable Disease18122013NOTCGA-S9-A7R7-D66256C5D00225-BD0E-449C-B3C8-EFB43706B94927202847ChemotherapyCarmustineNOClinical Progressive Disease7102014,TCGA-S9-A7R7-R5433490839AB5-975E-4490-B0CE-E1391D2278975092External54Gy30Primary Tumor FieldNORadiographic Progressive Disease18122013TCGA-S9-A7R7-R662575AF95883-D0F1-463A-8690-3AA1555B3BB229132929External42GyNORadiographic Progressive Disease7102014,TCGA-S9-A7R7-F662586DEC1C68-865E-4A6A-876B-7CB0FA0244D6NOAliveProgressive Disease3000YES2894YES2976WITH TUMORYESYES7102014Additional New Tumor EventProgressive DiseaseNOYES
Central nervous system,Astrocytoma,No,FEMALE,Dead,-16275,,961,,WHITE,TCGA-S9-A7R8,S9,A7R8,7883E417-A793-4614-9528-6C2E9E44379F,No,YES,C71.0,Mar-01,C71.0,NO,YES,0,44,2004,NO,WITH TUMOR,11,12,2013,NOT HISPANIC OR LATINO,Preoperative,YES,"Supratentorial, Frontal Lobe",G3,Not listed in Medical Record,YES,Right,NO,NO,NO,NO,NO,Seizures,31 - 90 Days,NO,NO,NO,NO,,NO,,,NO,,,YES,YES,,,NO,,,,,90,1,-1,NO,Progressive Disease,YES698YES698YES698YESYES,NOTCGA-S9-A7R8-D533960036ABAB-DE64-4562-AEED-BD2BD67FA6CE771786ChemotherapyTemozolamideNOClinical Progressive Disease11122013NOTCGA-S9-A7R8-D53398953AA7F0-A050-4742-826F-20A6C094BC2C803925ChemotherapyNimustineNOClinical Progressive Disease11122013,TCGA-S9-A7R8-R53389EAF8A862-C571-4E5E-B679-17DC37F94DA154External60Gy30Primary Tumor FieldNOStable Disease11122013TCGA-S9-A7R8-R5339263F68FDB-F7F4-4977-9F76-58FAD41F2D2E771786External22Gy11Local RecurrenceNORadiographic Progressive Disease11122013,
Central nervous system,Astrocytoma,No,MALE,Alive,-25570,,,569,WHITE,TCGA-S9-A89V,S9,A89V,C4F522C9-BFF5-4899-8D27-C105DAB795A9,No,YES,C71.0,Mar-01,C71.0,NO,YES,0,70,2012,NO,,23,1,2014,NOT HISPANIC OR LATINO,Preoperative,YES,"Posterior Fossa, Cerebellum",G3,Cerebral Cortex,NO,Right,NO,NO,NO,YES,YES,Motor/Movement Changes,> 181 Days,NO,NO,NO,NO,,NO,,,NO,,,NO,NO,,,YES,IHC,NO,,,80,1,-32,YES,Progressive Disease,YES129YES129NONO,NOTCGA-S9-A89V-D559795E019CFD-373C-4B12-BEF4-3C1D3B482A9B1246ChemotherapyTemozolomideNOClinical Progressive Disease2312014NOTCGA-S9-A89V-D55980BB815198-62A3-4438-8B48-CC0D406E897A80222ChemotherapyTemozolomideNOClinical Progressive Disease2312014,TCGA-S9-A89V-R5597875E7C9E7-A33A-4A4A-B794-34A0291348E81246External45Gy25Primary Tumor FieldNORadiographic Progressive Disease2312014,TCGA-S9-A89V-F673159DA4BF2E-513F-4634-B0FE-F6CA8E288BECNOAliveProgressive Disease569YES221WITH TUMOR4112014Additional New Tumor EventYESYES
Central nervous system,Astrocytoma,No,MALE,Alive,-14858,,,152,WHITE,TCGA-S9-A89Z,S9,A89Z,CC8614C4-D535-4AD9-82F0-F4DC7AD11D0F,No,YES,C71.0,Mar-01,C71.0,YES,NO,0,40,2013,NO,WITH TUMOR,23,1,2014,NOT HISPANIC OR LATINO,Preoperative,YES,"Supratentorial, Frontal Lobe",G3,White Matter,YES,Right,NO,NO,NO,NO,NO,Seizures,31 - 90 Days,NO,NO,NO,NO,,NO,,,NO,,,YES,YES,YES,NO,YES,IHC,YES,NO,,70,1,-10,YES,Partial Remission/Response,NO,YESTCGA-S9-A89Z-D55988B5AC47E4-BDB2-40EC-8E75-8E0B6BBAF37A29308ChemotherapyTemozolomideNOStable Disease2312014,TCGA-S9-A89Z-R5598727306A63-07D2-4906-83F6-4D74C4582C502977External59.4Gy33Primary Tumor FieldNOStable Disease2312014,TCGA-S9-A89Z-F67318BB11C41A-2B33-430E-AAF2-834C23ACFB30NOAlivePartial Remission/Response364NOWITH TUMORYESNO4112014Scheduled Follow-up SubmissionPartial Remission/ResponseYESYESTCGA-S9-A89Z-F70013374911A8-1351-47A0-A8D2-E7FB54E1FD39NOAlivePartial Remission/Response448NOWITH TUMORNONO2612015Scheduled Follow-up SubmissionPartial Remission/ResponseYESYESTCGA-S9-A89Z-F71267CDDFE9F2-2196-451D-8644-B742B29B53D8NOAlivePartial Remission/Response448NOWITH TUMOR2432015Scheduled Follow-up SubmissionPartial Remission/ResponseYESYESTCGA-S9-A89Z-F723412B6B53EF-7DDF-41DF-A8F0-5793D00B5CD9NOAlivePartial Remission/Response623NOWITH TUMOR2752015Scheduled Follow-up SubmissionStable DiseaseYESYES
Central nervous system,Astrocytoma,No,FEMALE,Alive,-16021,,,1504,WHITE,TCGA-TM-A7C3,TM,A7C3,D13AC936-87A9-4164-BDAB-02CCF3908CFE,No,YES,C71.0,Mar-01,C71.0,NO,YES,0,43,2009,NO,WITH TUMOR,9,12,2013,NOT HISPANIC OR LATINO,Preoperative,NO,"Supratentorial, Temporal Lobe",G3,Not listed in Medical Record,YES,Left,NO,NO,NO,NO,NO,Seizures,0 - 30 Days,YES,YES,YES,NO,< 12 Years,NO,,,NO,,,,,YES,NO,,,NO,NO,,90,0,0,NO,Complete Remission/Response,YES713YES713YESYES,NOTCGA-TM-A7C3-D529328BF19BF0-DF98-4865-9F48-EFFCAB78B2A5748ChemotherapyTemozolomideYES9122013,TCGA-TM-A7C3-R52931B44025D6-86A2-4A39-8656-2BEDFC844A42748789External60Gy30Primary Tumor FieldNOComplete Response9122013,TCGA-TM-A7C3-F529333A6F60F1-0AD1-4F3A-9811-B68430E4553CNOAliveComplete Remission/Response1504YES1323YES1323WITH TUMORYESNO9122013Additional New Tumor EventPartial Remission/ResponseNONOTCGA-TM-A7C3-F6355759E3E503-1E3B-4676-99A4-89038E61C060NODeadComplete Remission/Response1666NOWITH TUMOR1282014Scheduled Follow-up SubmissionProgressive DiseaseNONO
Central nervous system,Astrocytoma,No,FEMALE,Alive,-14603,,,1093,WHITE,TCGA-TM-A7C4,TM,A7C4,F5416DC4-D161-4776-9827-E4CEAF42D19F,No,YES,C71.0,Mar-00,C71.0,NO,YES,0,39,2010,NO,TUMOR FREE,9,12,2013,NOT HISPANIC OR LATINO,Preoperative,NO,"Supratentorial, Temporal Lobe",G2,Not listed in Medical Record,YES,Right,NO,NO,NO,NO,NO,Seizures,0 - 30 Days,NO,YES,NO,,> 20 Years,NO,,,NO,,,,,NO,NO,NO,,,NO,,90,0,0,NO,Complete Remission/Response,NO,,,TCGA-TM-A7C4-F63553968EF754-2879-4EEC-801E-671426D58A1CNOAliveComplete Remission/Response1470NOTUMOR FREE1282014Scheduled Follow-up SubmissionComplete Remission/ResponseNONO
Central nervous system,Oligoastrocytoma,No,MALE,Alive,-11286,,,770,WHITE,TCGA-TM-A7C5,TM,A7C5,84D80BCF-DA24-4B93-BFE3-3D2D53B8B07D,No,YES,C71.0,Mar-82,C71.0,NO,YES,0,30,2010,NO,TUMOR FREE,9,12,2013,NOT HISPANIC OR LATINO,Preoperative,YES,"Supratentorial, Parietal Lobe",G2,Not listed in Medical Record,YES,Left,NO,NO,NO,NO,NO,Seizures,0 - 30 Days,YES,NO,NO,NO,< 12 Years,NO,,,NO,,,,,NO,NO,NO,,,NO,,100,0,0,NO,Complete Remission/Response,NO,,TCGA-TM-A7C5-R5292510DAE5BB-EB78-4EC2-A486-FB83784145B83879External60Gy30Primary Tumor FieldNOComplete Response9122013,TCGA-TM-A7C5-F635546543512D-4F4B-4543-AB50-20CFFAA555EENOAliveComplete Remission/Response1500NOTUMOR FREE1282014Scheduled Follow-up SubmissionComplete Remission/ResponseNONO
Central nervous system,Astrocytoma,No,MALE,Alive,-16415,,,687,WHITE,TCGA-TM-A7CA,TM,A7CA,288F6C7E-D96F-4BE1-8312-77C67F75C467,No,YES,C71.0,Mar-00,C71.0,NO,YES,0,44,2011,NO,TUMOR FREE,9,12,2013,NOT HISPANIC OR LATINO,Preoperative,NO,"Supratentorial, Frontal Lobe",G2,Not listed in Medical Record,YES,Left,NO,NO,NO,NO,NO,Seizures,0 - 30 Days,YES,NO,NO,NO,> 20 Years,NO,,,NO,,,,,YES,NO,NO,,,NO,,100,0,0,NO,Complete Remission/Response,NO,,,TCGA-TM-A7CA-F6355589B2D176-FE10-4DD6-941E-0CA6F7F09778NOAliveComplete Remission/Response1058NOTUMOR FREE1282014Scheduled Follow-up SubmissionComplete Remission/ResponseNONO
Central nervous system,Astrocytoma,No,FEMALE,Alive,-15178,,,1472,WHITE,TCGA-TM-A7CF,TM,A7CF,033C1F48-9225-4159-B23B-7042272877DA,No,YES,C71.0,Mar-00,C71.0,NO,YES,0,41,2009,NO,WITH TUMOR,9,12,2013,NOT HISPANIC OR LATINO,Preoperative,NO,"Supratentorial, Frontal Lobe",G2,Not listed in Medical Record,YES,Right,NO,NO,NO,NO,NO,Seizures,0 - 30 Days,YES,NO,YES,NO,< 12 Years,NO,,,NO,,,,,NO,NO,NO,,,,,100,0,0,NO,Complete Remission/Response,YES924YES924,,,TCGA-TM-A7CF-F635567A5C176B-2617-483A-95F3-CEF1784F1077NOAliveComplete Remission/Response1688NOWITH TUMOR1282014Scheduled Follow-up SubmissionProgressive DiseaseNONOTCGA-TM-A7CF-F703451599E163-8C0F-47C1-952B-D139A24BBE04NOAliveComplete Remission/Response1989NOWITH TUMOR522015Scheduled Follow-up SubmissionStable DiseaseYESYES
Central nervous system,Astrocytoma,No,MALE,Alive,-14933,,,365,WHITE,TCGA-TM-A84B,TM,A84B,EE6BF12F-8A73-49E2-B566-368B2B42165B,No,YES,C71.0,Mar-01,C71.0,NO,YES,0,40,2012,NO,WITH TUMOR,16,2,2014,NOT HISPANIC OR LATINO,Preoperative,NO,"Supratentorial, Parietal Lobe",G3,Not listed in Medical Record,YES,Left,NO,NO,NO,YES,YES,Seizures,0 - 30 Days,NO,NO,NO,NO,,NO,,,NO,,,,,NO,NO,YES,IHC,NO,,,90,0,0,YES,Progressive Disease,NO,NOTCGA-TM-A84B-D566409FE9D101-9718-4241-B3BC-6459C9570FF0188338ChemotherapyTemozolomideNOClinical Progressive Disease1622014,,TCGA-TM-A84B-F653024D87D51A-CC16-4DA8-AD00-C539B51E8352NODeadProgressive Disease758NOWITH TUMOR2292014Scheduled Follow-up SubmissionProgressive DiseaseYESNO
Central nervous system,Astrocytoma,No,MALE,Alive,-11849,,,459,WHITE,TCGA-TM-A84C,TM,A84C,8643437F-CD1B-47C8-86BD-87B6C2F80747,No,YES,C71.0,Mar-00,C71.0,NO,YES,0,32,2012,NO,WITH TUMOR,16,2,2014,NOT HISPANIC OR LATINO,Preoperative,NO,"Posterior Fossa, Brain Stem",G2,Not listed in Medical Record,NO,Midline,NO,YES,YES,YES,YES,Visual Changes,31 - 90 Days,YES,NO,NO,NO,< 12 Years,NO,,,NO,,,,,YES,NO,YES,IHC,NO,,,80,1,0,YES,Progressive Disease,NO,NOTCGA-TM-A84C-D56641315CD50A-7BFA-4B52-8B0F-126DDC841902297459ChemotherapyTemozolomideNOClinical Progressive Disease1622014,,TCGA-TM-A84C-F649882FA0705B-BA34-4CD6-B6AB-052EA1B76EA9NODeadProgressive Disease492NOWITH TUMOR1792014Scheduled Follow-up SubmissionProgressive DiseaseYESNO
Central nervous system,Astrocytoma,No,MALE,Alive,-17744,,,1544,WHITE,TCGA-TM-A84F,TM,A84F,3B68B6FF-7EFB-4D53-8BD8-C76CD68AB7C0,No,YES,C71.0,Mar-01,C71.0,NO,YES,0,48,2009,NO,TUMOR FREE,17,2,2014,NOT HISPANIC OR LATINO,Preoperative,YES,"Supratentorial, Frontal Lobe",G3,Not listed in Medical Record,NO,Right,YES,NO,YES,NO,NO,Visual Changes,0 - 30 Days,NO,NO,NO,NO,,NO,,,NO,,,,,NO,NO,NO,,,,,100,0,0,NO,Complete Remission/Response,NO,,TCGA-TM-A84F-R564689FE06891-AD78-4C5B-9645-7EFAB6553F524184External60Gy30Primary Tumor FieldNOComplete Response1722014,TCGA-TM-A84F-F653937A2F0583-AFE6-4B50-B39F-539DE8BEA9F1NOAliveComplete Remission/Response1796NOTUMOR FREE8102014Scheduled Follow-up SubmissionComplete Remission/ResponseNOYES
Central nervous system,Oligodendroglioma,No,FEMALE,Alive,-20014,,,1045,WHITE,TCGA-TM-A84G,TM,A84G,63F4AA26-DEC0-4309-8B75-6446A7241527,No,YES,C71.0,Mar-51,C71.0,NO,YES,0,54,2010,NO,TUMOR FREE,17,2,2014,NOT HISPANIC OR LATINO,Preoperative,YES,"Supratentorial, Frontal Lobe",G3,Not listed in Medical Record,NO,Right,YES,NO,YES,NO,NO,Headaches,0 - 30 Days,NO,NO,NO,NO,,NO,,,NO,,,,,NO,NO,NO,,,,,100,0,0,NO,Complete Remission/Response,NO,,TCGA-TM-A84G-R564706CD89CD7-37A1-4F68-AB8F-835A5AEEDF8663105External60Gy30Primary Tumor FieldNOComplete Response1722014,TCGA-TM-A84G-F653947B7538D1-BA60-4CF3-8792-7F94039ED93ANOAliveComplete Remission/Response1236NOTUMOR FREE2392014Scheduled Follow-up SubmissionComplete Remission/ResponseNOYES
Central nervous system,Oligoastrocytoma,No,FEMALE,Alive,-16277,,,738,WHITE,TCGA-TM-A84H,TM,A84H,EDBF86E5-3F55-4DDF-A97F-3E9DC607E53D,No,YES,C71.0,Mar-82,C71.0,NO,YES,0,44,2012,NO,TUMOR FREE,17,2,2014,NOT HISPANIC OR LATINO,Preoperative,YES,"Supratentorial, Frontal Lobe",G3,Not listed in Medical Record,NO,Right,YES,YES,NO,NO,NO,Headaches,0 - 30 Days,NO,NO,NO,NO,,NO,,,NO,,,,,YES,NO,NO,,,,,90,0,0,NO,Complete Remission/Response,NO,,TCGA-TM-A84H-R564953D0EC36C-77E6-4F9E-9A83-2B22405D836F4590External59.40Gy33Primary Tumor FieldNOComplete Response1722014,TCGA-TM-A84H-F653895A82732F-308E-48C3-84C0-5B4C557E3A04NOAliveComplete Remission/Response926NOTUMOR FREE2292014Scheduled Follow-up SubmissionComplete Remission/ResponseNOYES
Central nervous system,Astrocytoma,No,MALE,Alive,-11221,,,589,WHITE,TCGA-TM-A84I,TM,A84I,71EC4C84-4AEF-4C1F-AB07-DC264C5C0602,No,YES,C71.0,Mar-01,C71.0,NO,YES,0,30,2012,NO,TUMOR FREE,17,2,2014,NOT HISPANIC OR LATINO,Preoperative,YES,"Supratentorial, Parietal Lobe",G3,Not listed in Medical Record,NO,Left,NO,NO,NO,NO,YES,Motor/Movement Changes,0 - 30 Days,NO,NO,NO,NO,,NO,,,NO,,,,,YES,NO,NO,,,,,90,0,0,NO,Complete Remission/Response,NO,,TCGA-TM-A84I-R564970A4025FB-A96D-4DE6-870B-DED3B307C0DD4184External60Gy30Primary Tumor FieldNOComplete Response1722014,TCGA-TM-A84I-F65390DCF5D427-FC5F-469F-B9ED-BB49B442224BNOAliveComplete Remission/Response854NOTUMOR FREE2292014Scheduled Follow-up SubmissionComplete Remission/ResponseNOYES
Central nervous system,Oligodendroglioma,No,MALE,Alive,-23091,,,532,WHITE,TCGA-TM-A84J,TM,A84J,B3720405-CE3F-49C7-A5D9-BBFFD06F6AEF,No,YES,C71.0,Mar-51,C71.0,NO,YES,0,63,2012,NO,TUMOR FREE,17,2,2014,NOT HISPANIC OR LATINO,Preoperative,YES,"Supratentorial, Occipital Lobe",G3,Not listed in Medical Record,YES,Left,NO,YES,YES,NO,YES,Visual Changes,0 - 30 Days,NO,NO,NO,NO,,NO,,,NO,,,,,NO,NO,NO,,,,,80,1,0,YES,,YES454YES454NOYES,YESTCGA-TM-A84J-D56500CD42B16D-E498-41D9-8798-158E92B765DD61ChemotherapyTemozolomideYES1722014YESTCGA-TM-A84J-D56501083ACA4E-16F2-4700-9A59-61D762064443476ChemotherapyProcarbazineYES1722014,TCGA-TM-A84J-R56499C7C6203F-FB85-471A-B589-B685BDF6D30E61103External60Gy30Primary Tumor FieldNOComplete Response1722014,TCGA-TM-A84J-F6539194BCB671-EA3B-4207-BC7D-04DF2C874AFBNOAliveProgressive Disease735YES454WITH TUMORYESNO3092014Scheduled Follow-up SubmissionProgressive DiseaseYESYES
Central nervous system,Oligoastrocytoma,No,MALE,Dead,-11498,,1242,,WHITE,TCGA-TM-A84L,TM,A84L,9B161C41-4F76-4ED1-B60F-2B093BC70EDB,No,YES,C71.0,Mar-82,C71.0,NO,YES,0,31,2010,NO,WITH TUMOR,17,2,2014,NOT HISPANIC OR LATINO,Preoperative,NO,"Supratentorial, Temporal Lobe",G2,Not listed in Medical Record,YES,Left,NO,NO,NO,NO,NO,Seizures,31 - 90 Days,NO,NO,NO,NO,,NO,,,NO,,,,,NO,NO,NO,,,,,90,0,0,NO,Complete Remission/Response,YES987YES987NONO,NOTCGA-TM-A84L-D56507E0E255CD-36AF-4A3B-8243-7A9B7A8F952110661185ChemotherapyTemozolomideNOClinical Progressive Disease1722014,TCGA-TM-A84L-R565067AD5359E-11C4-4E2D-871A-F15D9C8C508610651109External60Gy30Local RecurrenceNORadiographic Progressive Disease1722014,TCGA-TM-A84L-F56505AF440F5F-AEF8-4546-9799-12C20775FF78NODeadComplete Remission/Response1242YES1045YES1045WITH TUMORYESYES1722014Scheduled Follow-up SubmissionProgressive DiseaseNONO
Central nervous system,Oligodendroglioma,No,MALE,Alive,-14660,,,502,WHITE,TCGA-TM-A84M,TM,A84M,61FF31A4-4FDC-476C-B456-2A2FED4BAE6B,No,YES,C71.0,Mar-51,C71.0,NO,YES,0,40,2012,NO,TUMOR FREE,17,2,2014,NOT HISPANIC OR LATINO,Preoperative,YES,"Supratentorial, Frontal Lobe",G3,Not listed in Medical Record,NO,Right,NO,NO,NO,NO,YES,Motor/Movement Changes,31 - 90 Days,NO,NO,NO,NO,,NO,,,NO,,,,,NO,NO,NO,,,,,100,0,0,YES,Complete Remission/Response,NO,NOTCGA-TM-A84M-D56522796B3758-7F92-49E4-8FAB-5AF004C37379138264ChemotherapyProcarbazineNOComplete Response1722014NOTCGA-TM-A84M-D58912B8E667B8-9536-4B24-9BD6-5E4A8C662574138264ChemotherapyLOMUSTINE (CCNU)NOComplete Response2842014NOTCGA-TM-A84M-D5891312389314-83EC-4478-B017-CBE512918876138264ChemotherapyVINCRISTINENOComplete Response2842014,TCGA-TM-A84M-R565214016ED49-558D-464F-817C-7D432BF16C4A73122External59.06Gy33Primary Tumor FieldNOComplete Response1722014,TCGA-TM-A84M-F65392BEEB7ACA-80A5-49B5-9B1D-930C4589576FNOAliveComplete Remission/Response754NOTUMOR FREE2392014Scheduled Follow-up SubmissionComplete Remission/ResponseYESYES
Central nervous system,Oligodendroglioma,No,FEMALE,Dead,-22327,,1011,,WHITE,TCGA-TM-A84O,TM,A84O,8839F236-BC04-416F-84D4-50F67FB338DC,No,YES,C71.0,Mar-51,C71.0,NO,YES,0,61,2011,NO,WITH TUMOR,17,2,2014,NOT HISPANIC OR LATINO,Preoperative,YES,"Supratentorial, Not Otherwise Specified",G3,Not listed in Medical Record,YES,Right,NO,NO,NO,NO,NO,Seizures,0 - 30 Days,NO,NO,NO,NO,,NO,,,NO,,,,,,,NO,,,,,90,0,0,NO,Complete Remission/Response,NO,,TCGA-TM-A84O-R56524013FE693-91A4-4333-8054-7F656683AE243073External60Gy30Primary Tumor FieldNOComplete Response1622014,TCGA-TM-A84O-F65303FA6E84D3-ED73-4CD3-A559-C203150B434ENODeadComplete Remission/Response1011NOWITH TUMOR2292014Scheduled Follow-up SubmissionProgressive DiseaseNOYES
Central nervous system,Astrocytoma,No,MALE,Alive,-11668,,,575,WHITE,TCGA-TM-A84Q,TM,A84Q,FCF14E9D-4671-453D-B8E0-5008E916F56D,No,YES,C71.0,Mar-00,C71.0,NO,YES,0,31,2012,NO,TUMOR FREE,17,2,2014,NOT HISPANIC OR LATINO,Preoperative,YES,"Supratentorial, Temporal Lobe",G2,Not listed in Medical Record,NO,Left,NO,YES,NO,NO,NO,Mental Status Changes,0 - 30 Days,YES,NO,NO,NO,> 20 Years,NO,,,NO,,,,,NO,NO,NO,,,,,80,1,0,NO,Complete Remission/Response,YES455YES455NONO,,TCGA-TM-A84Q-R56526F9AC2F30-1490-486E-8AA3-D54F7C245D7E2265External54Gy30Primary Tumor FieldNOComplete Response1722014,TCGA-TM-A84Q-F6530581BCC4FF-5990-442E-AE66-7393835A6AACNOAliveComplete Remission/Response772YES455TUMOR FREENONO2292014Scheduled Follow-up SubmissionComplete Remission/ResponseNOYES
Central nervous system,Oligodendroglioma,No,MALE,Alive,-16843,,,287,WHITE,TCGA-TM-A84R,TM,A84R,21BBE030-8DBB-47EB-A670-13EB57C12159,No,YES,C71.0,Mar-50,C71.0,NO,YES,0,46,2012,NO,TUMOR FREE,17,2,2014,NOT HISPANIC OR LATINO,Preoperative,NO,"Supratentorial, Frontal Lobe",G2,Not listed in Medical Record,YES,Left,YES,NO,NO,NO,NO,Seizures,0 - 30 Days,NO,NO,NO,NO,,NO,,,NO,,,,,NO,NO,YES,Sequence Analysis,NO,,,80,1,0,NO,Complete Remission/Response,NO,,,TCGA-TM-A84R-F653884B7BD017-308D-4AFA-A914-C7F9498DF88FNOAliveComplete Remission/Response566NOTUMOR FREE2292014Scheduled Follow-up SubmissionComplete Remission/ResponseNONO
Central nervous system,Oligodendroglioma,No,MALE,Alive,-13424,,,139,WHITE,TCGA-TM-A84S,TM,A84S,CD50AEA8-A5DB-48D3-AD28-CBE9F9E75AE3,No,YES,C71.0,Mar-51,C71.0,NO,YES,0,36,2013,NO,TUMOR FREE,17,2,2014,NOT HISPANIC OR LATINO,Preoperative,NO,"Supratentorial, Frontal Lobe",G3,Not listed in Medical Record,YES,Left,NO,NO,YES,NO,YES,Seizures,31 - 90 Days,NO,NO,NO,NO,,NO,,,NO,,,,,YES,YES,YES,IHC,YES,,,80,1,0,NO,Complete Remission/Response,NO,,,TCGA-TM-A84S-F653041A084D7C-F83C-4D02-95AE-B049B9968F6DNOAliveComplete Remission/Response454NOTUMOR FREE2292014Scheduled Follow-up SubmissionComplete Remission/ResponseNONO
Central nervous system,Oligoastrocytoma,No,MALE,Alive,-6994,,,365,WHITE,TCGA-TM-A84T,TM,A84T,F9052682-B689-4696-9AB9-3F55976B43EE,No,YES,C71.0,Mar-82,C71.0,NO,YES,0,19,2012,NO,WITH TUMOR,17,2,2014,NOT HISPANIC OR LATINO,Preoperative,NO,"Supratentorial, Frontal Lobe",G2,Not listed in Medical Record,YES,Left,NO,NO,NO,YES,NO,Seizures,0 - 30 Days,NO,NO,NO,NO,,NO,,,NO,,,,,NO,NO,YES,IHC,YES,,,90,0,0,NO,Stable Disease,NO,,,TCGA-TM-A84T-F653065EA90894-4C4E-4D53-9F39-8814A10380ECNOAliveStable Disease724NOWITH TUMOR2292014Scheduled Follow-up SubmissionStable DiseaseNONO
Central nervous system,Oligodendroglioma,No,FEMALE,Alive,-9919,,,650,WHITE,TCGA-TQ-A7RF,TQ,A7RF,F5268956-789D-4B22-8F19-A3AC9353D33D,No,YES,C71.0,Mar-51,C71.0,NO,YES,0,27,2012,NO,WITH TUMOR,25,9,2014,NOT HISPANIC OR LATINO,Preoperative,YES,"Supratentorial, Temporal Lobe",G3,White Matter,YES,Right,YES,YES,YES,YES,NO,Headaches,> 181 Days,NO,NO,NO,NO,,NO,,,NO,,,YES,YES,NO,NO,NO,,,,,,,,YES,Partial Remission/Response,NO,,,TCGA-TQ-A7RF-F61331AD08CBCD-1218-42A0-8B1C-A0B67D521BFDNOAlivePartial Remission/Response650NOWITH TUMOR1922015YESYES
Central nervous system,Oligoastrocytoma,No,MALE,Alive,-13227,,,599,WHITE,TCGA-TQ-A7RG,TQ,A7RG,619E18C1-09B9-468C-816D-6789C0BEF0A8,No,YES,C71.0,Mar-82,C71.0,NO,YES,0,36,2012,NO,WITH TUMOR,25,9,2014,HISPANIC OR LATINO,Preoperative,NO,"Supratentorial, Temporal Lobe",G2,White Matter,YES,Left,,NO,YES,NO,NO,Seizures,> 181 Days,NO,NO,NO,NO,,NO,,,NO,,,YES,YES,NO,NO,,,,NO,,100,,-32,YES,Partial Remission/Response,,,,TCGA-TQ-A7RG-F65500A81604C3-CCBB-45BE-8DCE-6C26ED7466BANOAlivePartial Remission/Response599NOWITH TUMOR1922015YESNO
Central nervous system,Oligoastrocytoma,No,MALE,Alive,-14524,,,486,BLACK OR AFRICAN AMERICAN,TCGA-TQ-A7RH,TQ,A7RH,6EF2D9AB-F72E-48CF-92B8-F3159D28160C,No,YES,C71.0,Mar-82,C71.0,NO,YES,0,39,2013,NO,WITH TUMOR,25,9,2014,HISPANIC OR LATINO,,YES,"Supratentorial, Temporal Lobe",G2,White Matter,YES,Right,YES,YES,NO,NO,NO,Seizures,> 181 Days,NO,NO,NO,NO,,NO,,,NO,,,YES,YES,NO,NO,NO,,,NO,,,,,YES,Partial Remission/Response,NO,,,TCGA-TQ-A7RH-F6550275BCBC59-D184-4059-9905-FA4F08ED5E72NOAlivePartial Remission/Response486NOWITH TUMOR2592014YESYES
Central nervous system,Oligodendroglioma,No,FEMALE,Alive,-13799,,,62,WHITE,TCGA-TQ-A7RI,TQ,A7RI,7989B7FB-B9D9-4D3F-9352-CD0C1F28D828,No,YES,C71.0,Mar-50,C71.0,NO,YES,0,37,2012,NO,,25,9,2014,HISPANIC OR LATINO,Preoperative,NO,"Supratentorial, Parietal Lobe",G2,White Matter,YES,Left,NO,NO,NO,NO,NO,Seizures,0 - 30 Days,NO,NO,NO,NO,,NO,,,NO,,,YES,YES,NO,NO,NO,,,NO,,,,,NO,,NO,,,TCGA-TQ-A7RI-F654978AC5DBD0-C2F5-4D12-8D00-1299B2D3877AYESAlive62TUMOR FREE2592014NONO
Central nervous system,Oligoastrocytoma,No,FEMALE,Alive,-9209,,,1229,WHITE,TCGA-TQ-A7RJ,TQ,A7RJ,DF78E63D-4387-4177-B24F-F0E2C6C7AC32,No,YES,C71.0,Mar-82,C71.0,NO,YES,0,25,2011,NO,WITH TUMOR,25,9,2014,HISPANIC OR LATINO,Preoperative,YES,"Supratentorial, Parietal Lobe",G2,White Matter,NO,Left,NO,NO,NO,YES,YES,Sensory Changes,> 181 Days,NO,NO,NO,NO,,NO,,,NO,,,NO,NO,NO,NO,NO,,,NO,,,,,YES,Stable Disease,NO,,,TCGA-TQ-A7RJ-F65494F6BCC566-0F0C-4000-9923-DAA50081990ANOAliveStable Disease1229NOWITH TUMOR2592014YESYES
Central nervous system,Oligoastrocytoma,No,MALE,Alive,-10742,,,1341,WHITE,TCGA-TQ-A7RK,TQ,A7RK,2F8C789E-BBD8-4753-A48B-6894C21162F8,No,YES,C71.0,Mar-50,C71.0,NO,YES,0,29,2010,NO,TUMOR FREE,7,10,2014,HISPANIC OR LATINO,Preoperative,NO,"Supratentorial, Frontal Lobe",G2,White Matter,NO,Left,NO,YES,NO,NO,NO,Mental Status Changes,0 - 30 Days,NO,NO,NO,NO,,NO,,,NO,,,NO,YES,NO,NO,NO,,,NO,,90,0,-115,NO,Complete Remission/Response,YES858YES882YESYES,,,TCGA-TQ-A7RK-F6151927807EBA-1E55-4B8C-8770-B870A32F8DBDNOAliveComplete Remission/Response1341YES858YES882YESYES3062014Additional New Tumor EventComplete Remission/ResponseNONO
Central nervous system,Oligoastrocytoma,No,FEMALE,Alive,-15154,,,1116,WHITE,TCGA-TQ-A7RM,TQ,A7RM,3431A71C-FABF-440C-B11C-8ACFEE04724F,No,YES,C71.0,Mar-82,C71.0,NO,YES,0,41,2011,NO,WITH TUMOR,17,2,2015,HISPANIC OR LATINO,Pre-Adjuvant Therapy,YES,"Supratentorial, Temporal Lobe",G3,Cerebral Cortex,YES,Left,NO,YES,NO,NO,NO,Seizures,> 181 Days,NO,NO,NO,NO,,NO,,,NO,,,NO,YES,NO,NO,NO,,,NO,,90,0,45,YES,Partial Remission/Response,NO,,,TCGA-TQ-A7RM-F655525D3A3CB1-13ED-44FB-9983-628A221F4AA6NOAlivePartial Remission/Response1116NOWITH TUMOR1722015Scheduled Follow-up SubmissionPartial Remission/ResponseYESYES
Central nervous system,Oligodendroglioma,No,MALE,Alive,-11823,,,1026,WHITE,TCGA-TQ-A7RN,TQ,A7RN,C05F9E21-B8FA-4537-9AE7-39D6FC9D7933,No,YES,C71.0,Mar-50,C71.0,NO,YES,0,32,2011,NO,WITH TUMOR,17,2,2015,HISPANIC OR LATINO,Pre-Adjuvant Therapy,YES,"Supratentorial, Temporal Lobe",G2,Cerebral Cortex,YES,Left,YES,NO,NO,NO,NO,Headaches,> 181 Days,NO,NO,NO,NO,,NO,,,NO,,,NO,YES,NO,NO,NO,,,NO,,100,0,11,YES,Partial Remission/Response,NO,,,TCGA-TQ-A7RN-F655597A00CED6-5D8F-4C42-9152-C23E89659C38NOAlivePartial Remission/Response1026NOWITH TUMOR1722015Scheduled Follow-up SubmissionPartial Remission/ResponseYESYES
Central nervous system,Oligoastrocytoma,No,MALE,Alive,-10890,,,949,BLACK OR AFRICAN AMERICAN,TCGA-TQ-A7RO,TQ,A7RO,D698946E-57DD-4FF2-B5FA-7A1D15C828BE,No,YES,C71.0,Mar-82,C71.0,NO,YES,0,29,2011,YES,WITH TUMOR,17,2,2015,HISPANIC OR LATINO,Other,NO,"Supratentorial, Temporal Lobe",G2,Cerebral Cortex,YES,Left,NO,NO,NO,NO,NO,Seizures,31 - 90 Days,NO,NO,NO,NO,,YES,Seafood,12 - 20 Years,NO,,,YES,YES,YES,NO,NO,,,NO,,100,0,123,NO,Partial Remission/Response,NO,,,TCGA-TQ-A7RO-F65562CDCF07AB-5645-49B0-8D75-746D885074F4NOAlivePartial Remission/Response949NOWITH TUMOR1722015Scheduled Follow-up SubmissionPartial Remission/ResponseNONO
Central nervous system,Oligoastrocytoma,No,MALE,Alive,-24109,,,914,BLACK OR AFRICAN AMERICAN,TCGA-TQ-A7RP,TQ,A7RP,7116CE06-D730-40E4-92D7-AEF1F869B1D5,No,YES,C71.0,Mar-82,C71.0,NO,YES,0,66,2012,NO,WITH TUMOR,17,2,2015,HISPANIC OR LATINO,Pre-Adjuvant Therapy,YES,"Supratentorial, Temporal Lobe",G2,Cerebral Cortex,YES,Left,NO,NO,NO,NO,NO,Seizures,> 181 Days,NO,NO,NO,NO,,NO,,,NO,,,NO,YES,NO,NO,NO,,,NO,,90,0,152,YES,Partial Remission/Response,NO,,,TCGA-TQ-A7RP-F655646DAD6A02-3546-4A38-A3E8-6A717F6A7E3CYESAlivePartial Remission/Response914NOWITH TUMOR1722015Scheduled Follow-up SubmissionPartial Remission/ResponseYESYES
Central nervous system,Oligodendroglioma,No,FEMALE,Alive,-14187,,,795,WHITE,TCGA-TQ-A7RQ,TQ,A7RQ,E2B1D161-D8CC-4EBA-87AC-9449C6CD2977,No,YES,C71.0,Mar-50,C71.0,NO,YES,0,38,2012,NO,TUMOR FREE,17,2,2015,HISPANIC OR LATINO,Pre-Adjuvant Therapy,NO,"Supratentorial, Temporal Lobe",G2,Cerebral Cortex,YES,Left,NO,NO,NO,NO,NO,Seizures,91 - 180 Days,NO,NO,NO,NO,,NO,,,NO,,,YES,YES,,,NO,,,NO,,90,0,53,YES,Complete Remission/Response,NO,,,TCGA-TQ-A7RQ-F65566B55DC7A5-0261-448E-BAC7-C088D6398FB8NOAliveComplete Remission/Response795NOTUMOR FREE30102014Scheduled Follow-up SubmissionComplete Remission/ResponseYESNO
Central nervous system,Oligoastrocytoma,No,MALE,Alive,-14022,,,787,WHITE,TCGA-TQ-A7RR,TQ,A7RR,607B1F22-B744-43C5-91F7-FC69142BA30E,No,YES,C71.0,Mar-82,C71.0,NO,YES,0,38,2012,NO,TUMOR FREE,30,10,2014,HISPANIC OR LATINO,Pre-Adjuvant Therapy,YES,"Supratentorial, Parietal Lobe",G2,Cerebral Cortex,YES,Right,NO,NO,NO,NO,NO,Seizures,> 181 Days,NO,NO,NO,NO,,NO,,,NO,,,NO,NO,NO,NO,NO,,,NO,,100,0,31,YES,Partial Remission/Response,NO,,,TCGA-TQ-A7RR-F655695F8388ED-1130-458F-AF45-67B79FD0B180NOAlivePartial Remission/Response787NOTUMOR FREE30102014Scheduled Follow-up SubmissionPartial Remission/ResponseYESYES
Central nervous system,Oligodendroglioma,No,FEMALE,Alive,-9172,,,-1,WHITE,TCGA-TQ-A7RS,TQ,A7RS,44553E34-5111-40A8-B76A-254751BE3F87,No,YES,C71.0,Mar-50,C71.0,NO,YES,0,25,2012,NO,TUMOR FREE,30,10,2014,HISPANIC OR LATINO,Preoperative,NO,"Supratentorial, Frontal Lobe",G2,Cerebral Cortex,NO,Left,NO,NO,NO,NO,YES,Motor/Movement Changes,> 181 Days,NO,NO,NO,NO,,,,,NO,,,NO,NO,,,NO,,,NO,,90,0,-1,NO,Complete Remission/Response,NO,,,TCGA-TQ-A7RS-F65577EA77D613-48FF-4BF1-94CD-FA307913CC74YESAliveComplete Remission/Response-1NOTUMOR FREE30102014Scheduled Follow-up SubmissionComplete Remission/ResponseNONO
Central nervous system,Oligodendroglioma,No,MALE,Alive,-18990,,,1032,WHITE,TCGA-TQ-A7RU,TQ,A7RU,B19DCBC2-B0D4-4759-9213-1A5B99DF7E76,No,YES,C71.0,Mar-50,C71.0,NO,YES,0,51,2011,NO,WITH TUMOR,30,10,2014,HISPANIC OR LATINO,Preoperative,NO,"Supratentorial, Temporal Lobe",G2,Cerebral Cortex,YES,Left,YES,NO,NO,NO,NO,Seizures,> 181 Days,NO,NO,NO,NO,,NO,,,NO,,,NO,YES,NO,NO,NO,,,NO,,80,0,158,NO,Partial Remission/Response,NO,,,TCGA-TQ-A7RU-F6564912A918FB-6FB0-4529-B6F6-DE42B7F4558ANOAlivePartial Remission/Response1032NOWITH TUMOR30102014Scheduled Follow-up SubmissionPartial Remission/ResponseNONO
Central nervous system,Astrocytoma,No,MALE,Alive,-10167,,,1868,WHITE,TCGA-TQ-A7RV,TQ,A7RV,5A3EDEB6-133E-4116-9F80-2485BD70754D,No,YES,C71.0,Mar-82,C71.0,NO,YES,0,27,2009,NO,WITH TUMOR,7,10,2014,HISPANIC OR LATINO,Preoperative,NO,"Supratentorial, Temporal Lobe",G2,White Matter,YES,Left,YES,YES,NO,YES,YES,Sensory Changes,> 181 Days,NO,NO,NO,NO,,NO,,,NO,,,NO,YES,NO,NO,NO,,,NO,,80,1,-42,NO,Partial Remission/Response,YES530NONOYESNO,,,TCGA-TQ-A7RV-F61501272B03C4-304B-4E33-8FB8-12263770C603NOAlivePartial Remission/Response1868YES530WITH TUMORYESYES7102014Scheduled Follow-up SubmissionProgressive DiseaseNONO1141
Central nervous system,Oligodendroglioma,No,MALE,Dead,-11804,,821,,WHITE,TCGA-TQ-A7RW,TQ,A7RW,F878BF8D-70EB-4B74-BF74-BDF63CB9BFAE,No,YES,C71.0,Mar-82,C71.0,NO,YES,0,32,2010,NO,WITH TUMOR,26,9,2014,HISPANIC OR LATINO,Pre-Adjuvant Therapy,YES,"Supratentorial, Temporal Lobe",G2,Cerebral Cortex,YES,Left,NO,NO,NO,NO,NO,Seizures,31 - 90 Days,NO,NO,NO,NO,,NO,,,NO,,,NO,YES,NO,NO,NO,,,NO,,90,0,529,YES,Progressive Disease,YES511YES511NOYESYES,,,TCGA-TQ-A7RW-F65651864BB89E-7976-44A9-99ED-710106FC9E68NODeadProgressive Disease821YES511YESWITH TUMORYESYES2692014Scheduled Follow-up SubmissionProgressive DiseaseYESYES
Central nervous system,Oligodendroglioma,No,FEMALE,Dead,-15629,,954,,WHITE,TCGA-TQ-A8XE,TQ,A8XE,135A149A-D153-465E-AA58-06D47BB18E00,No,YES,C71.0,Mar-50,C71.0,NO,NO,0,42,2010,NO,WITH TUMOR,7,10,2014,HISPANIC OR LATINO,Preoperative,NO,"Supratentorial, Temporal Lobe",G2,White Matter,NO,Left,YES,NO,NO,YES,YES,Headaches,91 - 180 Days,NO,NO,NO,NO,,,,,NO,,,NO,NO,NO,NO,,,,NO,,70,1,0,NO,Partial Remission/Response,YES455NOYESYES,,,TCGA-TQ-A8XE-F61509F3754645-96AC-473E-9A67-2C4D330C979CNODeadPartial Remission/Response954YES455NOWITH TUMORYESYES3062014Additional New Tumor EventProgressive DiseaseNONO
Central nervous system,Oligodendroglioma,No,FEMALE,Alive,-18494,,,1006,WHITE,TCGA-VM-A8C8,VM,A8C8,A66A3847-7570-4486-8845-86B6125104A2,No,YES,C71.0,Mar-50,C71.0,NO,YES,0,50,2011,NO,,13,1,2014,,Pre-Adjuvant Therapy,YES,"Supratentorial, Temporal Lobe",G2,Not listed in Medical Record,NO,Right,NO,NO,NO,NO,YES,Motor/Movement Changes,> 181 Days,,,YES,,,,,,,,,,,YES,NO,YES,IHC,YES,,,90,,19,NO,,YES456NONONONO,NOTCGA-VM-A8C8-D66844AD48C107-E4BE-4D61-947F-A3A66DFAD1AB12821431ChemotherapyTemozolomideNOStable Disease24102014,TCGA-VM-A8C8-R56920AA7777DE-6C72-473D-A10F-C45118487550749783External4500cGy25Primary Tumor FieldNO2622014,TCGA-VM-A8C8-F668431A624A25-8814-43CE-BA84-B57AE1250927NOAlive1309NOWITH TUMORNONO24102014Scheduled Follow-up SubmissionStable DiseaseYESYESTCGA-VM-A8C8-F696437BAAA8C8-C7CA-4DF0-8820-F8FFF6C964F3NOAlive1397NONONO1512015Scheduled Follow-up SubmissionYESYES
Central nervous system,Astrocytoma,No,FEMALE,Alive,-13663,,,915,,TCGA-VM-A8C9,VM,A8C9,50975570-C0D5-4EE7-9226-40B3DB1BDE84,No,YES,C71.0,Mar-00,C71.0,NO,YES,0,37,2011,NO,,13,1,2014,,,NO,"Supratentorial, Temporal Lobe",G2,Not listed in Medical Record,YES,Left,YES,NO,NO,NO,NO,Seizures,> 181 Days,,,,,,,,,,,,,,NO,NO,NO,,,,,,,,NO,Complete Remission/Response,NO,,,TCGA-VM-A8C9-F66845ED6577E0-4F69-4A00-A87E-C0E6DCC270ECNOAliveComplete Remission/Response915NONONO24102014Scheduled Follow-up SubmissionStable DiseaseNONOTCGA-VM-A8C9-F70437CC4D8248-4B2D-4D0B-B674-4366E004D3F4NOAliveComplete Remission/Response1314NOTUMOR FREENONO1622015Scheduled Follow-up SubmissionComplete Remission/ResponseNONO
Central nervous system,Oligodendroglioma,No,MALE,Alive,-19991,,,411,,TCGA-VM-A8CA,VM,A8CA,CDD1FD4C-3427-496C-8391-4AEB6730D3CC,No,YES,C71.0,Mar-50,C71.0,NO,YES,0,54,2011,NO,WITH TUMOR,13,1,2014,,Pre-Adjuvant Therapy,NO,"Supratentorial, Frontal Lobe",G2,Not listed in Medical Record,NO,Left,NO,YES,NO,NO,NO,Mental Status Changes,0 - 30 Days,NO,,,,,,,,,,,,,NO,NO,NO,,,NO,,70,,19,YES,,,NOTCGA-VM-A8CA-D56923D67720C8-8514-4D9F-9DF3-1F6C30C595DC373ChemotherapytemodarYES2622014,,TCGA-VM-A8CA-F63647C4D981CB-2394-491F-B2A5-3BCD1D1A07A1YESAlive411WITH TUMOR24102014Scheduled Follow-up Submission
Central nervous system,Oligodendroglioma,No,MALE,Alive,-12340,,,3,,TCGA-VM-A8CB,VM,A8CB,33600812-1894-4471-A365-75AE4D990B72,No,YES,C71.0,Mar-51,C71.0,NO,YES,0,33,2011,NO,TUMOR FREE,13,1,2014,,,,"Supratentorial, Frontal Lobe",G3,Not listed in Medical Record,YES,Left,YES,NO,NO,NO,NO,Seizures,0 - 30 Days,,,,,,,,,,,,YES,YES,NO,NO,NO,,,NO,,,,,,,,,,TCGA-VM-A8CB-F668471B51F626-4FDD-4893-A8F3-14328116C2E0YESAlive3TUMOR FREE24102014Scheduled Follow-up Submission
Central nervous system,Astrocytoma,No,MALE,Dead,-21200,,240,,WHITE,TCGA-VM-A8CD,VM,A8CD,B3F0DECE-94E8-4EAF-91BC-4B3F4DAE12D2,No,YES,C71.0,Mar-01,C71.0,NO,YES,0,58,2012,NO,WITH TUMOR,13,1,2014,,Pre-Adjuvant Therapy,YES,"Supratentorial, Temporal Lobe",G3,Not listed in Medical Record,YES,Right,YES,YES,YES,NO,NO,Seizures,> 181 Days,NO,,,,,,,,,,,NO,YES,YES,NO,YES,IHC,NO,,,100,,-43,NO,,,,TCGA-VM-A8CD-R56928C86B2261-01A0-4F4A-8193-6F9792AC70622773External5040cGy28Primary Tumor FieldNO2622014,TCGA-VM-A8CD-F66848E15EC510-C27B-4560-86DE-FD340727DC9FNODead240NOWITH TUMORNONO24102014Scheduled Follow-up SubmissionNOYES
Central nervous system,Oligodendroglioma,No,MALE,Alive,-9363,,,815,WHITE,TCGA-VM-A8CE,VM,A8CE,66C52A31-6503-40B5-A55E-FA476EAF0567,No,YES,C71.0,Mar-50,C71.0,NO,YES,0,25,2011,NO,WITH TUMOR,14,1,2014,,Pre-Adjuvant Therapy,NO,"Supratentorial, Frontal Lobe",G2,Not listed in Medical Record,YES,Left,NO,NO,NO,NO,NO,Seizures,0 - 30 Days,NO,,,,,,,,,,,NO,YES,NO,NO,NO,,,NO,,90,,15,YES,,YES815NONOYESNO,NOTCGA-VM-A8CE-D56930AA881940-C510-48F7-B6A4-15DEB63B47FD37349ChemotherapytemodarNOStable Disease2622014NOTCGA-VM-A8CE-D668559B5668CC-DC75-4156-A200-F5D027115874925986ChemotherapyVincristineNOStable Disease24102014NOTCGA-VM-A8CE-D668568D5F8F37-1A60-4079-8E31-EE3323D7B2C6898ChemotherapyProcarbazineYES24102014NOTCGA-VM-A8CE-D66854E095025B-7F6F-428B-9E8F-DF83D17C946F918ChemotherapyLomustineYES19112014,TCGA-VM-A8CE-R5692958E67F9E-C1D8-439B-A8E9-B77B4F8189B7848891External5400cGy30Local RecurrenceNO2622014,TCGA-VM-A8CE-F668525E70801E-BB60-4932-BA0F-F99A7D00699ANOAlive1093NONONO24102014Scheduled Follow-up SubmissionYESNOTCGA-VM-A8CE-F6963626C67B96-9A8A-45A1-87B9-2021D7E38227NOAlive1191NONONO1512015Scheduled Follow-up SubmissionYESNO
Central nervous system,Astrocytoma,No,FEMALE,Alive,-16334,,,294,WHITE,TCGA-VM-A8CF,VM,A8CF,0073A136-D5F4-4FD6-88F9-711768F2ABC6,No,YES,C71.0,Mar-01,C71.0,NO,YES,0,44,2013,NO,WITH TUMOR,14,1,2014,,Pre-Adjuvant Therapy,YES,"Supratentorial, Frontal Lobe",G3,Not listed in Medical Record,NO,Left,NO,NO,NO,NO,YES,Motor/Movement Changes,> 181 Days,,,,,,,,,,,,NO,NO,NO,NO,YES,IHC,YES,NO,,60,,26,NO,,NO,NOTCGA-VM-A8CF-D569416AF8B596-1900-4064-83A0-438EF1CC67314188ChemotherapyTemodarNOStable Disease3042014,TCGA-VM-A8CF-R569367BBA7F69-915E-45DA-9B0F-440EC5EC7A614281External5040cGy28Primary Tumor FieldNOStable Disease2622014TCGA-VM-A8CF-R569400B9D92BC-0B07-48B5-B85D-645F3CB467B18288External900cGy5Primary Tumor FieldNOStable Disease2622014,TCGA-VM-A8CF-F66857F2EEC069-0622-4000-AA45-164C54A37387NOAlive609NOTUMOR FREE24102014Scheduled Follow-up SubmissionStable DiseaseYESYES
Central nervous system,Astrocytoma,No,FEMALE,Alive,-9005,,,333,WHITE,TCGA-VM-A8CH,VM,A8CH,484DD45B-A16C-4650-BAC9-832FBE4D96EB,No,YES,C71.0,Mar-00,C71.0,NO,YES,0,24,2013,NO,TUMOR FREE,14,1,2014,,Preoperative,NO,"Supratentorial, Frontal Lobe",G2,Not listed in Medical Record,YES,Right,YES,NO,YES,YES,YES,Seizures,> 181 Days,,,,,,,,,,,,NO,YES,YES,NO,YES,IHC,YES,NO,,90,,-38,NO,Complete Remission/Response,NO,,,TCGA-VM-A8CH-F696416886FEAA-2D0A-410A-AB6C-4E99EE4FF100NOAliveComplete Remission/Response714NO1512015Scheduled Follow-up SubmissionNONO
Central nervous system,Oligoastrocytoma,No,MALE,Alive,-16163,,,823,WHITE,TCGA-VV-A829,VV,A829,10887E42-444D-49FC-AEE5-DD0E9FC4EA54,No,YES,C71.0,Mar-82,C71.0,NO,YES,0,44,2011,NO,WITH TUMOR,31,3,2014,NOT HISPANIC OR LATINO,,YES,"Supratentorial, Frontal Lobe",G3,Not listed in Medical Record,NO,Left,NO,NO,NO,NO,YES,Motor/Movement Changes,0 - 30 Days,NO,,NO,NO,,NO,,,NO,,,,,YES,NO,NO,,,,,,,,YES,Stable Disease,NO,NOTCGA-VV-A829-D57959F31E4A15-F92E-476B-9296-0AE75CCA7F750792ChemotherapyTemodarNOStable Disease3132014,TCGA-VV-A829-R579571BA6BD0C-0A71-45E1-B794-A5365E84E4DD061ExternalPrimary Tumor FieldNOStable Disease3132014,TCGA-VV-A829-F65521574F7E56-9B17-4C8E-92AE-D1931B459A87NOAliveStable Disease1127NOTUMOR FREE2102014Scheduled Follow-up SubmissionComplete Remission/ResponseYESYES
Central nervous system,Astrocytoma,No,FEMALE,Alive,-13453,,,214,,TCGA-VV-A86M,VV,A86M,284680B2-F961-402D-8740-E5F9E4FB4A98,No,YES,C71.0,Mar-01,C71.0,NO,YES,0,36,2013,NO,WITH TUMOR,31,3,2014,HISPANIC OR LATINO,,YES,"Supratentorial, Frontal Lobe",G3,Not listed in Medical Record,YES,Left,NO,YES,NO,YES,NO,Sensory Changes,> 181 Days,NO,,NO,NO,,NO,,,NO,,,,,,,,,,,,,,,YES,,NO,NOTCGA-VV-A86M-D579564FB2666B-CE05-4669-AF85-AE4DB466E4E0122ChemotherapyTemozolomideYES3132014,TCGA-VV-A86M-R579555F8689F7-0636-45A8-9A68-B8173112025E92122ExternalPrimary Tumor FieldNOStable Disease3132014,TCGA-VV-A86M-F661281DF7F259-4EB4-4B05-B15D-10DBAFA71DDANOAlive487NOTUMOR FREE2102014Scheduled Follow-up SubmissionComplete Remission/ResponseYESYES
Central nervous system,Oligodendroglioma,No,FEMALE,Alive,-12820,,,706,ASIAN,TCGA-VW-A7QS,VW,A7QS,2C982CFB-4112-4E27-8293-25AA9E01FAAE,No,YES,C71.0,Mar-51,C71.0,NO,YES,0,35,2011,NO,WITH TUMOR,12,12,2013,NOT HISPANIC OR LATINO,,NO,"Supratentorial, Frontal Lobe",G3,Not listed in Medical Record,NO,Right,YES,YES,NO,NO,NO,Headaches,31 - 90 Days,NO,NO,NO,NO,,NO,,,NO,,,YES,YES,NO,NO,NO,,,NO,,,,,YES,Stable Disease,NO,NOTCGA-VW-A7QS-D60049DBE5F77E-696B-49A2-B02B-31A1ACD8F5F014595ChemotherapyTemodarNOPartial Response2952014,,
Central nervous system,Astrocytoma,No,MALE,Dead,-24411,,245,,WHITE,TCGA-VW-A8FI,VW,A8FI,4FB16AEE-DF08-441A-846B-558E0EFE8342,No,YES,C71.0,Mar-01,C71.0,YES,NO,0,66,2013,NO,WITH TUMOR,10,3,2014,NOT HISPANIC OR LATINO,,YES,"Supratentorial, Temporal Lobe",G3,White Matter,NO,Left,NO,YES,NO,NO,NO,Mental Status Changes,31 - 90 Days,NO,NO,NO,NO,,NO,,,NO,,,NO,NO,NO,NO,NO,,,NO,,,,,YES,Stable Disease,NO,NOTCGA-VW-A8FI-D57346C5A6EC5D-6923-4747-B936-BDD1F1B6EEA31978ChemotherapyTemozolomideNO1032014,TCGA-VW-A8FI-R5734548ABCB71-7AD4-413B-94A6-BD091947F5FA3378External900cGy180Primary Tumor FieldNO1032014,
Central nervous system,Oligodendroglioma,No,MALE,Alive,,,,1371,WHITE,TCGA-W9-A837,W9,A837,732DF38E-D32C-4D63-AC97-AD655E2E5732,No,YES,C71.0,Mar-50,C71.0,NO,YES,0,47,2010,NO,WITH TUMOR,6,3,2014,NOT HISPANIC OR LATINO,,NO,"Supratentorial, Frontal Lobe",G2,Not listed in Medical Record,YES,Right,NO,NO,NO,NO,NO,Seizures,> 181 Days,NO,NO,NO,NO,,,,,,,,,YES,NO,NO,NO,,,,,,1,610,NO,Stable Disease,NO,,,TCGA-W9-A837-F6617637A74666-7CA6-41F5-9F3C-9BAC4C363477NOAliveStable Disease1553NOWITH TUMOR3102014Scheduled Follow-up SubmissionStable DiseaseNONO
Central nervous system,Astrocytoma,No,MALE,Alive,-24055,,,160,WHITE,TCGA-WH-A86K,WH,A86K,42156C6A-416E-4832-9C95-CEE6084B0910,No,YES,C71.0,Mar-00,C71.0,NO,YES,0,65,2013,NO,WITH TUMOR,14,1,2014,NOT HISPANIC OR LATINO,Pre-Adjuvant Therapy,YES,"Supratentorial, Frontal Lobe",G2,Not listed in Medical Record,YES,Right,NO,NO,NO,NO,YES,Motor/Movement Changes,0 - 30 Days,NO,NO,NO,NO,,NO,,,NO,,,,,NO,NO,YES,IHC,YES,,,,0,20,YES,Stable Disease,NONONO,NOTCGA-WH-A86K-D559180EA6C53F-4009-49B6-A854-8D10B5F7F3523984ChemotherapyTemodarNOStable Disease2012014,TCGA-WH-A86K-R55917EA145174-F998-4E4A-B2C5-F78CF521533B3984External5940cGy33Primary Tumor FieldNOStable Disease2012014,TCGA-WH-A86K-F6706284B642E4-93E8-4660-9CCB-39CC9CC9275BNOAliveStable Disease405NOWITH TUMOR4112014Scheduled Follow-up SubmissionStable DiseaseNONO
Central nervous system,Astrocytoma,No,FEMALE,Alive,-11855,,,1337,WHITE,TCGA-WY-A858,WY,A858,C8700CA3-8C0B-4B2A-9E87-79D244A0F892,No,YES,C71.0,Mar-01,C71.0,NO,YES,0,32,2010,NO,TUMOR FREE,10,2,2014,,Pre-Adjuvant Therapy,YES,"Supratentorial, Frontal Lobe",G3,Not listed in Medical Record,NO,Left,YES,NO,NO,NO,NO,Headaches,0 - 30 Days,NO,,YES,,,YES,fresh pitted fruit,,,,,NO,NO,NO,NO,,,,NO,,100,0,45,YES,Complete Remission/Response,NO,,,
Central nervous system,Astrocytoma,No,FEMALE,Alive,-12631,,,1213,WHITE,TCGA-WY-A859,WY,A859,DE6F01BF-2DE9-4D07-A956-E6A4C0ACB371,No,YES,C71.0,Mar-00,C71.0,NO,YES,0,34,2010,NO,WITH TUMOR,20,2,2014,,Pre-Adjuvant Therapy,YES,"Supratentorial, Frontal Lobe",G2,Not listed in Medical Record,YES,Left,NO,NO,NO,NO,NO,Seizures,0 - 30 Days,NO,,NO,NO,,NO,,,NO,,,,YES,NO,NO,,,,NO,,100,0,293,NO,Stable Disease,NO,,,
Central nervous system,Astrocytoma,No,MALE,Alive,-7380,,,1320,WHITE,TCGA-WY-A85A,WY,A85A,09552B53-4393-4811-A671-A9EF6EFF4790,No,YES,C71.0,Mar-00,C71.0,NO,YES,0,20,2010,NO,TUMOR FREE,27,2,2014,,,NO,"Supratentorial, Frontal Lobe",G2,Not listed in Medical Record,YES,Right,NO,NO,NO,NO,NO,Seizures,0 - 30 Days,NO,NO,NO,NO,,NO,,,NO,,,YES,YES,NO,NO,NO,,,NO,,,0,718,NO,Partial Remission/Response,NO,,,
Central nervous system,Astrocytoma,No,MALE,Alive,-8817,,,1003,WHITE,TCGA-WY-A85B,WY,A85B,CB041720-0EFA-4EB6-A9A5-B6E138BB1A99,No,YES,C71.0,Mar-00,C71.0,NO,YES,0,24,2010,NO,TUMOR FREE,20,2,2014,,,NO,"Supratentorial, Temporal Lobe",G2,Not listed in Medical Record,YES,Right,YES,NO,NO,YES,NO,Seizures,0 - 30 Days,NO,,NO,NO,,NO,,,NO,,,,YES,YES,NO,,,,NO,,,0,,NO,Complete Remission/Response,,,,TCGA-WY-A85B-F657695D885388-BDF0-454E-B0E9-8F6AF4809367NOAliveComplete Remission/Response1393NOTUMOR FREE2212015Scheduled Follow-up SubmissionNONO
Central nervous system,Astrocytoma,No,MALE,Alive,-13506,,,866,WHITE,TCGA-WY-A85C,WY,A85C,F62BE2B8-88C4-4A7E-8C80-8176FB5F6C56,No,YES,C71.0,Mar-00,C71.0,NO,YES,0,36,2010,NO,WITH TUMOR,26,2,2014,,,NO,"Supratentorial, Frontal Lobe",G2,Not listed in Medical Record,NO,Right,YES,NO,NO,YES,YES,Headaches,0 - 30 Days,NO,,NO,NO,,NO,,,NO,,,YES,YES,NO,NO,NO,,,NO,,,1,,NO,,YES809YES819YESYES,,,TCGA-WY-A85C-F657862962BA57-7459-4F6A-A8DA-3CEBD18670FFNOAliveProgressive Disease1426YES1261YES1337WITH TUMOR2212015Scheduled Follow-up SubmissionProgressive DiseaseYESYES
Central nervous system,Oligoastrocytoma,No,MALE,Alive,-21979,,,1147,WHITE,TCGA-WY-A85D,WY,A85D,0D5A4C63-C3FB-4295-A433-D90CDBFC4ED6,No,YES,C71.0,Mar-82,C71.0,NO,YES,0,60,2010,NO,WITH TUMOR,26,2,2014,,,NO,"Supratentorial, Frontal Lobe",G2,Not listed in Medical Record,NO,Right,NO,NO,YES,YES,NO,Sensory Changes,> 181 Days,NO,NO,NO,NO,,NO,,,NO,,,YES,NO,YES,NO,NO,,,NO,,,1,,NO,Partial Remission/Response,YES887922YESYES,,,
Central nervous system,Oligoastrocytoma,No,FEMALE,Alive,-17878,,,626,WHITE,TCGA-WY-A85E,WY,A85E,2272DFF7-A509-496F-B500-467C1BCE2F79,No,YES,C71.0,Mar-82,C71.0,NO,YES,0,48,2011,NO,WITH TUMOR,27,2,2014,,,NO,"Supratentorial, Frontal Lobe",G2,,YES,Left,NO,NO,YES,NO,NO,Seizures,31 - 90 Days,NO,NO,NO,NO,,YES,"seafood, nuts",,NO,,,NO,YES,,NO,NO,,,NO,,,1,311,NO,,YES532536YESYES,,,TCGA-WY-A85E-F658052B1154F4-669D-456D-BC7D-48436E2A8734NOAlivePartial Remission/Response633YES532YES536WITH TUMORYESYES2212015Scheduled Follow-up SubmissionProgressive DiseaseNONO
